日期,開盤價,最高價,最低價,收盤價,成交量
2010-01-04,23.2,23.4,22.65,22.7,1952741
2010-01-05,23.0,23.1,22.2,22.2,2119100
2010-01-06,22.3,22.6,22.0,22.05,2359888
2010-01-07,22.35,22.65,22.05,22.05,2398577
2010-01-08,22.15,22.3,21.5,21.65,1526314
2010-01-11,21.95,22.0,21.65,21.65,810698
2010-01-12,21.95,22.2,21.8,21.9,1013336
2010-01-13,22.05,22.15,21.65,21.65,670666
2010-01-14,21.8,22.8,21.7,22.55,2607331
2010-01-15,22.65,23.25,22.65,22.7,2935503
2010-01-18,22.5,24.0,22.3,23.6,5060363
2010-01-19,24.0,24.0,22.85,22.9,3360002
2010-01-20,23.1,23.2,22.55,22.55,1332335
2010-01-21,22.5,22.65,21.4,21.4,1790992
2010-01-22,20.1,20.8,20.1,20.2,1628679
2010-01-25,19.55,20.95,19.55,20.1,1375514
2010-01-26,20.45,20.45,18.7,18.7,1466114
2010-01-27,18.8,18.8,17.5,17.8,1039236
2010-01-28,17.9,19.0,17.9,19.0,1092040
2010-01-29,18.9,19.5,18.5,19.0,1633103
2010-02-01,19.45,19.45,18.65,18.65,488803
2010-02-02,19.0,19.2,17.55,18.6,1000636
2010-02-03,18.85,19.0,18.25,18.4,809215
2010-02-04,18.5,18.75,18.0,18.35,648771
2010-02-05,17.6,17.9,17.1,17.15,1175108
2010-02-06,17.0,17.15,15.95,16.1,1062101
2010-02-08,16.15,16.35,16.05,16.2,694019
2010-02-09,16.2,17.2,16.05,16.9,1219514
2010-02-10,17.35,18.05,17.2,18.05,1209719
2010-02-22,18.8,18.8,18.15,18.2,982441
2010-02-23,18.4,18.9,18.15,18.6,809410
2010-02-24,18.35,18.6,18.1,18.1,466776
2010-02-25,18.3,18.6,17.8,18.2,762503
2010-02-26,18.2,18.25,17.7,17.7,688428
2010-03-01,17.8,18.4,17.8,18.4,455500
2010-03-02,18.6,18.75,18.3,18.3,533551
2010-03-03,18.5,18.55,18.2,18.2,240318
2010-03-04,18.4,18.55,18.1,18.2,311002
2010-03-05,18.35,18.7,18.3,18.4,347000
2010-03-08,18.7,18.9,18.55,18.9,480298
2010-03-09,18.9,19.5,18.6,19.0,839780
2010-03-10,19.3,19.35,19.0,19.0,536121
2010-03-11,19.1,19.55,19.05,19.05,1286126
2010-03-12,19.1,19.8,19.1,19.4,1223396
2010-03-15,19.4,19.8,19.05,19.05,719386
2010-03-16,19.05,19.3,19.0,19.05,510000
2010-03-17,19.3,19.65,19.25,19.4,977000
2010-03-18,19.6,20.2,19.6,19.7,1273189
2010-03-19,19.8,20.45,19.8,20.2,1574798
2010-03-22,20.3,20.9,20.1,20.7,986316
2010-03-23,20.85,20.9,19.9,19.9,1081972
2010-03-24,20.05,20.2,19.45,19.6,768013
2010-03-25,19.6,19.8,19.4,19.6,457034
2010-03-26,19.65,20.45,19.65,19.95,1012252
2010-03-29,20.25,20.45,20.05,20.1,656806
2010-03-30,20.45,20.45,20.0,20.0,620341
2010-03-31,20.0,21.4,20.0,21.4,2031330
2010-04-01,22.75,22.85,22.2,22.35,8051466
2010-04-02,22.1,22.7,21.85,21.9,2725497
2010-04-06,21.9,22.3,21.7,21.85,2087845
2010-04-07,22.25,22.25,21.6,21.9,1629436
2010-04-08,21.95,22.0,20.45,20.55,2151782
2010-04-09,20.65,20.8,20.25,20.45,1190276
2010-04-12,20.75,20.75,20.5,20.5,837779
2010-04-13,20.5,20.6,20.0,20.1,610834
2010-04-14,20.25,20.45,20.05,20.45,703047
2010-04-15,20.7,20.7,20.5,20.5,865061
2010-04-16,20.5,20.65,20.25,20.25,705644
2010-04-19,19.0,19.9,18.85,18.9,1260008
2010-04-20,19.4,19.4,18.9,19.35,561002
2010-04-21,19.4,19.9,19.4,19.8,460201
2010-04-22,19.8,20.6,19.35,20.4,1470517
2010-04-23,20.4,20.7,20.2,20.25,632000
2010-04-26,20.4,20.6,20.1,20.1,686501
2010-04-27,20.15,20.4,20.1,20.1,512585
2010-04-28,19.0,19.95,19.0,19.5,611389
2010-04-29,19.75,20.1,19.5,19.6,577241
2010-04-30,19.7,20.0,19.3,19.3,477631
2010-05-03,19.0,19.3,19.0,19.2,339000
2010-05-04,19.3,19.45,18.6,18.9,641000
2010-05-05,18.2,18.6,17.8,18.0,585006
2010-05-06,18.0,18.2,17.5,17.5,505653
2010-05-07,16.4,17.4,16.35,17.15,915453
2010-05-10,17.25,18.2,17.2,18.2,450200
2010-05-11,18.7,18.8,18.0,18.0,565173
2010-05-12,18.1,18.5,18.1,18.2,261003
2010-05-13,18.8,19.45,18.4,19.45,1258198
2010-05-14,20.3,20.8,20.05,20.35,3901280
2010-05-17,20.0,20.2,19.0,19.2,937391
2010-05-18,19.35,20.1,19.35,19.7,923050
2010-05-19,19.7,19.8,19.1,19.7,597300
2010-05-20,20.0,20.15,19.15,19.25,819000
2010-05-21,18.6,20.55,18.1,20.55,2533775
2010-05-24,21.3,21.6,20.0,20.2,6194223
2010-05-25,19.9,19.9,18.8,18.8,1645006
2010-05-26,18.95,19.4,18.6,18.7,963395
2010-05-27,18.9,19.4,18.6,19.1,793380
2010-05-28,19.5,19.65,18.0,18.0,919860
2010-05-31,18.35,18.9,18.35,18.55,757497
2010-06-01,18.6,18.8,18.35,18.5,671476
2010-06-02,18.4,19.4,18.4,19.0,1448150
2010-06-03,19.5,19.5,19.0,19.1,641035
2010-06-04,19.15,19.9,19.15,19.6,1728010
2010-06-07,19.0,19.2,18.9,19.2,668000
2010-06-08,19.05,19.7,19.05,19.25,1616000
2010-06-09,19.25,19.4,18.15,18.2,1126000
2010-06-10,18.2,18.8,18.2,18.8,609425
2010-06-11,19.0,19.15,18.7,18.95,692510
2010-06-14,19.15,19.15,18.7,18.75,426000
2010-06-15,18.8,18.95,18.5,18.8,460803
2010-06-17,18.9,19.3,18.85,19.0,618227
2010-06-18,19.4,19.4,18.75,18.75,398251
2010-06-21,18.85,19.1,18.75,18.8,457000
2010-06-22,18.8,19.1,18.8,18.9,467148
2010-06-23,18.9,19.1,18.8,18.95,459005
2010-06-24,18.9,19.7,18.9,19.3,1626071
2010-06-25,19.3,19.3,18.7,18.8,522386
2010-06-28,18.85,19.2,18.7,18.75,442001
2010-06-29,18.8,19.0,18.4,18.7,359631
2010-06-30,18.1,18.4,18.1,18.2,439000
2010-07-01,18.2,18.4,18.1,18.1,285000
2010-07-02,18.15,18.85,18.15,18.5,561298
2010-07-05,18.5,19.45,18.4,19.2,1128000
2010-07-06,19.2,19.35,18.9,19.1,583000
2010-07-07,19.4,20.1,19.15,19.45,2062451
2010-07-08,19.7,20.15,19.6,19.75,1781605
2010-07-09,19.9,20.1,19.45,19.5,1295416
2010-07-12,19.8,20.85,19.7,20.85,4193935
2010-07-13,21.2,21.3,20.2,20.2,3743299
2010-07-14,20.45,20.9,20.3,20.4,2599746
2010-07-15,20.5,20.85,20.3,20.5,1415447
2010-07-16,20.7,21.9,20.4,20.55,6504015
2010-07-19,20.3,20.3,19.55,19.75,1499001
2010-07-20,19.9,20.35,19.85,19.9,1321001
2010-07-21,20.15,20.5,19.8,20.05,1205689
2010-07-22,20.05,20.35,19.7,19.8,949074
2010-07-23,20.2,20.25,19.8,20.0,1066050
2010-07-26,19.9,20.15,19.7,19.8,778888
2010-07-27,20.0,20.15,19.7,19.8,399040
2010-07-28,19.8,20.0,19.7,19.75,573034
2010-07-29,19.85,20.5,19.8,20.2,1523120
2010-07-30,20.2,21.6,20.2,21.6,5038235
2010-08-02,21.9,22.0,21.1,21.25,9864148
2010-08-03,21.4,21.7,20.7,20.85,5129180
2010-08-04,20.95,21.4,20.7,20.8,1656500
2010-08-05,20.95,20.95,20.05,20.05,1680251
2010-08-06,20.1,20.3,19.85,20.2,825003
2010-08-09,20.3,20.45,19.95,19.95,816155
2010-08-10,20.0,20.4,19.95,19.95,995002
2010-08-11,19.85,20.3,19.8,19.8,717000
2010-08-12,19.8,20.3,19.6,19.95,662016
2010-08-13,20.15,20.8,20.05,20.6,1939200
2010-08-16,20.6,22.0,20.25,22.0,5774700
2010-08-17,21.85,22.8,21.3,22.0,9087026
2010-08-18,22.5,23.5,22.5,23.5,7888964
2010-08-19,24.0,24.6,23.1,23.2,8512036
2010-08-20,23.2,23.45,22.8,23.2,2333544
2010-08-23,23.9,24.2,23.05,23.2,3242144
2010-08-24,23.2,24.5,23.2,24.3,5532230
2010-08-25,24.0,24.9,22.6,22.7,7233111
2010-08-26,22.7,23.15,21.2,21.7,3588007
2010-08-27,21.7,22.1,21.35,21.85,1389080
2010-08-30,22.0,22.15,20.35,20.35,2297648
2010-08-31,20.0,20.25,18.95,19.0,2320307
2010-09-01,19.0,19.95,19.0,19.95,1386530
2010-09-02,20.4,20.7,19.6,19.6,1488157
2010-09-03,19.85,20.95,19.8,20.95,2335129
2010-09-06,20.95,21.6,20.9,21.45,3323613
2010-09-07,21.7,21.9,20.15,20.4,1716611
2010-09-08,20.4,20.7,20.15,20.45,1001911
2010-09-09,20.75,21.4,20.5,20.65,1311170
2010-09-10,20.6,20.8,20.15,20.15,958075
2010-09-13,20.2,20.9,20.2,20.25,1108251
2010-09-14,20.3,21.45,20.3,21.45,2832694
2010-09-15,22.0,22.35,21.65,22.05,4747457
2010-09-16,22.05,22.05,20.9,21.0,1632045
2010-09-17,21.0,21.45,21.0,21.0,1007031
2010-09-20,20.6,21.25,20.6,20.8,1106150
2010-09-21,21.0,21.75,20.85,21.45,1826020
2010-09-23,21.6,21.65,21.05,21.2,1181201
2010-09-24,21.2,21.5,20.75,21.0,1053707
2010-09-27,21.3,21.3,20.55,20.55,2163051
2010-09-28,20.4,20.8,20.4,20.45,613543
2010-09-29,20.7,20.75,20.4,20.55,938089
2010-09-30,20.6,20.65,20.2,20.4,673060
2010-10-01,20.6,20.7,20.25,20.35,604103
2010-10-04,20.45,20.6,19.6,19.7,1171155
2010-10-05,19.7,19.85,19.5,19.8,687006
2010-10-06,20.1,20.3,19.7,19.7,645030
2010-10-07,19.8,20.1,19.8,19.9,562018
2010-10-08,20.0,20.1,19.75,19.75,377128
2010-10-11,19.85,19.9,19.55,19.55,343630
2010-10-12,19.65,19.85,19.35,19.35,398232
2010-10-13,19.4,19.65,19.3,19.3,447941
2010-10-14,19.6,20.65,19.6,20.15,3454643
2010-10-15,20.2,20.45,20.0,20.15,1607105
2010-10-18,20.5,20.6,20.0,20.0,1123000
2010-10-19,20.1,20.35,19.8,19.85,507118
2010-10-20,19.55,20.3,19.5,19.9,614770
2010-10-21,20.0,20.4,19.85,19.85,621120
2010-10-22,19.75,20.05,19.7,19.8,549000
2010-10-25,19.8,20.05,19.6,19.6,475580
2010-10-26,19.8,20.4,19.75,20.3,1195124
2010-10-27,20.6,20.9,20.3,20.35,2457210
2010-10-28,20.45,20.45,20.05,20.1,553000
2010-10-29,20.3,20.4,20.0,20.1,421010
2010-11-01,20.1,20.4,19.75,19.85,500666
2010-11-02,19.8,20.0,19.1,19.2,893016
2010-11-03,19.2,19.45,17.95,18.05,1285210
2010-11-04,18.05,18.3,18.0,18.2,562151
2010-11-05,18.4,18.6,18.2,18.6,616484
2010-11-08,18.6,18.6,17.85,18.0,422782
2010-11-09,18.0,18.5,17.9,18.2,446000
2010-11-10,18.25,18.5,18.1,18.1,496401
2010-11-11,18.1,18.85,18.1,18.5,604600
2010-11-12,18.5,18.55,18.3,18.3,270050
2010-11-15,18.1,18.45,18.1,18.2,156967
2010-11-16,18.3,18.4,18.15,18.15,176568
2010-11-17,18.0,18.15,17.9,18.05,452000
2010-11-18,18.05,18.1,17.85,17.85,261060
2010-11-19,17.9,18.0,17.8,17.9,431950
2010-11-22,18.0,18.1,17.6,17.7,259338
2010-11-23,18.0,18.0,17.7,17.85,162000
2010-11-24,17.5,17.8,17.5,17.55,229188
2010-11-25,17.75,17.9,17.45,17.45,292075
2010-11-26,17.45,18.2,17.45,17.6,622033
2010-11-29,17.85,18.15,17.65,17.9,463101
2010-11-30,18.0,18.4,17.75,17.95,616844
2010-12-01,18.15,18.2,17.95,18.0,315073
2010-12-02,18.15,18.3,18.05,18.2,396500
2010-12-03,18.25,18.3,18.1,18.1,354076
2010-12-06,18.1,18.3,18.1,18.1,261285
2010-12-07,18.1,18.5,18.1,18.25,454049
2010-12-08,18.3,18.75,18.3,18.45,1141152
2010-12-09,18.55,18.7,18.4,18.45,452158
2010-12-10,18.45,18.65,18.0,18.3,515343
2010-12-13,18.6,18.6,18.05,18.2,304393
2010-12-14,18.3,19.0,18.25,18.5,1937074
2010-12-15,18.35,18.6,18.2,18.2,435004
2010-12-16,18.2,18.45,18.15,18.2,181943
2010-12-17,18.25,18.45,18.25,18.3,346100
2010-12-20,18.2,18.45,18.1,18.2,256000
2010-12-21,18.3,18.35,18.15,18.25,202742
2010-12-22,18.35,18.6,18.25,18.45,644812
2010-12-23,18.6,18.65,18.2,18.25,568758
2010-12-24,18.45,19.5,18.45,19.5,6154263
2010-12-27,19.95,19.95,18.95,18.95,2635267
2010-12-28,19.0,19.2,18.65,18.65,943000
2010-12-29,18.8,19.0,18.3,18.4,894004
2010-12-30,18.4,18.9,18.4,18.7,696600
2010-12-31,18.7,18.8,18.35,18.7,720235
2011-01-03,18.8,18.8,17.85,17.9,1472325
2011-01-04,18.0,18.4,18.0,18.1,737153
2011-01-05,18.2,18.2,17.7,17.8,554050
2011-01-06,17.8,18.0,17.8,17.9,517011
2011-01-07,18.0,18.15,17.75,17.75,417033
2011-01-10,17.75,18.05,17.75,17.95,313756
2011-01-11,17.95,18.3,17.9,18.05,340196
2011-01-12,18.3,18.8,18.1,18.3,872251
2011-01-13,18.6,18.6,18.2,18.2,337251
2011-01-14,18.35,18.35,18.0,18.15,295211
2011-01-17,18.2,18.7,18.1,18.1,660296
2011-01-18,18.2,18.5,18.2,18.5,618290
2011-01-19,19.0,19.45,19.0,19.0,2506845
2011-01-20,19.0,19.1,18.5,18.5,756153
2011-01-21,18.4,18.7,18.25,18.4,483081
2011-01-24,18.5,18.8,18.1,18.2,336008
2011-01-25,18.4,18.9,18.3,18.5,794000
2011-01-26,18.9,19.0,18.6,18.6,1250667
2011-01-27,18.9,18.9,18.4,18.4,514346
2011-01-28,18.6,18.8,18.4,18.45,461100
2011-02-08,18.55,18.6,18.35,18.4,292000
2011-02-09,18.3,18.35,17.85,17.95,403000
2011-02-10,18.0,18.2,17.8,17.9,284415
2011-02-11,17.9,18.0,17.0,17.0,494500
2011-02-14,17.1,17.8,17.1,17.65,438130
2011-02-15,17.9,18.2,17.5,17.9,499453
2011-02-16,18.05,18.1,17.8,17.8,228513
2011-02-17,18.3,18.4,18.0,18.0,689075
2011-02-18,18.1,18.25,17.9,18.0,279311
2011-02-21,18.15,18.6,18.05,18.3,958926
2011-02-22,18.3,18.55,18.05,18.5,1196192
2011-02-23,18.5,18.85,17.9,18.3,1250000
2011-02-24,18.3,18.5,18.0,18.45,985920
2011-02-25,18.5,19.0,18.45,18.6,3256500
2011-03-01,18.75,18.8,18.25,18.4,759809
2011-03-02,18.4,18.65,18.25,18.25,529021
2011-03-03,18.45,18.95,18.4,18.55,1489181
2011-03-04,18.65,18.65,18.0,18.0,731834
2011-03-07,18.1,18.2,17.8,17.9,578000
2011-03-08,18.0,18.1,17.85,17.9,359000
2011-03-09,18.2,18.2,17.7,17.8,421808
2011-03-10,17.8,18.05,17.6,17.6,375011
2011-03-11,17.5,17.8,17.4,17.5,322310
2011-03-14,17.0,17.3,16.5,16.7,689635
2011-03-15,16.6,17.0,15.55,15.55,819306
2011-03-16,15.6,16.55,15.2,16.55,1133046
2011-03-17,16.35,16.8,16.05,16.35,665043
2011-03-18,16.4,16.8,16.35,16.7,642003
2011-03-21,17.0,17.0,16.4,16.6,430000
2011-03-22,16.85,16.85,16.55,16.55,386000
2011-03-23,16.7,16.95,16.55,16.65,731800
2011-03-24,16.9,16.9,16.7,16.7,366148
2011-03-25,16.8,16.9,16.6,16.65,220600
2011-03-28,16.65,17.8,16.4,17.8,1841228
2011-03-29,17.95,17.95,17.1,17.15,997015
2011-03-30,17.2,17.45,17.0,17.0,344001
2011-03-31,17.05,17.2,16.7,16.8,347149
2011-04-01,16.9,17.3,16.9,17.05,304946
2011-04-06,17.2,17.35,17.0,17.1,329040
2011-04-07,17.1,17.55,17.1,17.2,683001
2011-04-08,17.2,17.4,17.0,17.0,368800
2011-04-11,17.0,17.25,16.85,17.0,239410
2011-04-12,17.0,17.0,16.55,16.65,340375
2011-04-13,16.65,16.9,16.6,16.7,279280
2011-04-14,16.8,17.1,16.55,17.0,408278
2011-04-15,17.0,17.0,16.65,16.65,191290
2011-04-18,16.65,16.85,16.1,16.25,316979
2011-04-19,16.15,16.5,16.0,16.0,228000
2011-04-20,16.2,16.8,16.2,16.55,408000
2011-04-21,16.8,16.8,16.45,16.5,273581
2011-04-22,16.65,16.95,16.6,16.65,253045
2011-04-25,16.1,16.6,16.1,16.3,183001
2011-04-26,16.3,16.65,16.3,16.35,150001
2011-04-27,16.55,16.55,16.2,16.55,219458
2011-04-28,16.6,17.1,16.4,16.6,1910030
2011-04-29,16.6,16.65,16.25,16.3,343001
2011-05-03,16.1,16.3,15.8,15.95,342382
2011-05-04,15.95,15.95,15.75,15.95,267500
2011-05-05,15.8,16.05,15.75,15.95,492933
2011-05-06,15.95,16.0,15.6,15.8,900009
2011-05-09,15.0,15.65,15.0,15.65,431547
2011-05-10,15.5,16.0,15.25,15.4,262425
2011-05-11,15.5,15.5,15.0,15.1,353014
2011-05-12,15.1,15.25,14.8,15.0,361200
2011-05-13,15.0,15.3,15.0,15.05,245824
2011-05-16,15.05,15.05,14.8,14.8,187031
2011-05-17,14.7,14.9,14.55,14.65,236935
2011-05-18,14.7,14.8,14.0,14.25,307400
2011-05-19,14.35,14.4,14.0,14.0,282148
2011-05-20,14.1,14.3,13.2,13.4,642300
2011-05-23,12.6,13.0,12.5,12.5,1333000
2011-05-24,12.0,12.85,12.0,12.8,1873204
2011-05-25,12.55,12.95,12.55,12.65,286116
2011-05-26,12.65,12.95,12.65,12.7,383000
2011-05-27,12.9,13.4,12.75,13.0,491235
2011-05-30,13.0,13.25,12.9,13.0,223356
2011-05-31,13.2,13.45,13.1,13.3,269045
2011-06-01,13.45,13.5,13.3,13.35,317000
2011-06-02,13.0,13.35,13.0,13.15,235008
2011-06-03,13.15,13.4,13.15,13.2,205388
2011-06-07,13.3,13.3,12.8,13.2,186000
2011-06-08,13.2,13.5,13.2,13.2,314000
2011-06-09,13.3,13.5,13.2,13.35,285100
2011-06-10,13.6,13.6,13.2,13.2,222000
2011-06-13,13.0,13.05,12.6,12.8,412768
2011-06-14,12.8,12.95,12.6,12.8,126000
2011-06-15,13.0,13.05,12.7,13.0,156040
2011-06-16,12.95,12.95,12.6,12.6,146096
2011-06-17,12.8,12.95,12.6,12.65,185000
2011-06-20,12.95,13.05,12.3,12.3,355000
2011-06-21,11.45,12.3,11.45,11.8,559001
2011-06-22,11.8,12.3,11.65,11.85,461001
2011-06-23,11.85,11.85,11.6,11.6,208084
2011-06-24,11.6,11.8,11.6,11.6,173000
2011-06-27,11.6,12.25,11.55,12.0,321030
2011-06-28,12.2,12.25,12.05,12.1,200000
2011-06-29,12.2,12.5,12.2,12.3,189000
2011-06-30,12.5,12.5,12.15,12.2,184019
2011-07-01,12.4,12.45,12.2,12.2,91661
2011-07-04,12.2,12.55,12.2,12.45,854188
2011-07-05,12.3,12.45,12.2,12.2,168039
2011-07-06,12.3,12.3,12.05,12.1,212115
2011-07-07,12.2,12.2,12.0,12.1,147000
2011-07-08,12.15,12.2,11.95,12.0,188000
2011-07-11,11.85,12.0,11.6,11.65,177100
2011-07-12,11.4,11.4,10.85,10.9,592235
2011-07-13,10.9,11.1,10.65,10.9,287086
2011-07-14,10.9,11.2,10.45,10.85,301060
2011-07-15,10.85,11.2,10.75,11.1,121002
2011-07-18,11.0,11.1,10.9,10.9,100050
2011-07-19,10.8,10.9,10.5,10.8,264058
2011-07-20,10.95,11.1,10.85,10.9,257000
2011-07-21,10.8,11.05,10.8,11.0,185000
2011-07-22,11.2,11.3,11.1,11.25,174087
2011-07-25,11.25,11.4,11.1,11.15,111000
2011-07-26,11.15,11.65,11.05,11.4,639870
2011-07-27,11.5,11.6,11.3,11.5,301082
2011-07-28,11.5,11.5,11.25,11.3,146503
2011-07-29,11.3,11.35,10.95,11.15,133774
2011-08-01,11.1,11.2,10.9,10.95,181357
2011-08-02,11.0,11.25,10.9,10.9,155060
2011-08-03,10.9,10.9,10.6,10.8,164000
2011-08-04,10.8,11.15,10.8,10.95,354007
2011-08-05,10.2,10.5,10.2,10.2,554013
2011-08-08,10.0,10.2,9.49,9.49,937028
2011-08-09,8.83,9.1,8.83,8.91,968016
2011-08-10,8.91,9.5,8.91,9.39,459000
2011-08-11,8.74,9.14,8.74,9.05,410860
2011-08-12,8.45,9.1,8.45,8.91,394866
2011-08-15,9.25,9.25,9.03,9.13,185078
2011-08-16,9.24,9.24,9.13,9.15,123205
2011-08-17,9.2,9.5,9.11,9.27,641000
2011-08-18,9.2,9.2,9.02,9.04,141007
2011-08-19,8.65,8.65,8.41,8.41,474028
2011-08-22,7.85,8.2,7.83,7.9,448116
2011-08-23,8.08,8.19,8.0,8.13,305000
2011-08-24,8.13,8.3,8.13,8.15,290001
2011-08-25,8.19,8.2,8.0,8.0,146543
2011-08-26,8.1,8.2,7.92,7.95,144100
2011-08-29,8.0,8.3,7.95,8.15,195002
2011-08-30,8.29,8.29,8.11,8.2,287002
2011-08-31,8.2,8.38,8.12,8.35,189065
2011-09-01,8.4,8.85,8.4,8.85,509320
2011-09-02,8.8,8.8,8.51,8.64,145006
2011-09-05,8.45,8.45,8.21,8.34,129001
2011-09-06,8.25,8.43,8.22,8.23,100000
2011-09-07,8.38,8.38,8.25,8.28,97035
2011-09-08,8.44,8.44,8.27,8.27,60000
2011-09-09,8.28,8.36,8.28,8.36,53000
2011-09-13,8.26,8.27,8.12,8.2,46300
2011-09-14,8.21,8.21,7.9,8.0,134100
2011-09-15,8.17,8.2,8.07,8.07,66000
2011-09-16,8.4,8.4,8.16,8.36,231100
2011-09-19,8.35,8.36,8.2,8.3,55000
2011-09-20,8.1,8.3,8.1,8.26,47342
2011-09-21,8.3,8.5,8.25,8.49,255000
2011-09-22,8.4,8.4,8.17,8.25,192789
2011-09-23,8.0,8.1,7.95,8.01,137000
2011-09-26,8.0,8.01,7.5,7.6,193000
2011-09-27,7.7,7.93,7.7,7.81,154251
2011-09-28,7.87,7.99,7.85,7.9,43002
2011-09-29,7.89,7.89,7.63,7.75,106000
2011-09-30,7.77,7.93,7.76,7.81,98148
2011-10-03,7.72,7.81,7.67,7.68,40000
2011-10-04,7.65,7.73,7.57,7.64,109150
2011-10-05,7.7,7.9,7.7,7.73,107000
2011-10-06,7.82,8.05,7.75,7.83,127001
2011-10-07,7.89,8.08,7.89,7.93,151001
2011-10-11,8.0,8.14,8.0,8.08,166020
2011-10-12,8.07,8.15,8.07,8.15,98000
2011-10-13,8.48,8.48,8.16,8.25,271000
2011-10-14,8.3,8.4,8.29,8.3,152548
2011-10-17,8.31,8.44,8.31,8.33,174107
2011-10-18,7.91,8.65,7.91,8.56,1400000
2011-10-19,8.75,8.85,8.52,8.58,334000
2011-10-20,8.58,8.58,8.3,8.48,256000
2011-10-21,8.48,8.48,8.3,8.32,87000
2011-10-24,8.53,8.54,8.41,8.42,144000
2011-10-25,8.42,8.52,8.42,8.42,106000
2011-10-26,8.42,8.56,8.42,8.43,134010
2011-10-27,8.45,8.5,8.33,8.48,147400
2011-10-28,8.5,8.67,8.3,8.32,126188
2011-10-31,8.38,8.38,7.93,7.95,321135
2011-11-01,7.96,8.1,7.95,8.07,143252
2011-11-02,7.84,8.06,7.84,8.05,60220
2011-11-03,8.0,8.09,7.92,7.93,85148
2011-11-04,8.06,8.15,8.06,8.11,133000
2011-11-07,8.15,8.15,8.11,8.14,133500
2011-11-08,8.17,8.2,8.1,8.1,117000
2011-11-09,8.15,8.18,8.11,8.12,87012
2011-11-10,8.0,8.0,7.61,7.63,226025
2011-11-11,7.65,7.84,7.5,7.66,261000
2011-11-14,7.75,7.89,7.75,7.83,124317
2011-11-15,7.85,7.85,7.66,7.8,130101
2011-11-16,7.82,7.82,7.68,7.78,83503
2011-11-17,7.69,7.7,7.59,7.66,84200
2011-11-18,7.66,7.74,7.6,7.67,110002
2011-11-21,7.77,7.77,7.14,7.14,306000
2011-11-22,7.0,7.14,6.65,6.65,383000
2011-11-23,6.7,6.8,6.19,6.19,347001
2011-11-24,6.01,6.29,5.92,6.18,261000
2011-11-25,6.28,6.36,6.06,6.16,186000
2011-11-28,6.16,6.35,6.16,6.25,101101
2011-11-29,6.25,6.43,6.25,6.38,202227
2011-11-30,6.38,6.38,6.21,6.23,93153
2011-12-01,6.43,6.65,6.33,6.6,407995
2011-12-02,6.72,6.72,6.45,6.48,93105
2011-12-05,6.48,6.48,6.3,6.32,169006
2011-12-06,6.3,6.39,6.16,6.2,99081
2011-12-07,6.21,6.4,6.21,6.26,161090
2011-12-08,6.26,6.26,6.12,6.15,93070
2011-12-09,6.11,6.31,6.05,6.2,155000
2011-12-12,6.3,6.37,6.17,6.2,162001
2011-12-13,6.19,6.25,6.1,6.13,82500
2011-12-14,6.17,6.4,6.17,6.32,185000
2011-12-15,6.55,6.55,6.23,6.32,141000
2011-12-16,6.38,6.43,6.31,6.33,129020
2011-12-19,6.4,6.4,5.9,5.9,236104
2011-12-20,5.91,6.07,5.91,5.93,116002
2011-12-21,6.3,6.34,6.18,6.34,224000
2011-12-22,6.5,6.59,6.4,6.49,420100
2011-12-23,6.51,6.94,6.51,6.94,431000
2011-12-26,7.38,7.39,7.0,7.18,528000
2011-12-27,7.18,7.34,7.05,7.15,491428
2011-12-28,7.1,7.2,7.0,7.0,267156
2011-12-29,7.09,7.1,6.88,7.08,219000
2011-12-30,7.08,7.15,7.03,7.03,123000
2012-01-02,7.05,7.05,6.86,6.86,155000
2012-01-03,7.03,7.05,6.93,6.94,170188
2012-01-04,7.08,7.1,6.94,6.96,132000
2012-01-05,6.96,7.0,6.88,7.0,73002
2012-01-06,7.05,7.38,7.04,7.17,435101
2012-01-09,7.2,7.25,7.01,7.14,106001
2012-01-10,7.25,7.25,7.11,7.15,87000
2012-01-11,7.16,7.3,7.16,7.28,250100
2012-01-12,7.3,7.39,7.2,7.24,197000
2012-01-13,7.3,7.3,7.11,7.13,177002
2012-01-16,7.13,7.17,7.02,7.02,142000
2012-01-17,7.02,7.2,7.02,7.15,140000
2012-01-18,7.18,7.38,7.15,7.28,289001
2012-01-30,7.75,7.75,7.5,7.65,367489
2012-01-31,7.6,7.98,7.36,7.95,496488
2012-02-01,7.9,8.27,7.84,8.18,456500
2012-02-02,8.27,8.75,8.25,8.75,976356
2012-02-03,9.36,9.36,9.21,9.36,917100
2012-02-04,10.0,10.0,10.0,10.0,375760
2012-02-06,10.7,10.7,10.05,10.1,2242696
2012-02-07,9.41,9.98,9.41,9.75,871450
2012-02-08,10.0,10.3,9.75,10.15,1067100
2012-02-09,10.15,10.6,10.15,10.55,1192471
2012-02-10,10.6,10.7,10.1,10.3,857740
2012-02-13,10.3,10.6,10.2,10.45,701865
2012-02-14,10.45,10.55,10.05,10.1,574224
2012-02-15,10.2,10.3,9.95,10.2,780097
2012-02-16,10.4,10.55,9.96,9.96,1156652
2012-02-17,10.1,10.3,9.85,9.88,331500
2012-02-20,9.55,10.1,9.55,9.76,308001
2012-02-21,9.8,10.1,9.8,9.91,341175
2012-02-22,9.99,10.35,9.93,10.3,684000
2012-02-23,10.3,10.3,9.8,9.8,453100
2012-02-24,9.8,10.0,9.8,9.85,381650
2012-02-29,9.9,9.97,9.61,9.61,342389
2012-03-01,9.64,9.9,9.61,9.63,214135
2012-03-02,9.7,9.79,9.6,9.7,234000
2012-03-03,9.77,9.78,9.62,9.65,149554
2012-03-05,9.77,9.9,9.57,9.57,329000
2012-03-06,9.53,9.57,8.95,9.01,398475
2012-03-07,8.4,8.85,8.4,8.77,220335
2012-03-08,8.8,8.99,8.8,8.89,134000
2012-03-09,8.89,9.1,8.89,8.97,139400
2012-03-12,9.05,9.15,8.85,8.85,157313
2012-03-13,9.3,9.3,8.93,8.95,173000
2012-03-14,9.19,9.19,8.96,9.03,128000
2012-03-15,9.15,9.2,9.0,9.0,202803
2012-03-16,9.05,9.15,8.91,9.0,271002
2012-03-19,8.9,8.94,8.8,8.8,207155
2012-03-20,8.98,8.98,8.66,8.68,107000
2012-03-21,8.67,8.75,8.66,8.67,108200
2012-03-22,8.7,8.79,8.7,8.71,111001
2012-03-23,8.72,8.72,8.6,8.63,125066
2012-03-26,8.64,8.74,8.63,8.64,78001
2012-03-27,8.75,8.79,8.64,8.69,142100
2012-03-28,8.64,8.74,8.5,8.6,180150
2012-03-29,8.51,8.59,8.0,8.0,447000
2012-03-30,7.97,8.0,7.84,7.94,192101
2012-04-02,8.01,8.08,7.95,7.95,80002
2012-04-03,7.95,8.07,7.4,7.41,251001
2012-04-05,7.26,7.26,6.91,7.05,238100
2012-04-06,7.14,7.25,7.11,7.17,143020
2012-04-09,7.1,7.25,7.1,7.25,209000
2012-04-10,7.3,7.32,7.1,7.14,118003
2012-04-11,6.91,7.25,6.91,7.18,119000
2012-04-12,7.18,7.35,7.18,7.25,222003
2012-04-13,7.4,7.75,7.3,7.75,614000
2012-04-16,7.85,8.2,7.85,7.95,654148
2012-04-17,8.0,8.0,7.4,7.59,262000
2012-04-18,7.63,7.78,7.5,7.5,149150
2012-04-19,7.5,7.5,7.22,7.28,116000
2012-04-20,7.28,7.38,7.16,7.16,96000
2012-04-23,7.0,7.1,6.89,6.92,165008
2012-04-24,6.92,6.92,6.61,6.86,108080
2012-04-25,6.87,7.03,6.87,7.02,116188
2012-04-26,7.02,7.04,6.94,6.94,60004
2012-04-27,6.96,7.1,6.82,6.85,80003
2012-04-30,6.85,6.85,6.65,6.73,143000
2012-05-02,6.73,7.0,6.73,6.9,201188
2012-05-03,6.9,7.05,6.84,6.88,124003
2012-05-04,6.91,7.36,6.89,7.36,513780
2012-05-07,7.36,7.36,7.16,7.21,173215
2012-05-08,7.25,7.25,7.01,7.21,179000
2012-05-09,6.72,7.05,6.72,6.93,191077
2012-05-10,6.98,6.98,6.8,6.95,69000
2012-05-11,6.9,6.99,6.9,6.9,99004
2012-05-14,6.97,6.98,6.7,6.8,40003
2012-05-15,6.6,6.72,6.53,6.7,104001
2012-05-16,6.75,6.75,6.6,6.61,50000
2012-05-17,6.61,6.71,6.45,6.68,113000
2012-05-18,6.5,6.51,6.35,6.35,83002
2012-05-21,6.2,6.69,6.2,6.69,135101
2012-05-22,6.78,6.78,6.53,6.75,111006
2012-05-23,6.53,6.74,6.5,6.68,85000
2012-05-24,6.41,6.55,6.41,6.43,41007
2012-05-25,6.57,6.88,6.57,6.77,272062
2012-05-28,6.5,6.64,6.5,6.56,127100
2012-05-29,6.56,6.98,6.56,6.88,193002
2012-05-30,6.7,6.85,6.65,6.78,66003
2012-05-31,6.69,6.77,6.6,6.7,106007
2012-06-01,6.61,6.78,6.56,6.56,108251
2012-06-04,6.31,6.31,6.11,6.11,280003
2012-06-05,6.0,6.22,6.0,6.13,154000
2012-06-06,6.15,6.24,6.07,6.21,130002
2012-06-07,6.3,6.3,6.12,6.21,97083
2012-06-08,6.1,6.2,6.1,6.14,121051
2012-06-11,6.11,6.3,6.11,6.21,56003
2012-06-12,6.19,6.25,6.11,6.19,68000
2012-06-13,6.19,6.3,6.19,6.25,50000
2012-06-14,6.21,6.28,6.15,6.18,46000
2012-06-15,6.13,6.28,6.13,6.21,73053
2012-06-18,6.3,6.38,6.2,6.25,163003
2012-06-19,6.21,6.25,6.13,6.2,77000
2012-06-20,6.2,6.27,6.15,6.25,58003
2012-06-21,6.23,6.35,6.23,6.3,158190
2012-06-22,6.21,6.74,6.21,6.57,296005
2012-06-25,6.57,6.69,6.42,6.43,100003
2012-06-26,6.31,6.43,6.31,6.35,47002
2012-06-27,6.26,6.4,6.26,6.35,15103
2012-06-28,6.46,6.46,6.32,6.33,49002
2012-06-29,6.33,6.5,6.31,6.38,92148
2012-07-02,6.4,6.58,6.38,6.58,156000
2012-07-03,6.7,6.78,6.62,6.69,190177
2012-07-04,6.73,6.73,6.6,6.6,35002
2012-07-05,6.6,6.6,6.46,6.55,49204
2012-07-06,6.55,6.57,6.45,6.46,27000
2012-07-09,6.46,6.6,6.46,6.46,78001
2012-07-10,6.45,6.6,6.35,6.45,128000
2012-07-11,6.45,6.57,6.38,6.44,55000
2012-07-12,6.44,6.44,6.25,6.27,68000
2012-07-13,6.16,6.27,6.15,6.18,98016
2012-07-16,6.18,6.18,6.1,6.12,60001
2012-07-17,6.06,6.2,6.06,6.17,199000
2012-07-18,6.06,6.1,6.05,6.09,58001
2012-07-19,6.1,6.15,6.1,6.15,45000
2012-07-20,6.1,6.25,6.1,6.16,37000
2012-07-23,6.16,6.16,6.0,6.02,40002
2012-07-24,5.95,6.09,5.93,5.97,85000
2012-07-25,6.0,6.1,5.93,6.02,101000
2012-07-26,5.95,6.05,5.95,6.0,31000
2012-07-27,6.1,6.1,5.92,6.01,120148
2012-07-30,6.05,6.15,6.02,6.13,68002
2012-07-31,6.01,6.06,6.0,6.03,33000
2012-08-01,6.07,6.09,6.07,6.09,11025
2012-08-03,5.96,6.08,5.96,6.02,40248
2012-08-06,6.03,6.1,5.71,5.71,97500
2012-08-07,5.73,5.75,5.32,5.34,569440
2012-08-08,5.34,5.4,5.25,5.35,417401
2012-08-09,5.35,5.47,5.35,5.44,229196
2012-08-10,5.47,5.5,5.41,5.43,222300
2012-08-13,5.43,5.49,5.42,5.47,188001
2012-08-14,5.48,5.55,5.48,5.55,159000
2012-08-15,5.55,5.6,5.44,5.49,91101
2012-08-16,5.5,5.58,5.47,5.5,49401
2012-08-17,5.52,5.58,5.45,5.53,57004
2012-08-20,5.55,5.55,5.4,5.43,81252
2012-08-21,5.45,5.73,5.45,5.64,209000
2012-08-22,5.65,5.65,5.51,5.56,89000
2012-08-23,5.56,5.64,5.5,5.55,99251
2012-08-24,5.5,5.75,5.5,5.64,141004
2012-08-27,5.56,5.67,5.56,5.6,38004
2012-08-28,5.8,5.8,5.57,5.65,41000
2012-08-29,5.58,5.6,5.5,5.56,70004
2012-08-30,5.52,5.56,5.47,5.47,64000
2012-08-31,5.49,5.5,5.44,5.48,18100
2012-09-03,5.47,5.51,5.47,5.47,41000
2012-09-04,5.4,5.59,5.4,5.45,115786
2012-09-05,5.42,5.5,5.42,5.48,55000
2012-09-06,5.45,5.6,5.45,5.5,71005
2012-09-07,5.82,5.82,5.59,5.64,92000
2012-09-10,5.7,5.7,5.52,5.62,101000
2012-09-11,5.68,5.74,5.52,5.7,117000
2012-09-12,5.6,5.79,5.6,5.75,105503
2012-09-13,5.36,5.75,5.36,5.56,165003
2012-09-14,5.58,5.75,5.58,5.71,194000
2012-09-17,5.75,5.76,5.68,5.68,112643
2012-09-18,5.43,5.77,5.43,5.7,229001
2012-09-19,5.73,5.75,5.66,5.67,60054
2012-09-20,5.75,5.78,5.6,5.69,88104
2012-09-21,5.72,5.82,5.68,5.75,117100
2012-09-24,5.8,5.9,5.73,5.75,179218
2012-09-25,5.8,5.86,5.73,5.8,46551
2012-09-26,5.76,5.8,5.7,5.7,53033
2012-09-27,5.6,5.8,5.6,5.66,51030
2012-09-28,5.66,5.7,5.62,5.65,53004
2012-10-01,5.65,5.66,5.53,5.54,54504
2012-10-02,5.5,5.55,5.5,5.51,87000
2012-10-03,5.52,5.6,5.51,5.58,37300
2012-10-04,5.58,5.61,5.52,5.56,73000
2012-10-05,5.55,5.55,5.45,5.46,43000
2012-10-08,5.48,5.49,5.47,5.47,10000
2012-10-09,5.47,5.6,5.44,5.47,82000
2012-10-11,5.46,5.49,5.21,5.31,93696
2012-10-12,5.32,5.33,5.22,5.22,43000
2012-10-15,5.31,5.39,5.11,5.24,110160
2012-10-16,5.21,5.36,5.21,5.25,44000
2012-10-17,5.25,5.31,5.25,5.26,44000
2012-10-18,5.26,5.3,5.25,5.27,63000
2012-10-19,5.21,5.38,5.21,5.24,120009
2012-10-22,5.25,5.25,5.2,5.25,70000
2012-10-23,5.25,5.39,5.25,5.3,111000
2012-10-24,5.34,5.38,5.11,5.32,112300
2012-10-25,5.21,5.22,5.2,5.21,57298
2012-10-26,5.16,5.16,4.9,4.91,100003
2012-10-29,4.92,4.92,4.77,4.77,116179
2012-10-30,4.71,4.9,4.71,4.78,83596
2012-10-31,4.81,4.9,4.78,4.8,73003
2012-11-01,4.72,4.73,4.55,4.71,78000
2012-11-02,4.77,4.89,4.71,4.74,120928
2012-11-05,4.74,4.74,4.54,4.6,76003
2012-11-06,4.6,4.7,4.51,4.63,95040
2012-11-07,4.63,4.69,4.6,4.66,66000
2012-11-08,4.59,4.66,4.41,4.55,71003
2012-11-09,4.56,4.86,4.56,4.86,128001
2012-11-12,5.2,5.2,5.0,5.2,503000
2012-11-13,5.3,5.35,4.93,4.93,347003
2012-11-14,4.93,4.99,4.8,4.84,133002
2012-11-15,4.81,4.95,4.71,4.77,111002
2012-11-16,4.72,5.0,4.72,4.86,190270
2012-11-19,4.88,4.99,4.86,4.88,117002
2012-11-20,4.89,5.0,4.85,4.88,94003
2012-11-21,4.79,4.9,4.79,4.8,55045
2012-11-22,4.81,4.9,4.64,4.9,39000
2012-11-23,5.0,5.18,5.0,5.03,106010
2012-11-26,5.03,5.04,4.85,4.93,56002
2012-11-27,4.87,4.99,4.82,4.84,99002
2012-11-28,4.88,4.94,4.85,4.86,53003
2012-11-29,4.8,4.94,4.8,4.93,24402
2012-11-30,5.0,5.12,5.0,5.0,148010
2012-12-03,5.05,5.14,5.0,5.06,133452
2012-12-04,5.06,5.2,4.96,5.08,145000
2012-12-05,5.12,5.43,5.12,5.43,271145
2012-12-06,5.68,5.81,5.6,5.81,1035000
2012-12-07,5.91,6.05,5.75,5.81,718856
2012-12-10,5.41,5.73,5.41,5.5,218082
2012-12-11,5.55,5.55,5.32,5.35,239919
2012-12-12,5.36,5.54,5.36,5.46,175000
2012-12-13,5.45,5.84,5.45,5.84,434050
2012-12-14,6.0,6.24,5.84,6.24,1284300
2012-12-17,6.22,6.22,5.81,5.95,800043
2012-12-18,5.75,5.93,5.75,5.9,276043
2012-12-19,5.95,6.0,5.67,5.8,274009
2012-12-20,5.8,5.89,5.75,5.75,252400
2012-12-21,5.75,5.83,5.67,5.69,136000
2012-12-22,5.7,5.87,5.7,5.8,80001
2012-12-24,5.9,5.9,5.7,5.7,164051
2012-12-25,5.78,5.82,5.65,5.79,254000
2012-12-26,5.8,5.88,5.7,5.8,151020
2012-12-27,5.8,5.83,5.72,5.72,162050
2012-12-28,5.73,5.8,5.7,5.73,110326
2013-01-02,5.82,5.82,5.73,5.75,128004
2013-01-03,5.75,5.81,5.75,5.76,116636
2013-01-04,5.78,5.92,5.78,5.92,362500
2013-01-07,5.95,6.22,5.81,6.16,629372
2013-01-08,6.16,6.16,5.84,5.93,294460
2013-01-09,5.85,5.93,5.72,5.86,270004
2013-01-10,5.88,5.94,5.8,5.81,199122
2013-01-11,5.82,5.9,5.73,5.78,188000
2013-01-14,5.78,5.98,5.74,5.98,182251
2013-01-15,5.98,6.1,5.81,5.85,194300
2013-01-16,5.85,5.9,5.72,5.75,157011
2013-01-17,5.75,5.85,5.41,5.43,186461
2013-01-18,5.43,5.78,5.43,5.6,174271
2013-01-21,5.6,5.61,5.4,5.49,208000
2013-01-22,5.53,5.57,5.42,5.44,90000
2013-01-23,5.49,5.57,5.45,5.56,74050
2013-01-24,5.64,5.64,5.47,5.47,66000
2013-01-25,5.45,5.5,5.44,5.46,55000
2013-01-28,5.46,5.47,5.42,5.44,97000
2013-01-29,5.41,5.6,5.39,5.5,53032
2013-01-30,5.5,5.55,5.47,5.52,70000
2013-01-31,5.48,5.55,5.45,5.49,38060
2013-02-01,5.41,5.56,5.41,5.5,107343
2013-02-04,5.53,5.59,5.5,5.5,91360
2013-02-05,5.6,5.6,5.46,5.54,67000
2013-02-06,5.6,5.64,5.51,5.55,110120
2013-02-18,5.61,5.63,5.41,5.52,124200
2013-02-19,5.52,5.62,5.45,5.57,82100
2013-02-20,5.6,5.78,5.5,5.7,150182
2013-02-21,5.72,5.85,5.71,5.8,209020
2013-02-22,5.79,5.95,5.62,5.9,196000
2013-02-23,6.0,6.0,5.76,5.86,134000
2013-02-25,5.99,5.99,5.73,5.76,71001
2013-02-26,5.62,5.68,5.62,5.67,59000
2013-02-27,5.67,5.7,5.66,5.66,50142
2013-03-01,5.66,5.73,5.65,5.73,43100
2013-03-04,5.73,5.73,5.57,5.62,35000
2013-03-05,5.62,5.62,5.54,5.58,52010
2013-03-06,5.6,5.77,5.6,5.62,107123
2013-03-07,5.62,5.81,5.62,5.72,136016
2013-03-08,5.66,5.72,5.63,5.63,143803
2013-03-11,5.56,5.71,5.55,5.69,106000
2013-03-12,5.7,5.71,5.56,5.7,105400
2013-03-13,5.68,5.7,5.6,5.6,27520
2013-03-14,5.6,5.7,5.55,5.62,65287
2013-03-15,5.68,5.68,5.44,5.57,65210
2013-03-18,5.4,5.59,5.4,5.4,85085
2013-03-19,5.4,5.54,5.4,5.45,53001
2013-03-20,5.45,5.59,5.45,5.46,140100
2013-03-21,5.46,5.6,5.46,5.51,127103
2013-03-22,5.5,5.59,5.46,5.55,106000
2013-03-25,5.51,5.65,5.51,5.57,61050
2013-03-26,5.57,5.57,5.45,5.49,50001
2013-03-27,5.5,5.59,5.49,5.5,63000
2013-03-28,5.54,5.55,5.53,5.55,62001
2013-03-29,5.5,5.5,5.45,5.5,93000
2013-04-01,5.66,5.66,5.48,5.58,76000
2013-04-02,5.61,5.64,5.52,5.6,80000
2013-04-03,5.6,5.66,5.56,5.6,97000
2013-04-08,5.21,5.7,5.21,5.32,104000
2013-04-09,5.35,5.35,5.22,5.24,75000
2013-04-10,5.18,5.32,5.18,5.26,46051
2013-04-11,5.31,5.5,5.27,5.27,65001
2013-04-12,5.28,5.44,5.27,5.3,58000
2013-04-15,5.37,5.49,5.31,5.4,69000
2013-04-16,5.37,5.37,5.31,5.32,132020
2013-04-17,5.36,5.69,5.36,5.69,233000
2013-04-18,6.05,6.05,5.85,5.92,726346
2013-04-19,6.0,6.0,5.77,5.82,387218
2013-04-22,5.82,5.9,5.82,5.83,137001
2013-04-23,5.83,5.99,5.83,5.86,203512
2013-04-24,5.95,5.99,5.88,5.88,230000
2013-04-25,5.88,5.94,5.81,5.94,99000
2013-04-26,5.8,5.93,5.8,5.81,167060
2013-04-29,5.81,6.21,5.81,6.21,461050
2013-04-30,6.35,6.64,6.35,6.64,1591571
2013-05-02,6.8,7.1,6.8,7.1,1261803
2013-05-03,7.58,7.59,7.1,7.3,3043843
2013-05-06,7.21,7.25,7.01,7.08,2321165
2013-05-07,7.08,7.57,7.08,7.57,3330000
2013-05-08,7.69,7.87,7.3,7.31,2863000
2013-05-09,7.35,7.57,7.06,7.11,1158503
2013-05-10,7.08,7.17,6.8,6.82,929680
2013-05-13,6.72,6.99,6.6,6.76,1041074
2013-05-14,6.8,7.02,6.77,6.97,857000
2013-05-15,7.0,7.0,6.7,6.8,651000
2013-05-16,6.89,6.9,6.7,6.74,379719
2013-05-17,6.9,7.21,6.7,7.06,1547485
2013-05-20,7.05,7.05,6.82,6.9,909000
2013-05-21,6.9,7.2,6.9,7.0,713150
2013-05-22,7.2,7.25,7.1,7.11,549746
2013-05-23,7.05,7.05,6.81,6.81,570584
2013-05-24,6.8,6.85,6.66,6.71,387100
2013-05-27,6.71,6.8,6.6,6.74,197115
2013-05-28,6.74,6.84,6.7,6.73,140753
2013-05-29,6.75,6.9,6.75,6.87,551422
2013-05-30,6.7,6.84,6.67,6.75,221614
2013-05-31,6.75,6.92,6.72,6.75,396000
2013-06-03,6.65,6.7,6.52,6.68,335934
2013-06-04,6.7,7.0,6.68,6.75,449000
2013-06-05,6.7,6.84,6.66,6.71,272200
2013-06-06,6.62,6.76,6.6,6.71,216503
2013-06-07,6.74,6.9,6.6,6.62,276368
2013-06-10,6.68,6.73,6.61,6.68,135000
2013-06-11,6.8,6.8,6.6,6.62,151000
2013-06-13,6.6,6.6,6.21,6.21,258000
2013-06-14,6.21,6.23,5.79,5.98,381421
2013-06-17,5.99,6.03,5.92,5.98,81000
2013-06-18,5.98,6.2,5.9,5.98,139025
2013-06-19,6.0,6.15,6.0,6.0,109380
2013-06-20,5.9,5.99,5.87,5.92,133803
2013-06-21,5.87,6.08,5.82,6.04,234983
2013-06-24,6.05,6.05,6.0,6.0,155000
2013-06-25,5.89,6.09,5.89,5.95,216100
2013-06-26,6.05,6.13,6.0,6.05,188152
2013-06-27,6.12,6.15,6.06,6.08,242300
2013-06-28,6.12,6.2,6.08,6.08,105010
2013-07-01,6.01,6.1,6.01,6.03,59000
2013-07-02,6.04,6.28,6.04,6.14,130010
2013-07-03,6.09,6.13,6.03,6.03,54000
2013-07-04,6.06,6.11,5.9,6.0,56044
2013-07-05,6.06,6.06,5.95,6.03,105088
2013-07-08,6.01,6.08,5.97,6.04,93000
2013-07-09,6.05,6.11,6.04,6.04,155000
2013-07-10,6.05,6.09,6.0,6.09,121001
2013-07-11,6.01,6.08,6.0,6.01,123000
2013-07-12,5.98,6.15,5.94,6.04,98000
2013-07-15,6.0,6.0,5.95,5.98,169115
2013-07-16,5.98,5.98,5.92,5.97,115100
2013-07-17,5.98,6.03,5.98,6.0,76000
2013-07-18,5.96,6.0,5.95,5.96,46000
2013-07-19,5.96,5.96,5.81,5.95,105001
2013-07-22,5.93,5.96,5.87,5.87,71444
2013-07-23,5.9,5.94,5.82,5.9,149000
2013-07-24,5.9,6.03,5.9,5.92,26088
2013-07-25,5.89,5.92,5.82,5.91,198000
2013-07-26,5.92,6.27,5.9,6.07,125464
2013-07-29,6.29,6.29,5.98,6.0,137000
2013-07-30,6.0,6.05,6.0,6.05,53001
2013-07-31,6.2,6.2,5.89,5.89,35034
2013-08-01,5.99,6.0,5.95,6.0,235001
2013-08-02,6.0,6.0,5.87,5.95,58192
2013-08-05,6.0,6.0,5.83,5.89,119249
2013-08-06,5.98,5.98,5.83,5.84,50000
2013-08-07,5.78,5.95,5.78,5.8,62000
2013-08-08,5.8,5.81,5.75,5.76,77000
2013-08-09,5.7,5.73,5.37,5.54,279003
2013-08-12,5.5,5.5,5.32,5.4,123000
2013-08-13,5.4,5.45,5.34,5.41,186100
2013-08-14,5.4,5.45,5.4,5.45,93174
2013-08-15,5.16,5.45,5.16,5.45,75000
2013-08-16,5.43,5.55,5.43,5.5,60000
2013-08-19,5.41,5.53,5.41,5.53,62248
2013-08-20,5.53,5.53,5.4,5.48,117000
2013-08-22,5.48,5.49,5.42,5.46,191000
2013-08-23,5.46,5.5,5.42,5.5,67000
2013-08-26,5.57,5.57,5.48,5.51,54000
2013-08-27,5.67,5.67,5.47,5.48,132000
2013-08-28,5.48,5.48,5.4,5.42,39001
2013-08-29,5.48,5.55,5.33,5.42,256000
2013-08-30,5.28,5.54,5.28,5.54,98000
2013-09-02,5.7,5.7,5.35,5.6,53170
2013-09-03,5.69,5.69,5.48,5.53,113356
2013-09-04,5.53,5.85,5.53,5.85,246276
2013-09-05,5.9,5.95,5.75,5.88,192000
2013-09-06,5.88,5.88,5.5,5.72,173000
2013-09-09,5.6,5.76,5.6,5.65,94220
2013-09-10,5.67,5.71,5.65,5.65,66413
2013-09-11,5.65,5.66,5.56,5.64,85000
2013-09-12,5.64,5.72,5.64,5.72,108081
2013-09-13,5.7,5.75,5.7,5.71,36396
2013-09-14,5.7,5.75,5.6,5.63,17305
2013-09-16,5.64,5.7,5.6,5.61,64007
2013-09-17,5.61,6.0,5.61,5.8,227142
2013-09-18,5.8,5.9,5.67,5.8,109198
2013-09-23,5.71,5.9,5.71,5.78,90500
2013-09-24,5.89,5.89,5.73,5.76,108056
2013-09-25,5.8,5.94,5.75,5.91,216000
2013-09-26,6.03,6.19,5.91,6.13,352263
2013-09-27,6.25,6.55,6.15,6.55,698000
2013-09-30,6.55,7.0,6.55,7.0,1574507
2013-10-01,7.05,7.1,6.56,6.75,662101
2013-10-02,6.75,6.82,6.64,6.74,295293
2013-10-03,6.74,6.78,6.52,6.57,471400
2013-10-04,6.53,6.68,6.53,6.61,234500
2013-10-07,6.62,6.62,6.36,6.36,279732
2013-10-08,6.3,6.35,6.25,6.25,233000
2013-10-09,6.25,6.4,6.25,6.31,163805
2013-10-11,6.34,6.44,6.25,6.25,113051
2013-10-14,6.25,6.26,6.01,6.02,147216
2013-10-15,6.05,6.44,6.04,6.44,321000
2013-10-16,6.4,6.4,6.25,6.38,154000
2013-10-17,6.41,6.5,6.33,6.37,130305
2013-10-18,6.42,6.65,6.38,6.53,294363
2013-10-21,6.65,6.65,6.41,6.42,117000
2013-10-22,6.42,6.57,6.4,6.46,118755
2013-10-23,6.56,6.56,6.4,6.41,109055
2013-10-24,6.46,6.46,6.34,6.35,117000
2013-10-25,6.34,6.4,6.3,6.3,85188
2013-10-28,6.25,6.29,6.25,6.26,60161
2013-10-29,6.24,6.26,6.21,6.24,54300
2013-10-30,6.24,6.38,6.18,6.3,156172
2013-10-31,6.24,6.32,6.06,6.14,180001
2013-11-01,6.18,6.24,6.05,6.05,97034
2013-11-04,6.06,6.24,6.06,6.1,243005
2013-11-05,6.35,6.52,6.28,6.52,376025
2013-11-06,6.77,6.95,6.66,6.87,931410
2013-11-07,7.2,7.2,6.4,6.55,683192
2013-11-08,6.3,6.67,6.21,6.41,338300
2013-11-11,6.45,6.6,6.42,6.5,193000
2013-11-12,6.5,6.53,6.13,6.25,324000
2013-11-13,6.25,6.33,6.15,6.16,88000
2013-11-14,6.17,6.27,6.17,6.2,130014
2013-11-15,6.21,6.41,6.21,6.41,94000
2013-11-18,6.45,6.45,6.2,6.25,114002
2013-11-19,6.26,6.34,6.25,6.34,35736
2013-11-20,6.36,6.36,6.2,6.23,144345
2013-11-21,6.25,6.3,6.25,6.26,54000
2013-11-22,6.3,6.3,6.15,6.18,118060
2013-11-25,6.25,6.45,6.25,6.44,58001
2013-11-26,6.3,6.48,6.3,6.33,75015
2013-11-27,6.35,6.45,6.33,6.45,145000
2013-11-28,6.45,6.48,6.33,6.35,197000
2013-11-29,6.45,6.45,6.28,6.3,119841
2013-12-02,6.4,6.4,6.31,6.32,49000
2013-12-03,6.32,6.4,6.3,6.3,98830
2013-12-04,6.32,6.35,6.26,6.26,165000
2013-12-05,6.26,6.3,6.2,6.28,91183
2013-12-06,6.3,6.41,6.28,6.3,97000
2013-12-09,6.32,6.35,6.25,6.33,231050
2013-12-10,6.33,6.41,6.33,6.37,123000
2013-12-11,6.36,6.36,6.21,6.21,132101
2013-12-12,6.22,6.22,6.18,6.2,133499
2013-12-13,6.2,6.33,6.2,6.23,41205
2013-12-16,6.2,6.25,6.2,6.2,118000
2013-12-17,6.29,6.3,6.25,6.25,115000
2013-12-18,6.27,6.27,6.25,6.25,25871
2013-12-19,6.3,6.37,6.25,6.26,46001
2013-12-20,6.35,6.35,6.26,6.27,132001
2013-12-23,6.3,6.34,6.28,6.29,64000
2013-12-24,6.32,6.33,6.21,6.24,94486
2013-12-25,6.25,6.3,6.25,6.3,73000
2013-12-26,6.32,6.74,6.22,6.74,548450
2013-12-27,6.98,7.21,6.98,7.12,2338712
2013-12-30,7.1,7.19,6.8,7.11,949353
2013-12-31,6.9,7.17,6.9,6.96,402000
2014-01-02,7.15,7.23,6.9,7.13,442000
2014-01-03,7.13,7.2,6.95,7.19,593000
2014-01-06,7.2,7.6,7.12,7.45,751369
2014-01-07,7.46,7.55,7.25,7.41,451376
2014-01-08,7.43,7.61,7.3,7.52,738776
2014-01-09,7.72,7.75,7.3,7.32,769369
2014-01-10,7.32,7.5,7.32,7.48,644480
2014-01-13,7.5,7.5,7.3,7.3,425242
2014-01-14,7.32,7.37,7.21,7.21,317848
2014-01-15,7.24,7.25,7.17,7.18,285479
2014-01-16,7.37,7.37,7.01,7.01,284503
2014-01-17,7.03,7.12,7.01,7.11,212010
2014-01-20,7.11,7.15,7.01,7.1,187000
2014-01-21,7.05,7.13,7.01,7.05,241010
2014-01-22,7.05,7.08,6.92,6.94,274000
2014-01-23,6.93,7.0,6.92,6.93,205000
2014-01-24,6.93,6.99,6.88,6.89,84362
2014-01-27,6.89,6.89,6.8,6.83,145000
2014-02-05,6.81,6.82,6.71,6.74,128001
2014-02-06,6.75,6.96,6.75,6.84,108000
2014-02-07,6.85,7.05,6.85,6.87,120324
2014-02-10,6.87,6.97,6.87,6.97,68100
2014-02-11,7.04,7.04,6.92,6.99,85000
2014-02-12,7.0,7.0,6.92,6.98,83000
2014-02-13,6.91,7.0,6.8,7.0,122000
2014-02-14,7.0,7.05,6.95,7.0,96001
2014-02-17,7.03,7.03,6.8,6.83,263000
2014-02-18,6.82,6.88,6.82,6.84,151000
2014-02-19,7.0,7.0,6.87,7.0,217580
2014-02-20,7.1,7.49,7.1,7.49,1255180
2014-02-21,7.5,7.75,7.33,7.45,1257177
2014-02-24,7.55,7.55,7.31,7.4,474000
2014-02-25,7.5,7.5,7.3,7.35,208069
2014-02-26,7.35,7.37,7.18,7.25,168040
2014-02-27,7.26,7.42,7.2,7.25,207144
2014-03-03,7.25,7.4,7.25,7.31,208211
2014-03-04,7.3,7.31,7.18,7.22,255000
2014-03-05,7.23,7.49,7.21,7.31,337503
2014-03-06,7.32,7.35,7.2,7.25,182298
2014-03-07,7.37,7.38,7.19,7.19,170000
2014-03-10,7.17,7.19,7.04,7.12,165192
2014-03-11,7.1,7.25,7.1,7.13,117000
2014-03-12,7.17,7.32,7.15,7.21,108311
2014-03-13,7.22,7.34,7.18,7.21,183000
2014-03-14,6.82,7.25,6.82,7.1,274078
2014-03-17,7.12,7.15,7.07,7.15,115712
2014-03-18,7.21,7.27,7.15,7.15,139000
2014-03-19,7.2,7.2,7.03,7.05,128000
2014-03-20,7.05,7.1,6.93,6.97,233300
2014-03-21,6.98,7.05,6.97,6.97,130002
2014-03-24,6.9,6.99,6.9,6.99,111000
2014-03-25,6.95,7.12,6.95,7.12,80000
2014-03-26,7.15,7.16,7.05,7.05,85565
2014-03-27,7.03,7.15,6.99,7.05,63153
2014-03-28,7.05,7.1,6.96,6.99,116000
2014-03-31,6.96,7.05,6.91,7.0,326000
2014-04-01,7.0,7.06,6.91,6.95,267000
2014-04-02,6.98,7.05,6.97,6.97,121000
2014-04-03,6.99,7.0,6.92,6.97,174101
2014-04-07,6.97,7.02,6.97,6.98,279015
2014-04-08,6.92,6.97,6.92,6.95,96503
2014-04-09,6.99,7.0,6.93,6.95,86076
2014-04-10,6.9,6.96,6.9,6.9,198100
2014-04-11,6.88,6.95,6.63,6.65,267903
2014-04-14,6.66,6.66,6.5,6.6,117000
2014-04-15,6.58,6.8,6.51,6.8,232608
2014-04-16,6.8,6.85,6.61,6.81,167000
2014-04-17,6.81,6.81,6.62,6.67,192200
2014-04-18,6.67,6.68,6.65,6.67,98699
2014-04-21,6.75,6.75,6.6,6.65,94400
2014-04-22,6.69,6.75,6.69,6.7,88012
2014-04-23,6.95,6.95,6.71,6.8,124000
2014-04-24,6.8,6.82,6.7,6.74,146000
2014-04-25,6.72,6.85,6.5,6.51,244000
2014-04-28,6.56,6.71,6.51,6.61,130566
2014-04-29,6.61,6.83,6.61,6.62,63000
2014-04-30,6.66,6.78,6.6,6.62,83000
2014-05-02,6.62,6.77,6.62,6.64,86000
2014-05-05,6.65,6.75,6.64,6.64,74060
2014-05-06,7.1,7.1,6.8,6.91,174120
2014-05-07,7.05,7.05,6.67,6.92,223000
2014-05-08,6.93,7.05,6.9,6.91,239251
2014-05-09,6.92,7.03,6.86,6.97,93001
2014-05-12,7.1,7.1,6.85,6.87,57000
2014-05-13,6.89,6.91,6.82,6.82,95015
2014-05-14,6.82,6.82,6.56,6.7,80285
2014-05-15,7.16,7.16,7.16,7.16,399000
2014-05-16,7.6,7.64,7.2,7.3,2024272
2014-05-19,7.4,7.5,7.1,7.44,1067274
2014-05-20,7.5,7.5,7.25,7.45,396165
2014-05-21,7.5,7.97,7.36,7.97,1536799
2014-05-22,8.52,8.52,8.35,8.52,1660000
2014-05-23,9.11,9.11,8.9,9.11,3931831
2014-05-26,9.5,9.51,9.21,9.3,2838168
2014-05-27,9.3,9.5,9.0,9.25,1447000
2014-05-28,9.15,9.4,9.06,9.21,918246
2014-05-29,9.35,9.35,9.01,9.01,1059010
2014-05-30,8.88,9.1,8.71,8.85,1406001
2014-06-03,8.9,9.46,8.86,9.46,1311050
2014-06-04,10.1,10.1,10.05,10.1,1188195
2014-06-05,10.8,10.8,10.8,10.8,1464000
2014-06-06,11.55,11.55,11.55,11.55,1482671
2014-06-09,12.35,12.35,12.35,12.35,1101113
2014-06-10,13.2,13.2,11.5,11.55,6033632
2014-06-11,11.35,11.9,11.0,11.75,3108985
2014-06-12,11.6,12.55,11.5,12.55,2731174
2014-06-13,13.35,13.35,12.55,12.9,3684117
2014-06-16,12.7,12.7,12.0,12.1,2434311
2014-06-17,12.1,12.6,11.8,12.1,1527000
2014-06-18,12.1,12.4,11.5,11.7,1709455
2014-06-19,11.5,12.0,11.5,11.65,912561
2014-06-20,11.55,11.8,10.95,11.25,1616707
2014-06-23,11.3,11.35,10.5,10.65,1888203
2014-06-24,10.5,10.65,10.1,10.4,1724142
2014-06-25,10.3,11.1,10.25,11.1,1205243
2014-06-26,11.6,11.85,11.4,11.85,1927188
2014-06-27,11.9,11.95,11.05,11.05,3140001
2014-06-30,11.0,11.0,10.7,10.7,1476320
2014-07-01,10.7,11.4,10.7,11.4,2392556
2014-07-02,11.4,11.6,11.0,11.3,1702499
2014-07-03,11.25,11.4,11.15,11.15,884259
2014-07-04,11.0,11.25,11.0,11.05,524001
2014-07-07,10.7,11.0,10.3,10.6,1725000
2014-07-08,10.6,10.75,10.35,10.35,1005100
2014-07-09,10.55,10.6,10.35,10.4,657100
2014-07-10,10.15,10.5,10.15,10.2,712360
2014-07-11,10.2,10.3,10.0,10.0,817000
2014-07-14,10.0,10.05,9.53,9.59,980439
2014-07-15,9.6,10.25,9.59,10.25,699370
2014-07-16,10.95,10.95,10.7,10.95,2054681
2014-07-17,10.95,11.35,10.4,10.7,2086400
2014-07-18,10.55,10.7,10.3,10.35,896000
2014-07-21,10.4,11.0,10.4,10.7,795000
2014-07-22,10.7,10.8,10.5,10.6,452001
2014-07-24,10.8,10.85,10.4,10.8,781308
2014-07-25,10.8,10.8,10.3,10.4,797088
2014-07-28,10.2,10.5,10.05,10.4,650000
2014-07-29,10.55,10.55,10.05,10.1,635000
2014-07-30,10.1,10.4,10.1,10.3,484100
2014-07-31,10.3,10.3,10.1,10.1,261635
2014-08-01,10.0,10.05,9.96,9.99,421000
2014-08-04,10.0,10.15,9.99,10.05,317000
2014-08-05,10.05,10.1,9.98,10.05,300000
2014-08-06,10.15,10.15,9.35,9.8,631000
2014-08-07,9.75,10.45,9.75,10.45,1914248
2014-08-08,10.5,10.55,10.1,10.45,1279000
2014-08-11,10.9,10.95,10.25,10.4,963000
2014-08-12,10.3,10.35,9.99,10.05,634000
2014-08-13,10.05,10.15,9.89,10.0,480251
2014-08-14,10.0,10.4,9.85,9.88,816436
2014-08-15,9.84,9.92,9.63,9.65,641500
2014-08-18,9.65,9.67,8.98,9.02,893001
2014-08-19,8.8,9.39,8.8,9.23,815805
2014-08-20,9.26,9.48,9.09,9.09,311305
2014-08-21,9.1,9.1,8.63,8.75,425515
2014-08-22,8.88,8.96,8.82,8.9,419041
2014-08-25,9.45,9.45,9.15,9.16,326000
2014-08-26,9.16,9.22,8.97,9.06,353000
2014-08-27,9.2,9.23,9.09,9.11,290060
2014-08-28,9.21,9.21,9.11,9.11,193600
2014-08-29,9.11,9.25,9.11,9.15,211000
2014-09-01,9.2,9.21,9.0,9.12,364000
2014-09-02,9.19,9.19,9.05,9.05,297079
2014-09-03,9.0,9.16,9.0,9.0,399000
2014-09-04,9.0,9.09,8.91,9.0,297000
2014-09-05,8.93,9.0,8.9,9.0,218122
2014-09-09,9.01,9.05,8.88,8.99,140596
2014-09-10,9.0,9.0,8.88,8.9,100001
2014-09-11,9.0,9.09,8.78,8.9,400000
2014-09-12,8.86,9.05,8.78,8.91,362060
2014-09-15,8.85,8.93,8.8,8.82,279060
2014-09-16,8.81,9.0,8.8,8.99,422000
2014-09-17,9.04,9.05,8.82,8.82,228000
2014-09-18,8.82,9.43,8.82,9.43,1057515
2014-09-19,9.43,9.43,9.1,9.21,783805
2014-09-22,9.18,9.18,8.98,9.0,325251
2014-09-23,9.05,9.16,9.0,9.1,214000
2014-09-24,9.05,9.11,8.91,9.0,201000
2014-09-25,9.05,9.06,8.75,8.88,403000
2014-09-26,8.82,8.82,8.6,8.74,408000
2014-09-29,8.78,8.85,8.74,8.79,188200
2014-09-30,8.9,9.05,8.7,9.05,384000
2014-10-01,9.01,9.08,8.92,8.96,107251
2014-10-02,8.91,9.05,8.9,9.05,199000
2014-10-03,9.1,9.15,8.96,9.1,219000
2014-10-06,9.1,9.13,9.0,9.03,168000
2014-10-07,9.02,9.02,8.93,8.93,74001
2014-10-08,8.88,9.0,8.88,8.95,100000
2014-10-09,8.94,8.95,8.76,8.76,131000
2014-10-13,8.18,8.69,8.15,8.35,250000
2014-10-14,8.11,8.34,8.0,8.05,272013
2014-10-15,8.05,8.16,7.88,7.88,162000
2014-10-16,7.81,7.85,7.43,7.8,235000
2014-10-17,7.8,7.94,7.54,7.54,144400
2014-10-20,7.54,7.8,7.54,7.73,78000
2014-10-21,7.75,7.75,7.55,7.74,112000
2014-10-22,7.86,7.9,7.61,7.62,230240
2014-10-23,7.62,7.74,7.5,7.5,221000
2014-10-24,7.6,7.6,7.46,7.47,110456
2014-10-27,7.38,7.47,7.0,7.0,218012
2014-10-28,6.85,7.1,6.85,6.96,247000
2014-10-29,7.1,7.44,7.1,7.44,353000
2014-10-30,7.45,7.83,7.45,7.72,421000
2014-10-31,7.9,7.9,7.5,7.78,167001
2014-11-03,7.7,8.14,7.7,8.0,255000
2014-11-04,7.98,7.98,7.9,7.97,86000
2014-11-05,7.97,8.0,7.86,7.9,92000
2014-11-06,7.95,7.95,7.77,7.88,87000
2014-11-07,7.88,7.95,7.7,7.81,158000
2014-11-10,7.89,7.9,7.65,7.75,177015
2014-11-11,7.8,7.95,7.75,7.75,129000
2014-11-12,7.75,7.79,7.7,7.76,43003
2014-11-13,7.76,7.95,7.7,7.75,117001
2014-11-14,7.81,7.85,7.6,7.7,227000
2014-11-17,7.67,7.67,7.44,7.44,120010
2014-11-18,7.55,7.67,7.21,7.3,137000
2014-11-19,6.96,7.4,6.96,7.35,179000
2014-11-20,7.35,7.35,7.22,7.28,102100
2014-11-21,7.35,7.35,7.1,7.1,163000
2014-11-24,7.16,7.35,7.1,7.23,124000
2014-11-25,7.23,7.28,7.22,7.25,53378
2014-11-26,7.25,7.34,7.15,7.16,87030
2014-11-27,7.16,7.25,7.08,7.18,107000
2014-11-28,7.11,7.13,7.04,7.05,62040
2014-12-01,6.98,7.08,6.82,7.08,170131
2014-12-02,7.08,7.23,7.08,7.1,142000
2014-12-03,7.1,7.29,7.1,7.23,128144
2014-12-04,7.21,7.33,7.2,7.29,167000
2014-12-05,7.25,7.29,7.21,7.29,109100
2014-12-08,7.31,7.55,7.31,7.44,247000
2014-12-09,7.38,7.49,7.22,7.3,222000
2014-12-10,7.28,7.32,7.22,7.29,109652
2014-12-11,7.12,7.24,7.1,7.12,212000
2014-12-12,7.15,7.23,7.07,7.07,183000
2014-12-15,7.0,7.09,6.98,6.99,260000
2014-12-16,6.99,7.15,6.99,7.07,146000
2014-12-17,7.12,7.45,7.12,7.25,448000
2014-12-18,7.25,7.25,7.1,7.12,276000
2014-12-19,7.16,7.2,7.01,7.01,263000
2014-12-22,7.07,7.11,7.06,7.07,188000
2014-12-23,7.1,7.17,7.03,7.17,179060
2014-12-24,7.17,7.4,7.15,7.3,314000
2014-12-25,7.3,7.81,7.3,7.81,856000
2014-12-26,7.8,8.3,7.61,8.12,1275010
2014-12-27,8.12,8.4,8.0,8.25,664001
2014-12-29,8.3,8.35,8.15,8.17,453000
2014-12-30,8.24,8.24,7.85,8.04,495948
2014-12-31,8.03,8.03,7.88,7.91,339110
2015-01-05,7.37,7.9,7.37,7.81,337547
2015-01-06,7.6,7.77,7.55,7.63,314897
2015-01-07,7.7,7.89,7.64,7.8,192334
2015-01-08,7.8,7.85,7.61,7.7,167188
2015-01-09,7.73,7.82,7.7,7.82,233000
2015-01-12,7.82,7.82,7.61,7.7,184000
2015-01-13,7.7,7.79,7.68,7.69,109000
2015-01-14,7.76,7.99,7.67,7.85,153000
2015-01-15,7.85,7.85,7.76,7.76,136000
2015-01-16,7.72,7.78,7.42,7.45,348749
2015-01-19,7.5,7.62,7.31,7.35,221043
2015-01-20,7.3,7.5,7.3,7.43,206200
2015-01-21,7.45,7.45,7.33,7.33,104335
2015-01-22,7.47,7.6,7.4,7.59,304000
2015-01-23,7.73,7.85,7.6,7.63,170653
2015-01-26,7.7,7.7,7.51,7.51,112065
2015-01-27,7.53,7.68,7.53,7.53,188400
2015-01-28,7.54,8.05,7.53,8.05,855550
2015-01-29,8.2,8.39,8.07,8.16,1327257
2015-01-30,8.2,8.21,8.0,8.0,423000
2015-03-02,7.48,7.62,7.45,7.57,147752
2015-03-03,7.49,7.57,7.48,7.57,172000
2015-03-04,7.53,7.56,7.5,7.51,169347
2015-03-05,7.52,7.56,7.47,7.47,81130
2015-03-06,7.47,7.89,7.47,7.88,472060
2015-03-09,7.85,7.85,7.65,7.84,236503
2015-03-10,7.75,7.75,7.6,7.63,164704
2015-03-11,7.5,7.55,7.43,7.45,254207
2015-03-12,7.44,7.45,7.24,7.3,577000
2015-03-13,7.34,7.43,7.3,7.3,225330
2015-03-16,7.2,7.3,7.09,7.11,288642
2015-03-17,7.11,7.19,7.05,7.05,326920
2015-03-18,7.05,7.15,6.98,7.06,471986
2015-03-19,7.05,7.2,7.05,7.12,170000
2015-03-20,7.15,7.23,7.0,7.03,294182
2015-03-23,7.03,7.38,7.03,7.25,301049
2015-03-24,7.24,7.24,7.1,7.12,158292
2015-03-25,7.23,7.23,7.04,7.05,188419
2015-03-26,7.04,7.19,7.03,7.1,239500
2015-03-27,7.17,7.17,7.08,7.12,197586
2015-03-30,7.2,7.24,7.11,7.12,240763
2015-03-31,7.12,7.12,7.01,7.03,427950
2015-04-16,10.0,10.0,10.0,10.0,459394
2015-04-17,10.7,10.7,10.7,10.7,353586
2015-04-20,11.4,11.4,11.4,11.4,407000
2015-04-21,12.15,12.15,11.5,11.6,4907300
2015-04-22,11.8,11.8,11.05,11.25,1784225
2015-04-23,11.25,11.45,10.85,11.0,1684140
2015-04-24,11.0,11.25,10.7,10.95,1114842
2015-04-27,10.95,11.15,10.7,10.75,659751
2015-04-28,10.85,11.5,10.85,11.5,1081038
2015-04-29,12.1,12.3,11.65,11.65,4858283
2015-04-30,11.0,12.1,11.0,11.9,2069817
2015-05-04,12.0,12.7,11.95,12.7,2823351
2015-05-05,12.95,13.1,11.9,11.9,3242750
2015-05-06,11.5,11.75,11.4,11.7,1316750
2015-05-07,11.6,12.0,11.5,11.55,1159605
2015-05-08,11.7,11.7,11.15,11.15,922258
2015-05-11,11.15,11.25,10.4,10.5,1527750
2015-05-12,10.45,10.45,10.0,10.2,920500
2015-05-13,10.3,10.9,10.25,10.9,683279
2015-05-14,10.7,10.95,10.4,10.4,1172094
2015-05-15,10.3,10.8,10.2,10.25,605459
2015-05-18,10.05,10.05,9.54,9.54,1168864
2015-05-19,9.54,9.54,9.25,9.51,421507
2015-05-20,9.51,9.77,9.51,9.55,429758
2015-05-21,9.5,9.5,9.3,9.31,281556
2015-05-22,9.55,9.56,9.35,9.39,394249
2015-05-25,9.39,9.61,9.3,9.31,289686
2015-05-26,9.35,9.53,8.68,8.68,410500
2015-05-27,8.7,8.93,8.26,8.38,980125
2015-05-28,8.4,8.96,8.4,8.96,786550
2015-05-29,8.95,9.47,8.81,9.3,852042
2015-06-01,9.1,9.44,8.8,8.95,611800
2015-06-02,8.83,9.0,8.65,8.7,292801
2015-06-03,8.71,8.82,8.42,8.54,400250
2015-06-04,8.54,8.67,8.35,8.37,185250
2015-06-05,8.4,8.4,8.0,8.1,387250
2015-06-08,8.1,8.4,7.46,8.37,592250
2015-06-09,8.31,8.57,7.56,7.6,512478
2015-06-10,7.3,8.26,7.3,8.0,448877
2015-06-11,7.9,8.0,7.6,7.6,356500
2015-06-12,7.6,7.68,7.52,7.67,150250
2015-06-15,7.75,7.8,7.66,7.69,153750
2015-06-16,7.66,7.69,7.32,7.32,158800
2015-06-17,7.35,7.55,7.35,7.49,174000
2015-06-18,7.5,7.82,7.5,7.75,188485
2015-06-22,7.77,7.88,7.69,7.8,76000
2015-06-23,8.0,8.0,7.7,7.75,87500
2015-06-24,7.88,7.88,7.78,7.83,100500
2015-06-25,7.85,7.94,7.85,7.94,90500
2015-06-26,7.94,8.46,7.94,8.38,477963
2015-06-29,8.1,8.3,7.88,7.95,223351
2015-06-30,7.95,8.07,7.95,8.01,51750
2015-07-01,8.1,8.13,8.0,8.02,110121
2015-07-02,8.02,8.19,8.02,8.07,110250
2015-07-03,7.91,7.97,7.9,7.9,69196
2015-07-06,7.89,7.89,7.66,7.79,41100
2015-07-07,7.79,7.99,7.79,7.82,40750
2015-07-08,7.72,7.81,7.24,7.33,128500
2015-07-09,7.09,7.44,7.03,7.44,113000
2015-07-13,7.56,7.69,7.56,7.58,39750
2015-07-14,7.79,7.79,7.5,7.5,68750
2015-07-15,7.5,7.57,7.32,7.42,34195
2015-07-16,7.21,7.34,7.21,7.25,38750
2015-07-17,7.59,7.59,7.31,7.31,26000
2015-07-20,7.33,7.33,7.22,7.22,21000
2015-07-21,7.0,7.15,7.0,7.05,50500
2015-07-22,7.1,7.1,7.0,7.02,42750
2015-07-23,7.03,7.03,6.85,7.02,102499
2015-07-24,7.0,7.01,6.71,6.83,85499
2015-07-27,6.83,6.83,6.15,6.15,304750
2015-07-28,6.15,6.29,6.06,6.06,95029
2015-07-29,6.07,6.14,5.85,6.04,84501
2015-07-30,6.02,6.12,6.02,6.04,79999
2015-07-31,6.04,6.08,5.9,5.91,82750
2015-08-03,5.89,5.9,5.53,5.55,100521
2015-08-04,5.55,5.78,5.4,5.55,173500
2015-08-05,5.57,5.7,5.51,5.58,161250
2015-08-06,5.6,5.63,5.5,5.52,81770
2015-08-07,5.52,5.55,5.36,5.37,112750
2015-08-10,5.43,5.57,5.42,5.46,32020
2015-08-11,5.6,5.69,5.5,5.5,91000
2015-08-12,5.4,5.5,5.4,5.5,35000
2015-08-13,5.5,5.55,5.4,5.55,54800
2015-08-14,5.5,5.52,5.45,5.52,29500
2015-08-17,5.5,5.52,5.46,5.52,20000
2015-08-18,5.54,5.54,5.38,5.4,83000
2015-08-19,5.33,5.33,5.1,5.19,94901
2015-08-20,5.19,5.2,5.1,5.18,54000
2015-08-21,5.11,5.11,4.8,5.0,182825
2015-08-24,4.7,4.9,4.56,4.56,153161
2015-08-25,4.31,4.79,4.27,4.79,135250
2015-08-26,4.7,4.93,4.7,4.93,39850
2015-08-27,5.15,5.15,4.86,5.05,136250
2015-08-28,5.05,5.14,5.03,5.13,71250
2015-08-31,5.31,5.31,5.03,5.1,58500
2015-09-01,5.1,5.3,5.1,5.2,78750
2015-09-02,5.1,5.2,5.06,5.2,52301
2015-09-03,5.14,5.3,5.11,5.27,119250
2015-09-04,5.25,5.32,5.15,5.18,80449
2015-09-07,5.2,5.27,5.1,5.13,43750
2015-09-08,5.21,5.24,5.2,5.2,42500
2015-09-09,5.3,5.48,5.21,5.4,137209
2015-09-10,5.4,5.49,5.32,5.49,62000
2015-09-11,5.51,5.73,5.51,5.65,232975
2015-09-14,5.66,5.73,5.32,5.59,123475
2015-09-15,5.59,5.68,5.59,5.6,97750
2015-09-16,5.75,5.75,5.65,5.68,133750
2015-09-17,5.7,6.0,5.7,5.88,185200
2015-09-18,5.88,5.9,5.82,5.9,55250
2015-09-21,5.88,5.88,5.42,5.55,83752
2015-09-22,5.88,5.88,5.5,5.69,63750
2015-09-23,5.69,5.69,5.55,5.55,68000
2015-09-24,5.55,5.62,5.4,5.43,35750
2015-09-25,5.5,5.7,5.45,5.7,43173
2015-09-30,5.6,5.78,5.55,5.78,6750
2015-10-01,5.87,5.9,5.8,5.89,33780
2015-10-02,5.89,5.89,5.7,5.73,15000
2015-10-05,5.74,5.76,5.65,5.76,83250
2015-10-06,5.83,5.83,5.67,5.67,103537
2015-10-07,5.67,5.72,5.61,5.68,38250
2015-10-08,5.7,5.82,5.67,5.69,87000
2015-10-12,5.69,5.76,5.69,5.76,114501
2015-10-13,5.76,5.76,5.64,5.65,39000
2015-10-14,5.71,6.0,5.65,5.86,153750
2015-10-15,6.07,6.07,5.82,5.85,103857
2015-10-16,5.95,6.01,5.81,5.9,132500
2015-10-19,5.93,6.18,5.86,6.18,245300
2015-10-20,6.35,6.55,6.13,6.5,218612
2015-10-21,6.51,6.52,6.29,6.3,196500
2015-10-22,6.3,6.4,6.02,6.3,161237
2015-10-23,6.6,6.6,6.4,6.5,159513
2015-10-26,6.6,6.65,6.15,6.3,119750
2015-10-27,6.16,6.4,6.16,6.24,50320
2015-10-28,6.2,6.33,6.17,6.2,93550
2015-10-29,6.21,6.21,6.1,6.12,98500
2015-10-30,6.15,6.15,6.0,6.05,54750
2015-11-02,6.1,6.29,6.0,6.29,63000
2015-11-03,6.21,6.32,6.2,6.3,44998
2015-11-04,6.3,6.36,6.23,6.35,65500
2015-11-05,6.35,6.45,6.31,6.39,102250
2015-11-06,6.17,6.37,6.17,6.36,64750
2015-11-09,6.35,6.37,6.18,6.2,36500
2015-11-10,6.2,6.26,6.05,6.26,44611
2015-11-11,6.15,6.19,6.07,6.19,72004
2015-11-12,6.19,6.19,6.05,6.08,106000
2015-11-13,5.95,6.0,5.91,5.91,51464
2015-11-16,5.7,5.89,5.66,5.89,148000
2015-11-17,5.89,5.98,5.62,5.71,115043
2015-11-18,5.66,5.87,5.66,5.7,55000
2015-11-19,5.7,5.84,5.5,5.66,95499
2015-11-20,5.7,5.7,5.6,5.61,35250
2015-11-23,5.61,5.9,5.61,5.73,60750
2015-11-24,5.74,5.74,5.54,5.54,67499
2015-11-25,5.82,5.82,5.5,5.5,69250
2015-11-26,5.57,5.72,5.52,5.68,67500
2015-11-27,5.68,5.7,5.68,5.68,87249
2015-11-30,5.68,5.69,5.5,5.69,74999
2015-12-01,5.7,6.0,5.7,5.8,171250
2015-12-02,5.9,5.9,5.7,5.71,90081
2015-12-03,5.82,5.96,5.82,5.9,63000
2015-12-04,5.8,5.88,5.71,5.83,83499
2015-12-07,5.93,5.93,5.72,5.73,50750
2015-12-08,5.73,5.73,5.62,5.62,8599
2015-12-09,5.6,5.6,5.46,5.46,22500
2015-12-10,5.47,5.48,5.47,5.48,22341
2015-12-11,5.5,5.5,5.4,5.42,38651
2015-12-14,5.2,5.29,5.11,5.25,32000
2015-12-15,5.3,5.3,5.25,5.27,12250
2015-12-16,5.27,5.35,5.27,5.35,28250
2015-12-17,5.37,5.43,5.37,5.37,22250
2015-12-18,5.35,5.35,5.26,5.26,28000
2015-12-21,5.3,5.5,5.3,5.4,66000
2015-12-22,5.42,5.64,5.42,5.56,102050
2015-12-23,5.41,5.79,5.41,5.7,82303
2015-12-24,5.7,5.74,5.6,5.7,69250
2015-12-25,5.3,5.72,5.3,5.56,158009
2015-12-28,5.69,5.89,5.57,5.78,137500
2015-12-29,5.78,5.88,5.66,5.84,128499
2015-12-30,5.87,5.88,5.79,5.8,47000
2015-12-31,5.85,5.88,5.8,5.8,103002
2016-01-04,5.8,5.83,5.73,5.81,64750
2016-01-05,5.72,5.85,5.72,5.73,66250
2016-01-06,5.63,5.63,5.3,5.52,73500
2016-01-07,5.48,5.55,5.12,5.23,209500
2016-01-08,5.28,5.45,5.24,5.4,62000
2016-01-11,5.31,5.58,5.31,5.57,142750
2016-01-12,5.35,5.85,5.35,5.6,94000
2016-01-13,5.65,5.7,5.37,5.55,106000
2016-01-14,5.45,5.57,5.4,5.56,70750
2016-01-15,5.6,5.6,5.41,5.56,45000
2016-01-18,5.4,5.86,5.4,5.86,55500
2016-01-19,5.66,6.09,5.66,6.03,125180
2016-01-20,5.9,6.02,5.88,5.99,28000
2016-01-21,5.99,6.15,5.99,6.1,154500
2016-01-22,6.09,6.25,6.09,6.18,140500
2016-01-25,6.19,6.24,6.18,6.2,77100
2016-01-26,6.1,6.24,6.1,6.24,132455
2016-01-27,6.29,6.29,6.1,6.2,36000
2016-01-28,5.85,6.25,5.85,6.24,128000
2016-01-29,6.21,6.29,6.2,6.29,86250
2016-01-30,6.28,6.3,6.21,6.3,96250
2016-02-01,6.3,6.44,6.25,6.31,71499
2016-02-02,6.34,6.34,6.2,6.2,13500
2016-02-03,6.2,6.28,6.13,6.28,48568
2016-02-15,6.26,6.37,6.26,6.37,110083
2016-02-16,6.37,6.42,6.37,6.41,61250
2016-02-17,6.41,6.45,6.41,6.44,92000
2016-02-18,6.48,6.59,6.35,6.45,64500
2016-02-19,6.36,6.42,6.26,6.42,74750
2016-02-22,6.43,6.43,6.28,6.4,39372
2016-02-23,6.51,6.51,6.3,6.45,56651
2016-02-24,6.45,6.48,6.4,6.47,45000
2016-02-25,6.47,6.5,6.36,6.38,55000
2016-02-26,6.35,6.35,6.17,6.34,69000
2016-03-01,6.25,6.27,6.17,6.2,35500
2016-03-02,6.18,6.24,6.18,6.24,60348
2016-03-03,6.2,6.28,6.07,6.25,76273
2016-03-04,6.07,6.35,6.07,6.31,70761
2016-03-07,6.26,6.6,6.21,6.45,87750
2016-03-08,6.3,6.35,6.23,6.32,62250
2016-03-09,6.32,6.57,6.32,6.5,198250
2016-03-10,6.56,6.57,6.45,6.57,75500
2016-03-11,6.55,7.02,6.3,7.0,367557
2016-03-14,7.65,7.67,7.35,7.49,547380
2016-03-15,7.45,7.5,6.86,7.45,324250
2016-03-16,7.4,7.4,7.01,7.22,124071
2016-03-17,7.22,7.29,7.1,7.25,154238
2016-03-18,7.25,7.35,7.11,7.3,127399
2016-03-21,7.19,7.22,7.11,7.22,51499
2016-03-22,7.15,7.16,7.01,7.16,62372
2016-03-23,6.9,7.16,6.9,7.14,32451
2016-03-24,7.0,7.24,6.93,7.16,88500
2016-03-25,7.02,7.2,7.02,7.2,92000
2016-03-28,7.29,7.29,7.15,7.21,54500
2016-03-29,7.07,7.19,7.0,7.16,123500
2016-03-30,7.07,7.23,7.06,7.22,63000
2016-03-31,7.25,7.25,7.12,7.22,49950
2016-04-01,7.22,7.23,7.1,7.23,75485
2016-04-06,7.25,7.25,7.08,7.2,28250
2016-04-07,7.2,7.25,7.05,7.23,138250
2016-04-08,7.25,7.25,7.21,7.24,50741
2016-04-11,7.4,7.5,7.3,7.5,232540
2016-04-12,7.55,8.2,7.55,7.61,311000
2016-04-13,7.65,7.9,7.5,7.58,191750
2016-04-14,7.53,7.7,7.52,7.62,83750
2016-04-15,7.54,7.65,7.35,7.65,101750
2016-04-18,7.44,7.74,7.44,7.7,59500
2016-04-19,7.7,7.7,7.6,7.7,48150
2016-04-20,7.65,7.7,7.6,7.63,35750
2016-04-21,7.65,7.78,7.63,7.76,62795
2016-04-22,7.76,7.82,7.65,7.82,194923
2016-04-25,7.8,7.85,7.67,7.85,147697
2016-04-26,7.75,7.86,7.65,7.86,43501
2016-04-27,7.82,7.88,7.75,7.79,66750
2016-04-28,7.83,7.83,7.7,7.75,56300
2016-04-29,7.7,7.85,7.59,7.72,109499
2016-05-03,7.83,7.88,7.77,7.78,115999
2016-05-04,7.51,7.81,7.47,7.81,161501
2016-05-05,7.91,7.95,7.82,7.92,50499
2016-05-06,7.93,8.02,7.92,7.92,73564
2016-05-09,7.83,7.96,7.83,7.96,34750
2016-05-10,7.99,8.38,7.99,8.14,163750
2016-05-11,8.14,8.17,7.92,8.1,112503
2016-05-12,8.1,8.19,7.8,7.8,97050
2016-05-13,7.7,8.07,7.4,8.05,110499
2016-05-16,8.03,8.04,7.79,8.03,46251
2016-05-17,8.0,8.05,8.0,8.04,20499
2016-05-18,7.24,8.03,7.24,7.84,82508
2016-05-19,7.43,7.9,7.43,7.88,70749
2016-05-20,7.8,7.97,7.8,7.94,32501
2016-05-23,7.9,8.05,7.85,8.0,91250
2016-05-24,8.0,8.0,7.78,7.95,63499
2016-05-25,7.9,7.99,7.79,7.97,73249
2016-05-26,7.96,8.0,7.85,7.98,75249
2016-05-27,7.92,8.09,7.91,8.08,47509
2016-05-30,8.07,8.08,7.83,8.07,64494
2016-05-31,7.76,8.08,7.76,7.9,75000
2016-06-01,7.86,8.02,7.86,7.9,33000
2016-06-02,7.9,7.9,7.79,7.88,38250
2016-06-03,7.8,8.0,7.8,7.89,31111
2016-06-04,7.89,8.0,7.89,7.98,36250
2016-06-06,8.0,8.0,7.9,7.95,25499
2016-06-07,7.95,8.0,7.88,7.89,71251
2016-06-08,7.81,7.97,7.8,7.97,44250
2016-06-13,8.0,8.0,7.87,7.95,42251
2016-06-14,7.98,8.0,7.91,7.97,53750
2016-06-15,7.97,7.97,7.9,7.95,26628
2016-06-16,8.14,8.14,7.81,7.94,27250
2016-06-17,7.93,7.93,7.8,7.8,26000
2016-06-20,7.8,7.89,7.71,7.89,34499
2016-06-21,7.9,7.9,7.79,7.89,23250
2016-06-22,7.89,7.89,7.78,7.85,31499
2016-06-23,7.85,7.9,7.67,7.79,21000
2016-06-24,7.61,7.78,7.5,7.5,32250
2016-06-27,7.31,7.67,7.31,7.67,39499
2016-06-28,7.6,7.98,7.6,7.84,46500
2016-06-29,7.78,7.79,7.62,7.78,46391
2016-06-30,7.76,7.76,7.6,7.74,64214
2016-07-01,7.51,7.74,7.51,7.73,139065
2016-07-04,7.72,7.85,7.55,7.82,60499
2016-07-05,7.8,7.8,7.62,7.65,29750
2016-07-06,7.63,7.97,7.4,7.7,40006
2016-07-07,7.64,7.65,7.59,7.63,88500
2016-07-11,7.46,7.67,7.46,7.51,18750
2016-07-12,7.43,7.56,7.36,7.55,107302
2016-07-13,7.0,7.55,7.0,7.53,81499
2016-07-14,7.5,7.55,7.48,7.48,16400
2016-07-15,7.48,7.64,7.2,7.45,40000
2016-07-18,7.45,7.45,7.28,7.28,70750
2016-07-19,7.27,7.34,7.13,7.34,49324
2016-07-20,7.16,7.33,7.16,7.32,31499
2016-07-21,7.32,7.34,7.2,7.29,66250
2016-07-22,7.29,7.33,7.29,7.33,37644
2016-07-25,7.3,7.3,7.16,7.27,66001
2016-07-26,7.27,7.3,7.25,7.3,40500
2016-07-27,7.3,7.68,7.2,7.55,65150
2016-07-28,7.36,7.49,7.3,7.46,50401
2016-07-29,7.31,7.38,7.11,7.38,50545
2016-08-01,7.28,7.28,7.2,7.23,31750
2016-08-02,7.22,7.22,7.05,7.18,120265
2016-08-03,7.08,7.13,7.0,7.08,138559
2016-08-04,7.08,7.08,7.0,7.07,44280
2016-08-05,7.04,7.07,7.01,7.07,44945
2016-08-08,7.07,7.07,7.0,7.0,59134
2016-08-09,7.0,7.0,6.95,6.99,22750
2016-08-10,6.99,6.99,6.8,6.98,23001
2016-08-11,6.85,6.91,6.83,6.91,14458
2016-08-12,6.79,6.91,6.79,6.9,31050
2016-08-15,6.9,6.9,6.9,6.9,1000
2016-08-16,6.89,6.92,6.89,6.92,16499
2016-08-17,6.86,7.28,6.86,7.24,27533
2016-08-18,7.26,7.26,6.95,7.08,43500
2016-08-19,7.02,7.02,6.71,6.71,43429
2016-08-22,6.62,6.73,6.62,6.73,44750
2016-08-23,6.64,6.73,6.64,6.73,25750
2016-08-24,6.63,6.79,6.63,6.75,27361
2016-08-25,6.75,6.77,6.68,6.77,21750
2016-08-26,6.72,6.77,6.72,6.77,12602
2016-08-29,6.72,6.97,6.72,6.87,30750
2016-08-30,6.99,7.2,6.96,7.01,41050
2016-08-31,7.33,7.33,7.07,7.16,115656
2016-09-01,6.93,7.22,6.9,7.22,69600
2016-09-02,7.19,7.19,7.03,7.07,14788
2016-09-05,7.14,7.14,7.04,7.04,10710
2016-09-06,6.94,7.04,6.94,7.03,43000
2016-09-07,7.01,7.01,6.96,7.01,17498
2016-09-08,7.01,7.01,6.8,6.93,77750
2016-09-09,6.94,7.06,6.93,6.95,32500
2016-09-10,6.96,7.1,6.96,7.04,20750
2016-09-12,7.04,7.04,6.95,7.0,40500
2016-09-13,7.0,7.0,6.92,6.92,12000
2016-09-14,6.9,6.94,6.88,6.94,5000
2016-09-19,6.9,6.93,6.51,6.9,71999
2016-09-20,6.9,6.9,6.77,6.81,24709
2016-09-21,6.5,6.99,6.5,6.99,52426
2016-09-22,6.8,6.8,6.3,6.79,56869
2016-09-23,6.7,6.78,6.6,6.63,38983
2016-09-26,6.63,6.63,6.51,6.51,58750
2016-09-29,6.53,6.55,6.5,6.5,45250
2016-09-30,6.5,6.5,6.44,6.5,23150
2016-10-03,6.5,6.55,6.5,6.5,44750
2016-10-04,6.41,6.64,6.41,6.64,23000
2016-10-05,6.5,6.5,6.45,6.45,22750
2016-10-06,6.49,6.49,6.45,6.45,31750
2016-10-07,6.45,6.55,6.45,6.5,23750
2016-10-11,6.52,6.53,6.5,6.5,30000
2016-10-12,6.5,6.5,6.48,6.48,21352
2016-10-13,6.3,6.49,6.3,6.45,35790
2016-10-14,6.49,6.49,6.33,6.33,19178
2016-10-17,6.33,6.53,6.33,6.5,21000
2016-10-18,6.49,6.5,6.44,6.5,8144
2016-10-19,6.41,6.41,6.36,6.4,9748
2016-10-20,6.42,6.59,6.34,6.43,33512
2016-10-21,6.43,6.45,6.4,6.45,15499
2016-10-24,6.29,6.38,6.29,6.38,21750
2016-10-25,6.37,6.37,6.21,6.28,60636
2016-10-26,6.28,6.32,6.25,6.28,42913
2016-10-27,6.28,6.3,6.27,6.28,49684
2016-10-28,6.28,6.32,6.28,6.3,16000
2016-10-31,6.3,6.3,6.18,6.18,14598
2016-11-01,6.18,6.18,6.09,6.15,26631
2016-11-02,6.2,6.2,6.13,6.14,15152
2016-11-03,6.1,6.15,6.07,6.15,35000
2016-11-04,6.1,6.15,5.78,6.01,55000
2016-11-07,6.01,6.06,5.9,6.05,24102
2016-11-08,6.15,6.15,6.02,6.02,14504
2016-11-09,6.02,6.02,5.94,5.94,17000
2016-11-10,6.0,6.1,6.0,6.01,16721
2016-11-11,5.65,6.05,5.65,6.05,48750
2016-11-14,5.85,6.1,5.85,6.1,18136
2016-11-15,5.94,6.12,5.92,5.93,36792
2016-11-16,6.02,6.04,5.96,6.04,48595
2016-11-17,5.95,6.11,5.95,6.11,5500
2016-11-18,6.11,6.11,6.0,6.06,33500
2016-11-21,6.01,6.11,5.95,6.11,7750
2016-11-22,6.06,6.09,5.98,5.98,16000
2016-11-23,6.0,6.0,5.71,5.78,74960
2016-11-24,5.68,5.71,5.67,5.67,50750
2016-11-25,5.7,5.8,5.7,5.7,14040
2016-11-28,5.8,5.8,5.6,5.7,42496
2016-11-29,5.65,5.74,5.45,5.54,33000
2016-11-30,5.54,5.68,5.54,5.65,23586
2016-12-01,5.65,5.78,5.6,5.65,55250
2016-12-02,5.58,5.74,5.57,5.69,14500
2016-12-05,5.77,5.77,5.56,5.65,20500
2016-12-06,5.71,5.71,5.6,5.6,76438
2016-12-07,5.6,5.69,5.6,5.6,29561
2016-12-08,5.66,5.9,5.63,5.7,46750
2016-12-09,5.73,5.77,5.7,5.71,49415
2016-12-12,5.75,5.76,5.65,5.65,36759
2016-12-13,5.7,5.7,5.6,5.63,50750
2016-12-14,5.63,5.68,5.56,5.58,36500
2016-12-15,5.58,5.58,5.53,5.58,52958
2016-12-16,5.5,5.59,5.5,5.59,57000
2016-12-19,5.6,5.69,5.6,5.6,41000
2016-12-20,5.66,5.66,5.4,5.5,72253
2016-12-21,5.5,5.58,5.38,5.58,109649
2016-12-22,5.41,5.5,5.41,5.45,85002
2016-12-23,5.41,5.42,5.37,5.39,65465
2016-12-26,5.39,5.41,5.39,5.39,29500
2016-12-27,5.39,5.39,5.3,5.37,37750
2016-12-28,5.33,5.37,5.25,5.27,89000
2016-12-29,5.3,5.3,5.2,5.24,60091
2016-12-30,5.34,5.38,5.25,5.3,48500
2017-01-03,5.28,5.57,5.28,5.57,154499
2017-01-04,5.57,5.65,5.45,5.47,107000
2017-01-05,5.47,5.47,5.41,5.47,46400
2017-01-06,5.45,5.54,5.45,5.54,13150
2017-01-09,5.5,5.5,5.38,5.5,53928
2017-01-10,5.5,5.52,5.5,5.51,71000
2017-01-11,5.6,5.6,5.43,5.43,42746
2017-01-12,5.4,5.95,5.3,5.95,374325
2017-01-13,5.79,5.85,5.7,5.7,210429
2017-01-16,5.7,5.77,5.63,5.66,91353
2017-01-17,5.65,5.65,5.53,5.55,110750
2017-01-18,5.6,5.96,5.6,5.89,110000
2017-01-19,5.88,5.89,5.75,5.79,58250
2017-01-20,5.79,5.79,5.71,5.71,77500
2017-01-23,6.01,6.01,5.8,5.8,37177
2017-01-24,5.75,5.82,5.7,5.7,87052
2017-02-02,5.78,5.9,5.74,5.74,108772
2017-02-03,5.76,5.8,5.68,5.76,154177
2017-02-06,5.8,5.88,5.76,5.85,90195
2017-02-07,5.85,6.1,5.85,6.08,272411
2017-02-08,6.08,6.08,5.95,5.96,214847
2017-02-09,5.97,6.34,5.97,6.25,330230
2017-02-10,6.2,6.2,5.99,6.1,295262
2017-02-13,5.92,6.14,5.92,6.13,61199
2017-02-14,6.15,6.15,6.01,6.07,64656
2017-02-15,6.02,6.1,6.01,6.05,70361
2017-02-16,6.05,6.08,5.95,5.95,94500
2017-02-17,5.98,6.09,5.98,6.01,37800
2017-02-18,6.09,6.09,6.05,6.08,18086
2017-02-20,6.1,6.1,5.95,6.01,97380
2017-02-21,6.1,6.1,5.95,6.0,134348
2017-02-22,6.01,6.03,5.96,6.0,140300
2017-02-23,5.99,6.01,5.97,5.97,82478
2017-02-24,5.94,6.0,5.94,5.99,77489
2017-03-01,5.99,5.99,5.87,5.87,198090
2017-03-02,5.87,5.9,5.86,5.86,17000
2017-03-03,5.83,5.89,5.77,5.89,87250
2017-03-06,5.78,5.96,5.78,5.94,68968
2017-03-07,5.98,6.03,5.94,6.0,65400
2017-03-08,6.04,6.08,5.96,5.98,59000
2017-03-09,6.01,6.01,5.9,5.9,38250
2017-03-10,6.0,6.0,5.85,5.85,76750
2017-03-13,5.8,5.89,5.8,5.89,45750
2017-03-14,5.89,5.94,5.86,5.93,54337
2017-03-15,5.97,5.98,5.85,5.86,57495
2017-03-16,5.87,5.91,5.86,5.89,47000
2017-03-17,5.91,5.98,5.9,5.98,45950
2017-03-20,5.95,6.05,5.9,6.04,163502
2017-03-21,6.05,6.08,6.0,6.01,113499
2017-03-22,6.01,6.01,5.97,6.0,86306
2017-03-23,5.96,6.03,5.91,5.98,112165
2017-03-24,5.87,6.15,5.87,6.15,127609
2017-03-27,6.15,6.16,6.01,6.01,147514
2017-03-28,6.04,6.04,5.93,5.95,128147
2017-03-29,5.97,6.0,5.87,5.95,112742
2017-03-30,5.95,5.95,5.6,5.85,305831
2017-03-31,5.7,5.85,5.7,5.85,105499
2017-04-05,5.9,5.94,5.71,5.78,167607
2017-04-06,5.81,5.81,5.65,5.65,98500
2017-04-07,5.56,5.77,5.56,5.77,117310
2017-04-10,5.78,5.85,5.67,5.75,53688
2017-04-11,5.75,5.75,5.62,5.7,14000
2017-04-12,5.69,5.7,5.61,5.62,51000
2017-04-13,5.62,5.69,5.62,5.69,49038
2017-04-14,5.6,5.68,5.5,5.66,64046
2017-04-17,5.69,5.7,5.58,5.66,24398
2017-04-18,5.6,5.61,5.47,5.58,60720
2017-04-19,5.52,5.58,5.52,5.53,10750
2017-04-20,5.6,5.7,5.52,5.63,40257
2017-04-21,5.6,5.61,5.6,5.6,18050
2017-04-24,5.6,5.66,5.55,5.59,15780
2017-04-25,5.58,5.58,5.52,5.58,26604
2017-04-26,5.61,5.61,5.53,5.58,29001
2017-04-27,5.58,5.58,5.5,5.5,66940
2017-04-28,5.5,5.58,5.5,5.54,28250
2017-05-02,5.54,5.65,5.5,5.6,181251
2017-05-03,5.67,5.67,5.55,5.62,19000
2017-05-04,5.62,5.66,5.55,5.55,95750
2017-05-05,5.61,6.1,5.61,6.1,649872
2017-05-08,6.71,6.71,6.71,6.71,321541
2017-05-09,7.38,7.38,7.13,7.38,2506643
2017-05-10,7.2,7.76,6.81,7.18,1388750
2017-05-11,7.2,7.2,6.82,6.91,659749
2017-05-12,6.9,7.05,6.73,6.88,239000
2017-05-15,6.9,7.15,6.9,6.98,330749
2017-05-16,7.0,7.01,6.81,6.85,222101
2017-05-17,6.75,6.8,6.7,6.74,145200
2017-05-18,6.74,6.97,6.6,6.95,347851
2017-05-19,6.81,7.16,6.75,6.95,372524
2017-05-22,7.0,7.0,6.9,7.0,180015
2017-05-23,7.05,7.7,7.05,7.7,432863
2017-05-24,7.79,8.29,7.7,7.8,1073386
2017-05-25,7.21,7.8,7.21,7.61,565250
2017-05-26,7.5,7.55,7.17,7.21,416617
2017-05-31,7.2,7.2,6.8,6.87,374127
2017-06-01,6.87,7.14,6.74,6.85,309180
2017-06-02,6.76,6.97,6.76,6.85,85500
2017-06-03,7.0,7.19,7.0,7.08,299751
2017-06-05,6.93,7.05,6.92,6.92,156250
2017-06-06,6.61,7.0,6.61,6.97,152750
2017-06-07,7.08,7.08,6.87,6.97,249003
2017-06-08,6.97,7.17,6.96,7.0,128002
2017-06-09,7.1,7.1,6.9,6.95,99000
2017-06-12,6.82,6.94,6.82,6.93,43000
2017-06-13,6.87,6.91,6.86,6.86,42499
2017-06-14,6.88,6.88,6.67,6.67,84388
2017-06-15,6.67,6.7,6.63,6.65,66250
2017-06-16,6.58,6.72,6.58,6.62,105861
2017-06-19,6.61,6.68,6.61,6.64,42262
2017-06-20,6.65,6.78,6.65,6.66,91300
2017-06-21,6.61,6.72,6.42,6.72,108499
2017-06-22,6.7,6.7,6.6,6.67,75000
2017-06-23,6.58,6.63,6.58,6.6,49521
2017-06-26,6.58,6.6,6.48,6.55,102250
2017-06-27,6.51,6.55,6.45,6.47,119852
2017-06-28,6.47,6.47,6.3,6.35,139307
2017-06-29,6.3,6.42,6.26,6.34,136500
2017-06-30,6.22,6.4,6.21,6.22,84500
2017-07-03,6.3,6.3,6.14,6.19,78250
2017-07-04,6.19,6.26,6.11,6.15,258899
2017-07-05,6.19,6.19,6.06,6.15,121533
2017-07-06,6.15,6.2,6.11,6.15,32200
2017-07-07,6.11,6.11,6.08,6.09,76750
2017-07-10,5.6,6.14,5.6,6.1,105000
2017-07-11,6.09,6.09,6.0,6.01,36499
2017-07-12,6.01,6.01,5.95,6.01,121810
2017-07-13,6.0,6.14,6.0,6.14,66504
2017-07-14,6.14,6.25,6.1,6.15,69034
2017-07-17,6.21,6.21,6.08,6.08,53250
2017-07-18,6.1,6.18,6.1,6.1,89500
2017-07-19,6.1,6.1,6.05,6.09,36000
2017-07-20,6.09,6.1,6.09,6.09,13500
2017-07-21,6.19,6.19,5.97,6.0,24051
2017-07-24,5.98,6.0,5.97,5.99,30005
2017-07-25,6.0,6.04,5.99,6.04,66959
2017-07-26,6.04,6.04,5.95,6.04,21822
2017-07-27,6.04,6.04,5.95,5.96,48512
2017-07-28,5.92,5.95,5.81,5.9,112750
2017-07-31,5.72,5.84,5.72,5.83,76250
2017-08-01,5.83,5.85,5.8,5.85,38500
2017-08-02,5.87,5.87,5.8,5.85,76430
2017-08-03,5.82,5.82,5.71,5.8,95000
2017-08-04,5.79,5.85,5.72,5.85,24750
2017-08-07,5.85,5.85,5.67,5.72,35521
2017-08-08,5.73,5.79,5.72,5.75,24750
2017-08-09,5.77,5.84,5.75,5.79,120000
2017-08-10,5.8,5.8,5.63,5.69,110750
2017-08-11,5.66,5.69,5.63,5.69,41068
2017-08-14,5.71,5.71,5.57,5.57,48466
2017-08-15,5.7,5.73,5.6,5.65,87500
2017-08-16,5.7,5.7,5.52,5.67,148727
2017-08-17,5.7,5.74,5.68,5.69,88045
2017-08-18,5.65,5.81,5.65,5.73,47750
2017-08-21,5.73,6.07,5.72,6.02,87499
2017-08-22,6.19,6.19,6.08,6.12,133499
2017-08-23,6.22,6.22,6.02,6.02,93500
2017-08-24,6.0,6.02,5.92,6.02,75499
2017-08-25,5.88,6.02,5.88,6.01,59500
2017-08-28,5.99,6.02,5.9,6.0,49000
2017-08-29,5.88,6.08,5.88,6.01,57499
2017-08-30,6.1,6.13,5.95,5.96,36750
2017-08-31,6.05,6.05,5.96,5.96,39908
2017-09-01,5.96,6.0,5.96,6.0,29500
2017-09-04,5.96,6.17,5.96,6.1,220553
2017-09-05,6.1,6.1,6.0,6.08,99979
2017-09-06,6.06,6.68,6.06,6.68,480677
2017-09-07,7.34,7.34,7.12,7.34,2613955
2017-09-08,7.33,7.33,6.86,7.0,1121490
2017-09-11,6.9,7.06,6.8,6.95,481907
2017-09-12,6.95,6.95,6.83,6.83,305526
2017-09-13,6.74,7.05,6.65,6.82,410171
2017-09-14,6.83,7.1,6.83,6.89,824403
2017-09-15,6.89,7.0,6.8,6.83,554681
2017-09-18,6.82,6.82,6.51,6.74,665256
2017-09-19,6.61,6.9,6.6,6.85,557250
2017-09-30,10.0,10.35,10.0,10.15,414332
2017-10-02,10.5,10.5,10.1,10.2,247535
2017-10-03,10.2,10.45,10.15,10.3,141313
2017-10-05,10.25,11.3,10.25,11.3,450209
2017-10-06,11.4,12.15,11.4,11.5,903228
2017-10-11,11.2,11.35,10.65,10.85,336191
2017-10-12,10.85,11.5,10.85,11.0,115251
2017-10-13,10.8,11.6,10.8,10.9,270245
2017-10-16,11.0,11.95,11.0,11.95,709937
2017-10-17,11.9,12.8,11.75,11.95,664106
2017-10-18,11.75,11.9,11.3,11.6,243830
2017-10-19,11.6,12.0,11.5,11.65,118521
2017-10-20,11.55,11.7,11.4,11.4,103422
2017-10-23,11.2,11.55,11.0,11.0,203311
2017-10-24,10.4,11.25,10.3,10.95,226922
2017-10-25,10.9,11.1,10.8,11.1,166428
2017-10-26,11.3,11.3,10.9,10.95,139240
2017-10-27,10.95,11.1,10.8,10.85,90453
2017-10-30,10.9,11.0,10.5,10.85,123308
2017-10-31,10.8,10.8,10.65,10.65,69226
2017-11-01,10.6,10.65,10.5,10.5,176738
2017-11-02,10.5,10.5,10.35,10.5,67392
2017-11-03,10.5,10.65,10.3,10.4,111099
2017-11-06,10.4,11.0,10.4,10.8,199599
2017-11-07,10.8,11.1,10.75,10.75,137963
2017-11-08,10.9,10.9,10.5,10.55,155770
2017-11-09,10.4,10.8,10.4,10.45,67608
2017-11-10,10.75,10.75,10.35,10.4,134830
2017-11-13,10.45,10.75,10.4,10.7,128499
2017-11-14,10.6,10.6,10.1,10.45,62740
2017-11-15,10.5,10.65,10.5,10.55,76828
2017-11-16,10.4,10.4,10.3,10.3,77078
2017-11-17,10.55,10.55,10.25,10.4,142211
2017-11-20,10.4,10.4,10.2,10.25,107045
2017-11-21,10.15,10.35,10.15,10.2,38274
2017-11-22,10.5,10.5,10.25,10.3,27502
2017-11-23,10.25,10.25,10.15,10.2,36775
2017-11-24,10.2,10.2,10.15,10.15,67497
2017-11-27,10.15,10.15,10.0,10.1,165879
2017-11-28,10.1,10.1,10.0,10.05,40585
2017-11-29,9.65,10.0,9.65,9.96,143065
2017-11-30,10.0,10.15,10.0,10.0,58637
2017-12-01,10.0,10.0,9.74,9.8,67402
2017-12-04,9.82,10.05,9.82,10.0,52810
2017-12-05,10.0,10.0,9.96,9.96,49634
2017-12-06,9.96,9.99,9.41,9.95,22076
2017-12-07,9.95,9.95,9.61,9.73,19753
2017-12-08,9.9,9.9,9.7,9.73,32041
2017-12-11,9.6,9.6,9.48,9.55,144391
2017-12-12,9.9,9.9,9.56,9.6,26637
2017-12-13,9.64,9.7,9.38,9.56,112071
2017-12-14,9.7,9.7,9.3,9.48,64906
2017-12-15,9.46,9.46,9.21,9.45,90671
2017-12-18,9.42,9.42,9.31,9.32,52376
2017-12-19,9.3,9.32,9.21,9.32,53155
2017-12-20,9.3,9.3,9.15,9.2,14834
2017-12-21,9.2,9.25,9.08,9.08,133503
2017-12-22,9.12,9.2,9.02,9.03,29421
2017-12-25,9.13,9.23,9.12,9.16,60988
2017-12-26,9.15,9.15,9.02,9.03,62016
2017-12-27,9.03,9.23,9.03,9.2,8099
2017-12-28,9.33,9.36,9.2,9.2,104000
2017-12-29,9.1,9.29,9.1,9.29,22161
2018-01-02,9.29,9.29,9.17,9.25,25420
2018-01-03,9.25,9.25,9.17,9.19,69867
2018-01-04,9.3,9.3,9.14,9.28,66141
2018-01-05,9.2,9.2,9.12,9.13,28071
2018-01-08,9.15,9.15,9.06,9.09,43591
2018-01-09,9.05,9.1,9.03,9.1,16593
2018-01-10,9.13,9.18,9.1,9.1,44840
2018-01-11,9.25,9.25,9.05,9.05,12842
2018-01-12,9.06,9.11,9.06,9.11,5667
2018-01-15,9.05,9.11,9.05,9.05,23864
2018-01-16,9.1,9.18,9.1,9.13,19302
2018-01-17,9.13,9.13,9.1,9.13,57121
2018-01-18,9.13,9.13,9.09,9.1,57839
2018-01-19,9.01,9.1,9.01,9.05,33824
2018-01-22,9.05,9.1,9.01,9.03,48045
2018-01-23,9.03,9.1,9.01,9.03,31709
2018-01-24,9.05,9.1,9.03,9.1,38816
2018-01-25,9.05,9.1,9.05,9.1,28252
2018-01-26,9.02,9.08,9.02,9.08,2956
2018-01-29,9.08,9.1,9.01,9.1,70348
2018-01-30,9.15,10.0,9.15,10.0,606112
2018-01-31,10.0,11.0,9.68,11.0,1270723
2018-02-01,11.0,12.0,10.85,11.6,1190682
2018-02-02,11.55,11.55,10.75,11.0,466450
2018-02-05,10.7,10.7,10.25,10.3,371902
2018-02-06,9.98,10.1,9.27,9.27,834537
2018-02-07,9.96,10.15,9.52,10.15,290947
2018-02-08,11.15,11.15,10.9,11.15,716797
2018-02-09,11.4,12.25,11.2,12.25,3103382
2018-02-12,13.45,13.45,13.45,13.45,683573
2018-02-21,14.75,14.75,14.75,14.75,2052171
2018-02-22,16.15,16.2,15.15,16.2,3791916
2018-02-23,17.0,17.8,16.7,17.8,2262737
2018-02-26,19.55,19.55,19.55,19.55,621962
2018-02-27,21.5,21.5,17.6,19.0,3552100
2018-03-01,18.15,18.75,18.0,18.75,1558321
2018-03-02,18.75,18.75,18.3,18.6,638591
2018-03-05,19.15,19.15,18.35,18.9,682551
2018-03-06,19.25,19.25,18.3,18.55,404084
2018-03-07,18.5,18.5,17.7,17.7,729706
2018-03-08,17.6,17.6,15.95,16.5,1691862
2018-03-09,16.2,16.85,15.6,16.0,833140
2018-03-12,16.5,16.7,15.95,16.7,374000
2018-03-13,16.5,17.1,16.5,17.0,352665
2018-03-14,16.6,18.2,16.6,18.0,1173541
2018-03-15,17.7,18.3,17.5,18.05,1058559
2018-03-16,17.8,17.85,16.7,17.0,2173029
2018-03-19,17.0,18.7,16.05,18.7,1742030
2018-03-20,19.4,20.55,19.4,20.55,2088440
2018-03-21,21.3,22.6,19.4,22.6,4752630
2018-03-22,24.35,24.4,20.8,21.15,4049085
2018-03-23,19.05,20.8,19.05,19.4,2998993
2018-03-26,19.1,20.3,18.3,19.4,1173136
2018-03-27,20.05,20.1,19.0,19.05,1154524
2018-03-28,18.8,19.05,18.0,18.1,848380
2018-03-29,18.1,18.55,18.05,18.25,449624
2018-03-30,18.2,18.5,16.8,17.25,1152869
2018-03-31,17.2,17.2,16.1,16.65,1023713
2018-04-02,16.7,18.3,16.7,18.3,920150
2018-04-03,18.5,20.1,18.4,20.1,3186988
2018-04-09,22.1,22.1,19.25,20.15,3020875
2018-04-10,19.35,19.8,18.15,18.35,1364437
2018-04-11,18.5,19.3,18.2,18.6,566543
2018-04-12,18.4,18.4,17.45,17.75,546793
2018-04-13,18.0,18.4,17.4,18.1,539634
2018-04-16,17.65,18.0,17.4,17.55,374567
2018-04-17,18.0,18.0,16.8,17.1,306544
2018-04-18,17.15,17.55,17.1,17.55,314131
2018-04-19,17.6,18.5,17.6,17.95,430683
2018-04-20,18.4,18.4,17.45,17.5,311543
2018-04-23,17.4,17.5,16.8,16.8,395758
2018-04-24,16.3,16.5,15.2,15.5,585831
2018-04-25,15.0,15.7,14.5,15.4,493341
2018-04-26,15.55,16.0,14.0,14.1,392522
2018-04-27,14.8,15.2,14.05,14.7,371705
2018-04-30,14.35,15.05,14.3,14.4,173195
2018-05-02,14.4,14.4,14.0,14.0,269153
2018-05-03,13.1,13.8,13.1,13.6,261325
2018-05-04,13.4,14.35,13.4,14.05,201695
2018-05-07,14.6,14.6,13.55,13.8,175179
2018-05-08,13.8,14.25,13.65,13.85,141405
2018-05-09,13.65,14.25,13.65,13.85,143647
2018-05-10,13.85,14.25,13.85,14.15,182978
2018-05-11,14.25,14.5,14.0,14.0,218433
2018-05-14,13.6,13.7,12.6,13.1,1014019
2018-05-15,13.0,13.0,12.3,12.3,549208
2018-05-16,12.2,13.5,11.95,13.5,549100
2018-05-17,14.8,14.85,14.1,14.85,846921
2018-05-18,15.25,16.3,14.5,16.3,1758301
2018-05-21,16.25,16.4,14.8,15.25,1163351
2018-05-22,14.95,15.2,14.5,14.6,527191
2018-05-23,14.6,15.3,14.6,14.75,350434
2018-05-24,14.8,15.05,14.35,14.5,249515
2018-05-25,13.9,15.1,13.85,14.4,324665
2018-05-28,14.65,14.8,14.1,14.2,238394
2018-05-29,14.3,14.3,13.9,14.0,310738
2018-05-30,13.8,15.4,13.6,15.4,930610
2018-05-31,15.9,16.9,15.8,16.9,1497622
2018-06-01,17.9,18.55,17.0,17.65,3007414
2018-06-04,17.9,18.0,16.6,17.05,1330127
2018-06-05,17.1,17.9,17.05,17.2,941687
2018-06-06,17.2,17.4,16.8,17.0,514019
2018-06-07,17.1,17.4,16.6,16.65,430899
2018-06-08,16.8,16.8,16.3,16.35,415147
2018-06-11,16.35,17.95,16.35,17.95,965381
2018-06-12,18.5,18.5,17.2,17.4,1176148
2018-06-13,17.2,17.85,16.8,17.0,489447
2018-06-14,17.0,17.8,16.65,17.05,400000
2018-06-15,17.05,17.35,16.75,16.85,283275
2018-06-19,16.85,17.0,16.55,16.7,212333
2018-06-20,17.0,18.1,16.9,17.35,842411
2018-06-21,17.4,17.6,16.95,17.1,426499
2018-06-22,17.1,17.1,16.65,16.7,269500
2018-06-25,16.9,16.9,16.05,16.05,267308
2018-06-26,15.95,15.95,14.6,15.2,552913
2018-06-27,15.6,16.1,15.2,15.35,175913
2018-06-28,15.8,16.8,15.4,16.2,375341
2018-06-29,16.0,16.2,15.5,15.6,205478
2018-07-02,15.8,16.9,15.8,16.35,428955
2018-07-03,16.35,17.1,16.1,16.2,354000
2018-07-04,16.1,16.5,15.8,16.0,167678
2018-07-05,16.0,16.0,15.0,15.05,264510
2018-07-06,15.35,15.55,14.45,14.45,347500
2018-07-09,14.45,14.85,14.3,14.6,184300
2018-07-10,14.6,14.9,14.5,14.75,113318
2018-07-11,14.75,14.75,14.45,14.45,101447
2018-07-12,14.5,14.7,14.3,14.55,81575
2018-07-13,14.55,14.8,14.35,14.5,119839
2018-07-16,14.3,14.5,14.25,14.35,135274
2018-07-17,14.5,14.7,14.4,14.7,149115
2018-07-18,14.4,14.7,14.35,14.4,111930
2018-07-19,14.4,15.35,14.4,14.55,120500
2018-07-20,14.6,14.9,13.85,13.85,152102
2018-07-23,13.85,14.15,12.55,13.0,445913
2018-07-24,13.0,13.55,13.0,13.5,140004
2018-07-25,13.5,13.65,13.3,13.35,136398
2018-07-26,13.65,13.65,13.3,13.35,74758
2018-07-27,13.45,13.5,13.25,13.3,49621
2018-07-30,13.55,13.85,12.0,13.0,197000
2018-07-31,12.9,13.35,12.9,12.9,49000
2018-08-01,13.0,13.3,12.9,13.0,80000
2018-08-02,13.15,13.55,13.05,13.2,326451
2018-08-03,13.35,13.35,13.0,13.15,78580
2018-08-06,13.2,13.3,13.05,13.2,43189
2018-08-07,13.2,13.25,13.0,13.05,39263
2018-08-08,13.3,13.3,12.95,13.0,100275
2018-08-09,13.0,13.2,12.85,12.85,89266
2018-08-10,12.95,13.0,12.65,12.8,71492
2018-08-13,12.25,12.8,11.85,12.55,84478
2018-08-14,12.45,12.45,12.2,12.25,66956
2018-08-15,12.1,12.2,11.75,11.95,117522
2018-08-16,11.7,11.7,11.1,11.35,153679
2018-08-17,11.35,11.7,11.2,11.45,86200
2018-08-20,11.3,11.3,11.05,11.05,71478
2018-08-21,11.15,11.35,10.55,10.7,151145
2018-08-22,10.7,10.85,10.35,10.4,121311
2018-08-23,10.4,11.1,10.25,10.6,251723
2018-08-24,10.5,10.75,10.3,10.65,108870
2018-08-27,10.9,10.9,10.55,10.55,57945
2018-08-28,10.8,10.8,10.55,10.6,114000
2018-08-29,10.6,10.9,10.55,10.65,116913
2018-08-30,10.65,10.75,10.25,10.25,117858
2018-08-31,10.2,10.65,10.15,10.6,89000
2018-09-03,10.45,10.6,10.4,10.4,48044
2018-09-04,10.75,11.4,10.2,11.4,209435
2018-09-05,11.7,12.5,11.4,12.5,547881
2018-09-06,12.5,13.75,12.5,13.75,971574
2018-09-07,14.0,15.1,13.3,14.0,1449044
2018-09-10,14.0,14.0,12.6,12.6,490185
2018-09-11,11.55,12.0,11.35,12.0,758250
2018-09-12,11.8,11.85,11.0,11.15,316578
2018-09-13,11.15,11.7,11.15,11.4,203847
2018-09-14,11.6,11.75,11.4,11.75,135387
2018-09-17,11.8,12.0,11.45,11.6,113000
2018-09-18,11.65,11.7,11.3,11.5,87000
2018-09-19,11.5,11.7,11.5,11.65,107087
2018-09-20,11.65,11.65,11.2,11.35,83637
2018-09-21,11.35,11.6,11.2,11.35,136392
2018-09-25,11.4,11.4,11.15,11.15,77084
2018-09-26,11.35,11.5,11.1,11.1,98000
2018-09-27,11.05,11.25,11.0,11.05,70565
2018-09-28,11.05,11.15,10.8,10.8,121594
2018-10-01,10.85,11.85,10.85,11.85,281850
2018-10-02,12.35,13.0,12.35,13.0,784282
2018-10-03,12.75,12.75,12.05,12.1,493339
2018-10-04,11.9,13.0,11.9,12.75,356478
2018-10-05,12.75,13.0,12.0,12.2,203000
2018-10-08,12.25,12.8,12.05,12.05,186492
2018-10-09,12.35,12.35,11.0,11.35,134892
2018-10-11,10.85,10.85,10.25,10.25,349035
2018-10-12,9.4,10.5,9.3,10.2,188478
2018-10-15,10.2,10.5,10.2,10.4,59000
2018-10-16,10.35,11.4,10.35,11.2,220000
2018-10-17,11.2,11.6,10.7,10.8,176000
2018-10-18,10.7,11.0,10.6,10.6,58000
2018-10-19,10.6,10.6,10.3,10.55,69000
2018-10-22,10.5,10.65,10.4,10.6,44581
2018-10-23,10.6,10.8,10.3,10.5,96583
2018-10-24,10.65,10.65,10.2,10.35,125956
2018-10-25,10.0,10.1,9.45,9.61,142862
2018-10-26,9.94,9.95,9.5,9.5,81392
2018-10-29,9.5,9.5,9.05,9.05,80675
2018-10-30,9.0,9.01,8.7,8.96,182000
2018-10-31,9.0,9.2,9.0,9.05,156000
2018-11-01,9.15,9.95,9.05,9.95,200224
2018-11-02,10.0,10.5,9.96,10.05,250000
2018-11-05,9.87,10.05,9.59,9.82,107005
2018-11-06,9.7,10.0,9.7,9.87,43000
2018-11-07,9.94,9.99,9.7,9.99,70189
2018-11-08,10.0,10.1,9.81,9.81,55695
2018-11-09,9.93,9.93,9.72,9.89,16000
2018-11-12,9.8,9.89,9.51,9.8,72578
2018-11-13,9.32,9.6,9.31,9.58,94009
2018-11-14,9.58,9.58,9.0,9.3,244051
2018-11-15,9.2,9.4,9.2,9.37,91000
2018-11-16,9.4,9.5,9.39,9.47,68000
2018-11-19,9.5,9.55,9.5,9.5,19796
2018-11-20,9.78,9.78,9.37,9.55,38009
2018-11-21,9.4,9.52,9.22,9.52,29000
2018-11-22,9.7,9.78,9.27,9.4,90160
2018-11-23,9.5,9.5,9.25,9.3,36827
2018-11-26,9.3,9.44,9.0,9.26,81303
2018-11-27,9.26,9.4,9.25,9.3,33569
2018-11-28,9.38,9.49,9.31,9.44,139826
2018-11-29,9.7,9.77,9.54,9.57,111956
2018-11-30,9.7,10.5,9.56,10.5,521128
2018-12-03,10.6,10.8,10.25,10.6,531882
2018-12-04,10.55,10.55,10.0,10.0,248107
2018-12-05,9.8,9.85,9.6,9.81,125478
2018-12-06,9.76,9.86,9.5,9.5,148043
2018-12-07,9.6,9.7,9.6,9.69,33242
2018-12-10,9.6,9.6,9.35,9.37,34013
2018-12-11,9.37,9.55,9.37,9.55,49478
2018-12-12,9.6,10.5,9.6,10.5,492565
2018-12-13,10.3,10.3,9.91,9.96,343478
2018-12-14,9.8,10.2,9.67,9.88,163725
2018-12-17,9.87,10.15,9.87,10.0,76115
2018-12-18,9.95,9.99,9.69,9.69,79000
2018-12-19,9.86,9.86,9.71,9.72,24249
2018-12-20,9.67,9.68,9.4,9.52,135000
2018-12-21,9.33,9.88,9.33,9.87,71231
2018-12-22,9.7,9.89,9.5,9.54,54000
2018-12-24,9.54,9.54,9.52,9.53,12115
2018-12-25,9.5,9.5,9.26,9.35,67000
2018-12-26,9.36,9.5,9.15,9.15,69000
2018-12-27,9.47,9.48,9.36,9.36,52050
2018-12-28,9.31,9.43,9.26,9.43,39861
2019-01-02,9.5,9.5,9.17,9.35,35000
2019-01-03,9.26,9.35,9.05,9.2,41000
2019-01-04,9.05,9.05,8.95,9.0,120000
2019-01-07,9.05,9.29,9.05,9.28,93007
2019-01-08,9.25,9.25,9.05,9.15,34301
2019-01-09,9.16,9.35,9.16,9.18,90000
2019-01-10,9.15,9.19,9.12,9.19,35000
2019-01-11,9.07,9.15,9.06,9.15,66177
2019-01-14,9.05,9.05,8.63,8.95,45478
2019-01-15,8.88,9.13,8.88,9.05,57787
2019-01-16,9.02,9.03,8.96,9.01,69349
2019-01-17,9.1,9.3,8.99,9.1,116000
2019-01-18,9.11,9.15,9.08,9.15,57472
2019-01-21,9.15,9.23,9.15,9.18,19072
2019-01-22,9.18,9.18,9.06,9.07,34869
2019-01-23,9.04,9.07,9.04,9.07,38000
2019-01-24,9.06,9.06,9.05,9.06,14478
2019-01-25,9.07,9.22,9.05,9.08,58000
2019-01-28,9.07,9.08,9.04,9.07,62379
2019-01-29,8.9,9.08,8.9,8.95,29000
2019-01-30,8.95,9.0,8.89,8.9,38000
2019-02-11,8.9,8.99,8.85,8.9,28500
2019-02-12,8.95,9.1,8.95,9.05,82000
2019-02-13,9.13,9.13,8.95,9.0,63000
2019-02-14,9.1,9.4,9.1,9.4,189499
2019-02-15,9.32,9.32,9.11,9.11,105435
2019-02-18,9.02,9.1,9.01,9.09,46000
2019-02-19,9.1,9.1,9.0,9.02,29956
2019-02-20,9.02,9.25,9.02,9.02,103450
2019-02-21,9.03,9.2,9.02,9.08,30956
2019-02-22,9.09,9.16,9.05,9.05,39632
2019-02-25,9.05,9.08,9.03,9.08,21000
2019-02-26,9.09,9.15,9.08,9.08,93478
2019-02-27,9.08,9.13,9.0,9.13,94179
2019-03-04,9.08,9.13,9.07,9.08,30000
2019-03-05,9.08,9.15,9.08,9.14,45956
2019-03-06,9.14,9.15,9.05,9.09,59000
2019-03-07,9.06,9.08,9.0,9.08,54598
2019-03-08,9.08,9.12,8.6,9.05,104568
2019-03-11,9.05,9.05,8.92,8.92,28587
2019-03-12,8.95,8.96,8.9,8.92,42044
2019-03-13,8.9,9.0,8.87,8.87,71396
2019-03-14,8.89,8.9,8.76,8.82,51500
2019-03-15,8.8,8.85,8.7,8.72,60015
2019-03-18,8.76,8.76,8.51,8.54,98044
2019-03-19,8.57,8.65,8.5,8.6,97040
2019-03-20,8.6,8.84,8.6,8.82,74691
2019-03-21,8.85,9.4,8.83,9.17,338956
2019-03-22,9.17,9.17,9.0,9.0,118221
2019-03-25,8.95,8.95,8.72,8.72,43080
2019-03-26,8.72,8.75,8.72,8.73,32784
2019-03-27,8.65,8.65,8.54,8.55,54227
2019-03-28,8.55,8.85,8.55,8.75,55065
2019-03-29,8.7,8.7,8.56,8.7,38165
2019-04-01,8.68,8.7,8.55,8.7,54372
2019-04-02,8.58,8.59,8.55,8.55,43956
2019-04-03,8.55,8.55,8.43,8.45,84500
2019-04-08,8.5,8.52,8.37,8.38,91516
2019-04-09,8.38,8.5,8.38,8.45,110398
2019-04-10,8.4,8.5,8.37,8.42,109972
2019-04-11,8.41,8.72,8.41,8.65,159478
2019-04-12,8.65,8.65,8.52,8.58,58261
2019-04-15,8.58,8.58,8.21,8.23,167103
2019-04-16,8.23,8.49,8.23,8.45,63507
2019-04-17,8.4,8.4,8.23,8.3,132000
2019-04-18,8.3,8.3,8.21,8.21,102669
2019-04-19,8.33,8.33,8.06,8.12,90744
2019-04-22,8.12,8.2,8.12,8.18,35196
2019-04-23,8.18,8.29,8.03,8.29,69304
2019-04-24,8.29,8.29,8.18,8.18,15068
2019-04-25,8.05,8.15,8.05,8.12,36072
2019-04-26,8.12,8.12,8.0,8.09,30966
2019-04-29,8.09,8.09,7.92,7.92,45488
2019-04-30,7.92,7.92,7.62,7.87,64030
2019-05-02,7.87,7.9,7.86,7.9,29325
2019-05-03,7.6,7.72,7.5,7.65,259569
2019-05-06,7.51,7.59,7.51,7.51,29478
2019-05-07,7.47,7.54,7.47,7.5,38314
2019-05-08,7.5,7.61,7.5,7.58,10050
2019-05-09,7.43,7.45,7.35,7.35,58844
2019-05-10,7.35,7.46,7.31,7.31,33119
2019-05-13,6.76,7.0,6.76,6.85,89680
2019-05-14,6.76,6.76,6.61,6.72,27070
2019-05-15,6.72,7.35,6.72,7.18,39558
2019-05-16,7.06,7.18,7.0,7.0,34591
2019-05-17,7.13,7.13,6.8,6.98,58951
2019-05-20,6.86,6.94,6.65,6.65,30884
2019-05-21,6.6,6.74,6.6,6.74,37300
2019-05-22,6.77,6.77,6.58,6.63,26884
2019-05-23,6.58,6.63,6.58,6.63,18000
2019-05-24,6.63,6.87,6.63,6.87,7078
2019-05-27,6.87,6.87,6.63,6.85,20483
2019-05-28,6.95,6.98,6.85,6.87,20571
2019-05-29,6.86,6.92,6.65,6.66,17049
2019-05-30,6.66,6.74,6.66,6.74,28478
2019-05-31,6.73,6.73,6.66,6.69,42504
2019-06-03,6.7,6.8,6.61,6.63,43000
2019-06-04,6.6,6.6,6.5,6.52,64517
2019-06-05,6.52,6.61,6.52,6.54,31435
2019-06-06,6.57,6.57,6.49,6.5,42000
2019-06-10,6.6,6.6,6.6,6.6,28068
2019-06-11,6.62,6.7,6.62,6.64,65714
2019-06-12,6.65,6.68,6.61,6.64,46231
2019-06-13,6.61,6.7,6.61,6.7,12448
2019-06-14,6.7,7.03,6.7,6.83,106637
2019-06-17,6.85,6.9,6.8,6.81,32669
2019-06-18,6.93,7.15,6.86,6.86,72000
2019-06-19,7.09,7.1,6.9,6.95,35854
2019-06-20,6.87,6.99,6.86,6.99,5749
2019-06-21,7.03,7.03,6.89,7.02,11435
2019-06-24,7.05,7.05,7.0,7.0,9390
2019-06-25,7.0,7.01,7.0,7.01,2000
2019-06-26,6.99,6.99,6.92,6.92,16000
2019-06-27,6.92,6.96,6.92,6.92,8000
2019-06-28,6.89,6.89,6.88,6.88,5383
2019-07-01,6.92,6.92,6.88,6.92,19391
2019-07-02,7.2,7.2,6.86,6.86,42100
2019-07-03,6.86,6.92,6.7,6.7,79126
2019-07-04,6.71,6.88,6.71,6.83,31499
2019-07-05,6.83,6.95,6.79,6.79,31249
2019-07-08,6.35,6.76,6.35,6.75,82389
2019-07-09,6.75,6.75,6.57,6.62,23499
2019-07-10,6.57,6.67,6.57,6.67,59361
2019-07-11,6.7,6.75,6.57,6.75,50856
2019-07-12,6.65,6.73,6.62,6.73,55060
2019-07-15,6.51,6.7,6.51,6.7,11951
2019-07-16,6.72,6.72,6.6,6.6,12168
2019-07-17,6.5,6.58,6.4,6.53,248478
2019-07-18,6.54,6.54,6.38,6.38,85037
2019-07-19,6.42,6.47,6.42,6.46,84365
2019-07-22,6.47,6.49,6.41,6.42,49478
2019-07-23,6.42,6.46,6.41,6.43,64002
2019-07-24,6.43,6.44,6.35,6.39,91000
2019-07-25,6.38,6.48,6.35,6.36,61919
2019-07-26,6.33,6.36,6.21,6.27,55669
2019-07-29,6.25,6.25,6.21,6.21,43296
2019-07-30,6.23,6.23,6.15,6.15,55478
2019-07-31,6.19,6.25,6.13,6.18,69701
2019-08-01,6.12,6.24,6.11,6.24,32355
2019-08-02,6.24,6.28,6.16,6.28,37000
2019-08-05,6.27,6.27,6.12,6.15,32020
2019-08-06,6.12,6.15,6.12,6.15,29000
2019-08-07,6.18,6.18,6.17,6.17,12478
2019-08-08,6.12,6.23,6.0,6.0,165300
2019-08-12,6.01,6.18,5.95,6.09,120176
2019-08-13,6.12,6.12,6.0,6.02,43741
2019-08-14,6.18,6.18,6.0,6.0,70176
2019-08-15,5.85,5.85,5.68,5.68,194020
2019-08-16,5.36,5.4,5.12,5.14,597069
2019-08-19,4.63,5.0,4.63,4.69,285702
2019-08-20,4.68,4.82,4.46,4.7,141305
2019-08-21,4.53,5.17,4.53,5.17,227038
2019-08-22,5.36,5.68,5.35,5.55,127053
2019-08-23,5.36,5.36,5.31,5.32,26533
2019-08-26,5.0,5.32,4.99,5.3,36392
2019-08-27,5.14,5.14,5.07,5.08,14784
2019-08-29,4.72,4.72,4.65,4.68,12360
2019-08-30,4.95,5.12,4.73,5.1,103134
2019-09-02,5.1,5.45,4.92,4.92,11542
2019-09-03,5.0,5.0,5.0,5.0,6956
2019-09-04,5.0,5.19,4.95,5.19,21722
2019-09-05,5.4,5.4,5.12,5.29,8478
2019-09-06,4.91,5.0,4.91,5.0,7600
2019-09-09,5.0,5.19,5.0,5.18,10391
2019-09-10,5.01,5.2,5.01,5.04,8000
2019-09-11,5.04,5.04,5.0,5.0,23275
2019-09-12,5.08,5.16,5.0,5.16,66007
2019-09-16,5.17,5.17,5.16,5.16,55881
2019-09-17,5.16,5.2,5.16,5.2,25000
2019-09-18,5.2,5.2,5.2,5.2,12391
2019-09-19,5.24,5.72,5.24,5.7,79115
2019-09-20,5.7,5.85,5.7,5.74,58115
2019-09-23,5.75,5.98,5.75,5.98,15052
2019-09-24,6.0,6.3,5.96,5.99,81000
2019-09-25,5.75,6.17,5.75,6.17,16067
2019-09-26,6.17,6.17,6.1,6.1,8219
2019-09-27,6.0,6.0,5.9,6.0,20672
2019-10-01,5.42,5.5,5.42,5.5,21266
2019-10-02,5.5,5.5,5.45,5.46,20415
2019-10-03,5.6,5.6,5.5,5.6,40000
2019-10-04,5.77,6.0,5.65,5.68,57352
2019-10-07,5.68,5.75,5.68,5.75,18559
2019-10-08,5.8,6.0,5.75,6.0,61730
2019-10-09,6.0,6.09,5.42,6.09,19111
2019-10-14,5.81,5.81,5.61,5.61,3913
2019-10-15,5.84,5.84,5.63,5.64,8580
2019-10-16,5.93,6.1,5.67,6.1,88653
2019-10-17,6.07,6.1,6.07,6.1,50913
2019-10-18,6.1,6.25,5.6,6.25,37500
2019-10-21,6.21,6.21,6.0,6.15,46007
2019-10-22,6.1,6.15,6.0,6.09,62671
2019-10-23,6.01,6.01,5.8,5.8,4033
2019-10-24,6.1,6.1,6.0,6.1,36600
2019-10-25,6.0,6.0,6.0,6.0,23000
2019-10-28,6.0,6.0,6.0,6.0,4044
2019-10-29,6.0,6.0,5.9,5.9,29956
2019-10-30,5.99,6.01,5.99,6.01,19010
2019-10-31,5.41,6.1,5.41,6.1,40784
2019-11-01,5.9,6.0,5.9,6.0,23133
2019-11-04,6.0,6.1,6.0,6.1,532000
2019-11-05,6.0,6.1,6.0,6.1,6434459
2019-11-06,6.1,6.15,6.05,6.1,42450
2019-11-07,6.09,6.11,6.0,6.04,31956
2019-11-08,6.5,6.5,6.2,6.3,57524
2019-11-11,6.3,6.6,6.3,6.52,99093
2019-11-12,6.52,6.98,6.19,6.5,40037
2019-11-13,6.5,6.5,6.45,6.5,48159
2019-11-14,6.6,6.6,6.6,6.6,41544
2019-11-15,6.61,7.0,6.61,6.95,66477
2019-11-18,6.51,6.88,6.26,6.85,117974
2019-11-19,6.63,6.63,6.33,6.63,15846
2019-11-20,6.58,6.58,6.58,6.58,2476
2019-11-21,6.5,6.5,6.33,6.33,45304
2019-11-22,6.33,6.5,6.33,6.5,29348
2019-11-25,6.49,6.5,6.49,6.5,15536
2019-11-26,6.01,6.54,6.0,6.54,9471
2019-11-27,6.4,6.75,6.15,6.54,25568
2019-11-28,6.49,6.5,6.17,6.17,47593
2019-11-29,6.17,6.4,6.17,6.4,44435
2019-12-02,6.4,6.85,6.4,6.85,29076
2019-12-03,6.4,6.98,6.4,6.85,47608
2019-12-04,6.7,6.7,6.7,6.7,6000
2019-12-05,6.2,6.88,6.2,6.87,9999
2019-12-06,6.32,6.57,6.19,6.57,74164
2019-12-09,6.47,6.77,6.47,6.77,34584
2019-12-10,6.6,6.73,6.6,6.73,4302
2019-12-11,6.85,7.18,6.71,6.96,73999
2019-12-12,6.96,6.97,6.5,6.97,24814
2019-12-13,7.16,7.16,6.58,6.72,26522
2019-12-16,6.79,6.8,6.6,6.8,11188
2019-12-17,6.9,7.18,6.76,6.8,40227
2019-12-18,6.6,6.68,6.6,6.68,113231
2019-12-19,7.0,7.0,6.3,6.95,95637
2019-12-20,6.91,6.91,6.6,6.63,239138
2019-12-23,6.65,6.7,6.45,6.6,46306
2019-12-24,6.6,6.63,6.5,6.51,30000
2019-12-25,6.4,6.6,6.4,6.55,87870
2019-12-26,6.56,6.66,6.56,6.66,110015
2019-12-27,6.66,6.8,6.6,6.67,144956
2019-12-30,6.79,6.8,6.67,6.75,233159
2019-12-31,6.7,6.7,6.67,6.7,18000
2020-01-02,6.6,6.85,6.6,6.8,57729
2020-01-03,6.79,6.88,6.79,6.85,53434
2020-01-06,6.25,6.98,6.25,6.88,67000
2020-01-07,6.7,7.08,6.7,6.91,110000
2020-01-08,7.2,7.2,6.7,7.0,88478
2020-01-09,7.03,7.1,7.0,7.04,26519
2020-01-10,7.0,7.15,7.0,7.05,27030
2020-01-13,7.07,7.07,6.97,7.03,54356
2020-01-14,7.02,7.05,7.02,7.02,90999
2020-01-15,7.01,7.12,6.8,7.12,98999
2020-01-16,7.0,7.15,7.0,7.13,79079
2020-01-17,7.12,7.12,7.01,7.02,76042
2020-01-20,7.03,7.1,7.0,7.03,91143
2020-01-30,7.03,7.1,6.9,7.0,92276
2020-01-31,7.01,7.3,7.01,7.1,66456
2020-02-03,6.4,7.09,6.4,7.09,15393
2020-02-04,6.99,7.38,6.99,7.11,39390
2020-02-05,7.02,7.11,7.02,7.11,11000
2020-02-06,7.28,7.28,7.05,7.2,50000
2020-02-07,7.1,7.13,7.1,7.13,7000
2020-02-10,7.1,7.11,7.0,7.11,35072
2020-02-11,7.2,7.2,7.1,7.11,142811
2020-02-12,7.1,7.25,7.1,7.13,49478
2020-02-13,7.12,7.12,6.95,7.01,149092
2020-02-14,7.0,7.03,7.0,7.03,43090
2020-02-17,7.03,7.03,7.0,7.01,53434
2020-02-18,7.0,7.25,7.0,7.1,20098
2020-02-19,7.03,7.03,7.02,7.03,38406
2020-02-20,7.05,7.05,7.04,7.04,33000
2020-02-21,7.04,7.04,7.04,7.04,5000
2020-02-24,6.81,7.09,6.81,7.09,4435
2020-02-25,6.99,7.0,6.41,6.41,50604
2020-02-26,6.95,7.04,6.71,7.0,68784
2020-02-27,6.78,7.04,6.78,7.02,23139
2020-03-02,7.0,7.0,7.0,7.0,35000
2020-03-03,6.71,7.0,6.71,7.0,12000
2020-03-04,7.0,7.0,7.0,7.0,16024
2020-03-05,7.0,7.0,7.0,7.0,18000
2020-03-06,7.0,7.0,7.0,7.0,24478
2020-03-09,7.0,7.0,6.91,6.91,18379
2020-03-10,6.7,6.9,6.66,6.9,13784
2020-03-11,6.76,6.8,6.76,6.8,3956
2020-03-12,6.73,6.76,6.22,6.3,49000
2020-03-13,6.3,6.3,5.67,6.29,36883
2020-03-16,6.29,6.3,6.0,6.3,86784
2020-03-17,6.29,6.3,6.2,6.21,118000
2020-03-18,6.21,6.21,5.7,5.7,122000
2020-03-19,5.4,5.86,5.13,5.86,79030
2020-03-20,5.7,5.86,5.35,5.35,12000
2020-03-23,5.4,5.4,4.85,4.95,23027
2020-03-24,5.1,5.1,4.61,5.0,27001
2020-03-25,4.98,5.37,4.77,5.37,37890
2020-03-26,5.2,5.85,5.0,5.85,55525
2020-03-27,5.85,6.0,5.36,5.36,15709
2020-03-30,5.36,5.36,5.36,5.36,2478
2020-03-31,5.49,5.49,5.49,5.49,1410
2020-04-01,5.2,5.49,5.2,5.3,26300
2020-04-06,5.14,5.83,5.13,5.83,77546
2020-04-07,6.37,6.37,6.37,6.37,1000
2020-04-08,6.37,6.37,6.37,6.37,25000
2020-04-09,5.95,6.01,5.8,6.01,12999
2020-04-10,6.01,6.01,6.0,6.0,2061
2020-04-13,5.7,5.85,5.7,5.82,8000
2020-04-14,5.83,5.83,5.83,5.83,22047
2020-04-15,5.8,5.8,5.8,5.8,9000
2020-04-16,5.8,6.0,5.7,6.0,14000
2020-04-17,6.02,6.02,6.01,6.01,45943
2020-04-21,6.03,6.03,5.9,6.0,9050
2020-04-22,6.05,6.05,6.05,6.05,6044
2020-04-23,5.8,5.8,5.8,5.8,1784
2020-04-27,5.94,5.94,5.94,5.94,1000
2020-04-28,5.41,6.0,5.41,5.8,4870
2020-04-29,5.8,5.93,5.8,5.93,5314
2020-04-30,5.85,5.9,5.85,5.9,5100
2020-05-04,6.0,6.0,6.0,6.0,8000
2020-05-06,6.02,6.03,6.02,6.03,4001
2020-05-07,5.55,5.55,5.55,5.55,4224
2020-05-08,5.98,5.98,5.8,5.9,21000
2020-05-11,6.3,6.3,6.25,6.25,13784
2020-05-13,6.37,6.37,6.37,6.37,10035
2020-05-14,5.9,5.93,5.9,5.93,8878
2020-05-15,6.48,6.48,6.0,6.0,45997
2020-05-18,5.95,6.48,5.95,6.48,21999
2020-05-19,6.45,6.45,6.4,6.4,26884
2020-05-20,6.8,6.8,6.25,6.25,3110
2020-05-21,6.1,6.15,6.1,6.15,20051
2020-05-22,6.15,6.15,6.15,6.15,36352
2020-05-26,6.2,6.2,6.0,6.07,24000
2020-05-27,6.01,6.15,6.01,6.15,52578
2020-05-28,6.15,6.15,6.15,6.15,23364
2020-05-29,6.2,6.2,6.2,6.2,18478
2020-06-01,6.2,6.2,6.0,6.0,55784
2020-06-02,6.0,6.05,6.0,6.05,52956
2020-06-03,6.0,6.05,6.0,6.05,54187
2020-06-04,6.05,6.1,6.05,6.1,75508
2020-06-05,6.1,6.15,6.1,6.15,77355
2020-06-08,5.85,5.96,5.85,5.96,16830
2020-06-09,6.1,6.15,6.1,6.15,58784
2020-06-10,6.0,6.02,6.0,6.02,51999
2020-06-11,6.01,6.01,6.01,6.01,29000
2020-06-12,5.83,5.83,5.83,5.83,4999
2020-06-15,5.8,5.8,5.8,5.8,2508
2020-06-16,6.1,6.1,6.1,6.1,10043
2020-06-17,6.0,6.0,6.0,6.0,15758
2020-06-18,5.8,6.0,5.8,6.0,13212
2020-06-19,6.57,6.57,6.0,6.01,25348
2020-06-22,6.0,6.01,6.0,6.01,3478
2020-06-23,6.22,6.22,6.01,6.05,30000
2020-06-24,6.03,6.03,6.03,6.03,10392
2020-06-29,6.05,6.15,6.05,6.1,28230
2020-06-30,6.1,6.1,6.01,6.01,10212
2020-07-01,6.01,6.03,6.01,6.03,30265
2020-07-02,6.0,6.0,6.0,6.0,24332
2020-07-03,6.0,6.01,6.0,6.01,27000
2020-07-06,6.1,6.1,6.01,6.01,35662
2020-07-07,6.01,6.01,6.01,6.01,47870
2020-07-08,6.01,6.01,6.01,6.01,31218
2020-07-09,6.01,6.2,6.01,6.1,7721
2020-07-10,6.01,6.08,6.01,6.01,16855
2020-07-13,6.01,6.01,6.0,6.01,19369
2020-07-14,6.05,6.05,6.05,6.05,19310
2020-07-15,6.05,6.05,6.05,6.05,81300
2020-07-16,6.0,6.0,6.0,6.0,12000
2020-07-20,6.02,6.02,6.01,6.02,9500
2020-07-21,6.0,6.01,5.99,6.01,49529
2020-07-22,6.0,6.02,6.0,6.02,33639
2020-07-23,6.01,6.01,6.01,6.01,39892
2020-07-24,5.41,6.3,5.41,6.3,15280
2020-07-27,6.23,6.23,6.05,6.05,14028
2020-07-28,5.9,5.96,5.9,5.96,33473
2020-07-30,5.96,5.98,5.96,5.98,16662
2020-07-31,6.0,6.01,5.9,5.94,68580
2020-08-03,5.96,6.1,5.96,6.1,30327
2020-08-05,6.1,6.3,6.1,6.15,91783
2020-08-06,6.74,6.74,6.01,6.02,12348
2020-08-07,6.02,6.02,6.0,6.0,60000
2020-08-10,6.0,6.01,6.0,6.01,17000
2020-08-11,6.01,6.01,5.9,5.9,4594
2020-08-12,5.9,5.9,5.9,5.9,9000
2020-08-13,6.0,6.38,6.0,6.38,85998
2020-08-14,6.2,6.2,6.2,6.2,20099
2020-08-17,6.7,6.7,6.0,6.03,25901
2020-08-18,6.04,6.05,6.04,6.05,12478
2020-08-19,6.02,6.03,6.02,6.03,25829
2020-08-20,6.04,6.04,6.03,6.04,56001
2020-08-21,6.02,6.02,6.02,6.02,3000
2020-08-24,6.01,6.05,6.01,6.05,25478
2020-08-25,6.05,6.05,6.01,6.05,130786
2020-08-26,5.45,6.03,5.45,6.03,104115
2020-08-27,6.02,6.05,6.02,6.04,154328
2020-08-28,6.03,6.2,6.01,6.17,62350
2020-08-31,6.02,6.02,6.01,6.02,95567
2020-09-01,6.02,6.11,6.02,6.05,62101
2020-09-02,6.05,6.05,6.02,6.02,24478
2020-09-03,6.05,6.05,6.04,6.05,63950
2020-09-04,6.1,6.1,6.05,6.1,116699
2020-09-07,6.1,6.12,6.1,6.11,138665
2020-09-15,25.35,25.35,24.8,25.35,95294
2020-09-16,24.8,25.3,24.8,25.3,20884
2020-09-17,24.8,24.8,24.8,24.8,11159
2020-09-18,24.8,24.8,24.5,24.5,18390
2020-09-21,24.5,24.5,23.0,23.0,48931
2020-09-22,23.0,23.0,23.0,23.0,31367
2020-09-23,23.05,23.05,23.05,23.05,5423
2020-09-24,23.1,23.1,23.1,23.1,3400
2020-09-25,23.2,25.4,23.2,25.4,31929
2020-09-28,27.8,27.8,27.0,27.4,35791
2020-09-29,26.8,26.8,26.0,26.2,23436
2020-09-30,26.5,26.8,26.5,26.8,26382
2020-10-06,26.8,27.0,26.8,27.0,8494
2020-10-07,26.0,26.1,26.0,26.0,33735
2020-10-08,26.1,26.1,26.1,26.1,3839
2020-10-12,26.5,26.5,26.3,26.3,15474
2020-10-13,26.3,26.3,26.1,26.1,28426
2020-10-14,26.1,26.3,26.1,26.3,14137
2020-10-15,26.2,26.3,26.1,26.1,8309
2020-10-16,26.1,26.2,26.0,26.0,4369
2020-10-19,26.1,26.1,26.1,26.1,8796
2020-10-20,26.0,26.2,26.0,26.2,6114
2020-10-21,26.2,26.2,26.1,26.2,4467
2020-10-22,26.2,26.2,26.1,26.1,4600
2020-10-23,26.0,26.2,26.0,26.2,13016
2020-10-26,26.2,26.2,26.2,26.2,5276
2020-10-27,26.2,26.2,26.2,26.2,2828
2020-10-28,26.0,26.0,26.0,26.0,7414
2020-10-30,26.0,26.0,26.0,26.0,7609
2020-11-02,26.0,26.0,26.0,26.0,2199
2020-11-03,26.0,26.0,25.9,25.9,8805
2020-11-04,26.0,26.0,26.0,26.0,3455
2020-11-05,26.1,26.1,26.1,26.1,3499
2020-11-06,26.1,26.2,26.1,26.2,6299
2020-11-09,26.0,26.0,26.0,26.0,6189
2020-11-10,26.15,26.15,26.1,26.1,6723
2020-11-11,26.1,26.1,26.1,26.1,13999
2020-11-12,26.1,26.1,26.1,26.1,3010
2020-11-13,26.15,26.15,26.1,26.1,9999
2020-11-16,26.2,26.2,26.15,26.15,11409
2020-11-17,26.15,26.15,26.15,26.15,5925
2020-11-18,26.15,26.15,26.15,26.15,13079
2020-11-19,26.2,26.25,26.2,26.25,13196
2020-11-20,26.25,26.3,26.25,26.3,6528
2020-11-23,26.4,26.5,26.4,26.5,11237
2020-11-24,26.25,26.25,26.25,26.25,5587
2020-11-25,26.25,27.05,26.25,26.3,15902
2020-11-26,26.8,27.2,26.8,26.8,11863
2020-11-30,26.75,27.5,26.75,27.2,25352
2020-12-01,27.2,27.2,27.2,27.2,5121
2020-12-02,27.2,27.3,26.8,26.8,14279
2020-12-03,26.9,27.0,26.8,27.0,14889
2020-12-04,27.15,27.2,27.0,27.0,9201
2020-12-07,27.0,27.2,27.0,27.05,7850
2020-12-08,27.2,27.2,27.0,27.1,18917
2020-12-09,27.05,27.2,27.05,27.2,10626
2020-12-10,27.2,27.2,27.1,27.1,8817
2020-12-11,27.0,27.1,26.8,26.8,20286
2020-12-14,26.8,26.85,26.8,26.8,13134
2020-12-15,26.9,26.9,26.8,26.9,7481
2020-12-16,26.9,26.9,26.0,26.85,14439
2020-12-17,26.85,26.85,26.6,26.6,8999
2020-12-18,26.8,27.0,26.8,26.8,17076
2020-12-21,27.0,27.0,26.8,26.8,6000
2020-12-23,26.8,27.15,26.8,26.8,11340
2020-12-24,26.8,27.0,26.8,26.8,9757
2020-12-25,26.85,27.0,26.85,27.0,8116
2020-12-28,27.25,27.3,26.8,27.0,67082
2020-12-29,27.0,27.0,26.85,26.85,32192
2020-12-30,26.8,26.8,26.8,26.8,9991
2020-12-31,24.8,27.4,24.8,26.9,19926
2021-01-04,26.8,26.8,26.8,26.8,5294
2021-01-05,26.8,26.9,26.8,26.8,15971
2021-01-06,26.8,26.85,26.8,26.8,10819
2021-01-07,26.85,26.85,26.8,26.8,4999
2021-01-08,26.8,26.8,26.8,26.8,7713
2021-01-11,26.8,26.8,26.8,26.8,9646
2021-01-12,27.4,27.4,26.8,26.85,15198
2021-01-13,26.9,26.9,26.85,26.85,4166
2021-01-14,26.8,26.8,26.8,26.8,7912
2021-01-15,26.8,26.8,26.8,26.8,4472
2021-01-18,26.8,26.8,26.8,26.8,7038
2021-01-19,27.0,27.0,26.8,26.8,6000
2021-01-20,27.0,27.4,27.0,27.4,21948
2021-01-21,27.3,27.5,27.3,27.5,15645
2021-01-22,27.0,27.0,27.0,27.0,6090
2021-01-25,27.0,27.0,27.0,27.0,6367
2021-01-26,27.0,27.0,26.6,26.6,5955
2021-01-27,26.8,26.8,26.5,26.5,4423
2021-01-28,26.6,27.05,26.6,26.6,8230
2021-01-29,26.55,26.6,26.5,26.5,11345
2021-02-01,27.4,27.4,27.4,27.4,9240
2021-02-02,27.5,27.5,26.9,26.9,2942
2021-02-03,27.25,27.3,27.2,27.2,10884
2021-02-04,26.55,26.85,26.55,26.8,7082
2021-02-05,26.95,27.1,26.8,26.8,16588
2021-02-17,27.15,27.2,26.5,26.5,17805
2021-02-18,26.5,26.7,26.5,26.5,11241
2021-02-19,26.6,26.6,26.6,26.6,1678
2021-02-22,26.95,27.0,26.6,26.6,18925
2021-02-23,26.4,26.4,26.35,26.35,2600
2021-02-24,26.35,26.35,26.3,26.3,6051
2021-02-25,26.3,26.3,26.3,26.3,5902
2021-03-02,26.2,26.4,26.2,26.4,4003
2021-03-03,26.2,26.45,26.2,26.2,8624
2021-03-04,26.3,26.3,26.2,26.2,13575
2021-03-05,26.45,26.45,26.1,26.1,3572
2021-03-08,26.1,26.1,26.1,26.1,2484
2021-03-09,26.2,26.2,26.1,26.1,6611
2021-03-10,26.25,26.3,26.0,26.0,17360
2021-03-11,26.3,26.3,26.2,26.2,45000
2021-03-12,28.05,28.8,28.05,28.8,107556
2021-03-15,30.75,31.65,29.8,31.5,155734
2021-03-16,33.3,33.3,29.25,30.45,33802
2021-03-17,31.7,31.7,29.9,30.0,21208
2021-03-18,29.4,30.05,29.4,30.05,17822
2021-03-19,28.8,30.05,28.8,29.0,31006
2021-03-22,29.2,31.9,29.2,30.7,28159
2021-03-23,30.7,31.35,30.3,31.35,24715
2021-03-24,31.35,31.7,31.1,31.6,21180
2021-03-25,31.55,31.6,30.8,30.95,19907
2021-03-26,30.3,31.9,30.3,31.0,15550
2021-03-29,30.95,31.85,30.95,31.6,47254
2021-03-30,31.6,32.2,31.6,32.1,33254
2021-03-31,32.1,32.7,32.1,32.35,30017
2021-04-01,32.5,34.0,32.0,34.0,71105
2021-04-06,34.0,36.0,34.0,35.5,52944
2021-04-07,35.6,37.4,35.6,37.1,52035
2021-04-08,38.8,40.8,37.6,40.8,110832
2021-04-09,43.9,43.9,38.0,39.9,79401
2021-04-12,39.0,39.8,37.7,39.8,39723
2021-04-13,39.8,39.8,39.8,39.8,3610
2021-04-14,39.9,39.9,38.0,39.35,18714
2021-04-15,42.45,42.45,38.35,39.2,10530
2021-04-16,40.35,40.35,39.2,40.15,14076
2021-04-19,38.8,40.0,38.55,39.95,23080
2021-04-20,39.95,39.95,39.0,39.05,8954
2021-04-21,39.05,39.05,39.05,39.05,1720
2021-04-22,39.0,39.05,38.5,38.5,6184
2021-04-23,37.6,38.7,37.55,37.8,29212
2021-04-26,38.2,38.5,38.05,38.5,15112
2021-04-27,38.0,38.5,38.0,38.5,17223
2021-04-28,38.25,38.5,38.25,38.5,8114
2021-04-29,38.55,39.2,38.5,38.55,24790
2021-05-03,38.85,40.0,38.85,40.0,21832
2021-05-04,39.2,39.2,37.45,38.95,21653
2021-05-05,38.95,38.95,38.3,38.7,9160
2021-05-06,38.7,40.0,38.7,39.6,17650
2021-05-07,40.0,40.55,39.8,40.0,21999
2021-05-10,41.5,43.9,41.5,42.0,59636
2021-05-11,41.15,41.15,38.1,39.8,160577
2021-05-12,38.3,39.7,37.5,38.1,67008
2021-05-13,37.15,38.05,37.05,37.9,43877
2021-05-14,37.9,39.2,37.9,39.2,26031
2021-05-17,37.6,38.4,35.7,37.0,42355
2021-05-18,37.0,40.0,37.0,38.75,11931
2021-05-19,38.45,38.5,37.8,37.85,16984
2021-05-20,37.5,38.3,37.45,38.25,7200
2021-05-21,38.45,38.6,37.5,37.65,48192
2021-05-24,38.0,38.0,36.8,36.8,32515
2021-05-25,36.6,36.6,36.5,36.5,6699
2021-05-26,37.0,37.0,36.5,36.5,3400
2021-05-27,37.55,37.6,36.45,36.5,28230
2021-05-28,36.6,37.2,36.6,37.0,33480
2021-05-31,37.4,37.5,36.85,36.85,20668
2021-06-01,37.0,37.0,36.5,36.9,17915
2021-06-02,36.7,37.35,36.7,37.35,14983
2021-06-03,37.0,38.1,37.0,37.5,39483
2021-06-04,39.3,39.4,37.6,37.65,22275
2021-06-07,38.8,38.85,37.65,37.9,19265
2021-06-08,37.3,38.5,37.3,37.85,25000
2021-06-09,37.75,38.5,37.75,38.0,34587
2021-06-10,38.2,38.2,37.8,38.15,26407
2021-06-11,38.45,39.0,38.45,38.55,29923
2021-06-15,39.2,39.2,38.1,38.25,15981
2021-06-16,38.25,38.95,37.6,37.65,30955
2021-06-17,38.4,38.4,37.5,37.8,33121
2021-06-18,38.2,39.0,36.8,37.85,53503
2021-06-21,37.8,38.2,37.5,37.9,31397
2021-06-22,38.3,41.65,38.0,40.05,93961
2021-06-23,40.0,40.0,38.4,39.7,90847
2021-06-24,39.2,39.75,39.1,39.75,29078
2021-06-25,40.15,40.15,39.75,39.8,14911
2021-06-28,39.9,40.0,39.0,39.0,29580
2021-06-29,38.5,39.2,38.5,39.15,17608
2021-06-30,39.15,39.95,39.15,39.95,20404
2021-07-01,39.5,39.9,39.1,39.1,20585
2021-07-02,39.75,40.25,39.6,39.7,25652
2021-07-05,40.0,41.1,39.8,41.05,99485
2021-07-06,41.05,41.1,40.4,40.5,28053
2021-07-07,39.8,43.0,39.4,43.0,135156
2021-07-08,46.7,47.3,46.1,47.3,500292
2021-07-09,47.5,52.0,47.35,50.6,817604
2021-07-12,53.0,53.5,49.3,49.35,463406
2021-07-13,47.95,50.3,46.55,46.55,248229
2021-07-14,47.55,49.9,47.15,47.5,144164
2021-07-15,48.95,49.05,47.0,48.55,72366
2021-07-16,48.75,48.75,47.0,47.05,47005
2021-07-19,47.05,48.2,46.0,46.75,51418
2021-07-20,45.0,46.1,44.9,45.2,83454
2021-07-21,45.9,46.65,44.8,44.8,85675
2021-07-22,45.1,46.25,45.0,45.0,20567
2021-07-23,45.8,46.8,45.25,45.4,56283
2021-07-26,44.3,45.15,43.1,43.1,291690
2021-07-27,43.0,43.1,42.8,42.8,60944
2021-07-28,42.8,43.0,42.2,43.0,80048
2021-07-29,43.0,43.75,42.8,43.75,36507
2021-07-30,42.5,43.45,42.5,43.45,24843
2021-08-02,42.95,43.3,42.8,43.3,17930
2021-08-03,43.3,43.5,42.65,42.65,32871
2021-08-04,42.7,43.0,41.6,41.6,52022
2021-08-05,41.1,41.3,38.8,40.2,279031
2021-08-06,40.1,41.05,40.1,41.05,30542
2021-08-09,39.8,40.9,39.1,39.35,47751
2021-08-10,38.8,39.85,38.1,39.65,14149
2021-08-11,38.5,40.3,38.5,39.75,14761
2021-08-12,39.7,39.8,38.6,39.8,9701
2021-08-13,39.8,40.0,38.8,38.8,76267
2021-08-16,38.5,38.5,37.6,37.6,29951
2021-08-17,37.55,39.5,37.25,37.65,28023
2021-08-18,38.0,40.0,38.0,38.35,13520
2021-08-19,37.95,38.25,37.0,37.3,28989
2021-08-20,38.4,38.4,37.3,38.4,9345
2021-08-23,38.1,39.65,38.0,39.65,16596
2021-08-24,38.35,38.35,38.25,38.25,3024
2021-08-25,38.3,38.95,38.3,38.8,7000
2021-08-27,39.5,39.5,38.35,38.45,15827
2021-08-30,39.15,40.05,38.85,39.5,17101
2021-08-31,40.2,40.2,38.6,39.3,23000
2021-09-01,38.9,39.4,38.8,39.3,15288
2021-09-02,38.7,39.25,38.7,39.25,2008
2021-09-03,38.85,39.3,38.75,39.1,11388
2021-09-06,39.1,39.1,38.85,38.85,6726
2021-09-07,39.1,39.1,39.1,39.1,1259
2021-09-08,39.3,39.3,39.3,39.3,1000
2021-09-09,39.05,39.05,39.05,39.05,1112
2021-09-10,38.8,39.1,38.8,39.1,6057
2021-09-13,39.1,39.1,38.45,39.0,7000
2021-09-14,38.5,38.6,38.5,38.6,4000
2021-09-16,39.7,39.7,39.7,39.7,6240
2021-09-17,38.8,38.8,38.5,38.5,10035
2021-09-22,38.0,38.0,38.0,38.0,3330
2021-09-23,38.0,38.1,38.0,38.0,8230
2021-09-24,38.0,38.2,38.0,38.2,11813
2021-09-27,38.0,38.0,37.7,37.7,8000
2021-09-28,37.5,37.9,37.5,37.6,33370
2021-09-29,38.0,38.0,37.85,37.85,8501
2021-09-30,37.9,39.5,37.85,37.85,35462
2021-10-01,38.3,38.8,37.5,37.7,53000
2021-10-04,37.55,37.55,35.6,37.15,34611
2021-10-05,36.6,37.75,36.4,37.75,15111
2021-10-06,37.75,37.75,36.9,36.9,9299
2021-10-07,37.45,37.45,36.9,36.9,13560
2021-10-12,36.05,37.3,36.05,36.8,10193
2021-10-13,36.8,36.8,36.3,36.3,7600
2021-10-14,36.3,36.75,36.3,36.4,19930
2021-10-15,36.4,36.95,36.4,36.95,4086
2021-10-18,36.95,37.0,36.95,37.0,63384
2021-10-19,35.65,37.0,35.65,36.95,9805
2021-10-20,37.0,37.0,37.0,37.0,5000
2021-10-21,37.0,37.0,36.3,36.3,3024
2021-10-25,36.95,37.0,36.95,37.0,8204
2021-10-26,37.0,37.1,37.0,37.1,4000
2021-10-27,37.0,37.2,37.0,37.2,5623
2021-10-28,36.95,37.15,36.75,37.15,6481
2021-10-29,37.15,37.15,36.75,37.1,5912
2021-11-01,37.1,37.2,36.8,37.0,10145
2021-11-02,37.0,38.4,36.8,36.9,21157
2021-11-03,36.95,36.95,36.7,36.95,10519
2021-11-04,35.9,37.1,35.9,36.85,21000
2021-11-05,36.85,37.3,36.8,37.3,4419
2021-11-08,39.0,41.0,37.7,39.4,86698
2021-11-09,40.0,41.0,39.0,40.0,30479
2021-11-10,38.4,39.5,38.1,39.5,7482
2021-11-11,42.4,42.4,39.5,39.95,38022
2021-11-12,40.3,40.3,39.8,40.0,41519
2021-11-15,41.1,41.1,39.9,39.9,30233
2021-11-16,40.0,41.1,39.9,41.05,39627
2021-11-17,42.0,43.1,41.05,41.1,37836
2021-11-18,41.15,41.2,40.2,40.2,13200
2021-11-19,41.0,41.9,40.5,41.0,43194
2021-11-22,41.05,41.85,40.5,41.6,19003
2021-11-23,41.85,41.85,40.3,40.5,21240
2021-11-24,40.0,40.0,40.0,40.0,1320
2021-11-25,40.0,40.05,39.6,39.95,14002
2021-11-26,41.3,41.3,39.95,40.0,11000
2021-11-29,39.8,39.8,39.8,39.8,1016
2021-11-30,39.8,40.45,39.8,40.45,4230
2021-12-01,39.7,40.25,39.7,40.0,3700
2021-12-02,39.3,39.5,39.3,39.5,2000
2021-12-03,39.5,40.0,39.5,40.0,14143
2021-12-06,40.0,40.5,39.8,40.15,23575
2021-12-07,40.0,40.2,40.0,40.2,4557
2021-12-08,40.0,40.85,39.7,40.0,12008
2021-12-09,39.5,39.7,38.6,39.5,20604
2021-12-10,39.3,39.3,39.2,39.2,3837
2021-12-13,39.0,39.2,39.0,39.2,4240
2021-12-14,39.0,39.0,38.55,38.55,4000
2021-12-15,39.65,39.65,39.0,39.0,4337
2021-12-16,39.0,39.5,38.8,39.5,3928
2021-12-17,39.4,39.5,39.4,39.5,6278
2021-12-20,39.15,39.15,39.15,39.15,1500
2021-12-21,39.15,40.0,39.15,39.5,5602
2021-12-22,40.0,41.8,40.0,41.0,34378
2021-12-23,40.5,41.4,40.5,41.4,6939
2021-12-24,41.2,41.3,40.3,41.3,5001
2021-12-29,40.5,40.5,40.4,40.5,5000
2021-12-30,40.0,40.0,39.1,39.1,7060
2022-01-03,41.1,41.1,39.05,39.1,58898
2022-01-04,39.2,39.7,39.2,39.65,11758
2022-01-05,39.3,39.5,39.3,39.5,5021
2022-01-06,39.5,39.5,39.5,39.5,1230
2022-01-07,39.1,39.2,39.1,39.2,5055
2022-01-10,39.0,39.45,39.0,39.45,9227
2022-01-11,39.0,39.0,38.05,38.65,11278
2022-01-12,38.7,38.9,37.8,37.85,39883
2022-01-13,37.85,37.95,37.85,37.85,9354
2022-01-14,38.0,38.0,37.1,37.8,16525
2022-01-17,37.5,37.5,37.2,37.25,5000
2022-01-18,38.0,38.25,37.55,37.65,9000
2022-01-19,37.7,37.7,37.2,37.7,26661
2022-01-20,38.0,38.0,37.5,37.75,12018
2022-01-21,37.35,37.5,36.6,37.1,19000
2022-01-25,36.8,36.8,36.15,36.15,8484
2022-01-26,36.05,36.5,36.05,36.5,13267
2022-02-07,36.6,36.8,36.6,36.8,3181
2022-02-09,36.75,37.7,36.75,37.7,3640
2022-02-10,38.0,38.0,37.75,37.95,7700
2022-02-11,37.95,38.25,37.95,38.2,11194
2022-02-14,37.35,37.35,37.35,37.35,8067
2022-02-15,37.0,37.0,37.0,37.0,3168
2022-02-16,37.0,37.0,37.0,37.0,1444
2022-02-17,37.0,37.0,36.8,37.0,6008
2022-02-18,36.95,36.95,36.95,36.95,1000
2022-02-21,36.95,37.0,36.95,36.95,7240
2022-02-22,37.0,37.0,36.7,36.7,9051
2022-02-23,37.2,37.3,37.2,37.3,3000
2022-02-24,37.3,37.3,36.75,36.75,8511
2022-02-25,36.7,37.45,36.5,37.45,7693
2022-03-02,36.8,36.85,36.25,36.25,6575
2022-03-03,36.3,36.55,36.3,36.5,9731
2022-03-04,36.3,36.35,36.3,36.35,4002
2022-03-07,36.35,36.35,36.35,36.35,1000
2022-03-08,36.0,36.0,36.0,36.0,3010
2022-03-09,37.0,37.0,35.1,35.9,11000
2022-03-10,37.0,37.0,36.0,36.0,62083
2022-03-11,36.0,36.0,36.0,36.0,1115
2022-03-14,35.5,36.7,35.5,35.85,63343
2022-03-15,35.5,36.0,35.5,36.0,6130
2022-03-16,35.5,35.5,35.5,35.5,2366
2022-03-17,36.45,36.45,35.55,35.55,61062
2022-03-18,35.55,35.55,35.1,35.1,9638
2022-03-21,35.1,35.1,35.05,35.1,4324
2022-03-22,35.0,35.9,35.0,35.0,67085
2022-03-24,35.25,35.8,34.1,34.5,85165
2022-03-25,35.0,35.5,34.5,34.6,67590
2022-03-28,35.4,35.4,35.4,35.4,1000
2022-03-30,35.5,35.5,34.55,35.4,88000
2022-03-31,35.1,35.35,35.1,35.35,2191
2022-04-01,34.2,35.1,34.2,35.1,2002
2022-04-06,35.5,36.3,34.8,34.8,56000
2022-04-07,35.6,35.6,34.75,34.75,61689
2022-04-08,35.45,35.45,35.45,35.45,2460
2022-04-11,34.5,34.5,34.0,34.0,2207
2022-04-13,34.2,35.0,33.95,35.0,6666
2022-04-14,34.1,35.75,34.1,35.75,2104
2022-04-15,34.55,34.75,34.55,34.75,4000
2022-04-18,34.75,34.95,34.75,34.85,7526
2022-04-19,34.8,34.8,34.8,34.8,3000
2022-04-20,35.75,35.75,35.75,35.75,1347
2022-04-21,34.4,34.4,34.25,34.25,5050
2022-04-22,34.3,34.8,34.0,34.0,9040
2022-04-25,34.0,34.0,33.95,33.95,2017
2022-04-26,35.0,35.0,35.0,35.0,1000
2022-04-27,35.85,35.85,34.85,35.1,65000
2022-04-28,35.7,35.7,35.0,35.2,7000
2022-04-29,35.55,35.55,34.35,35.25,71000
2022-05-03,34.65,34.65,34.6,34.6,3020
2022-05-05,34.2,35.3,34.2,35.3,3193
2022-05-09,35.95,36.35,34.0,34.1,64218
2022-05-10,35.15,35.15,34.25,34.25,61153
2022-05-11,34.0,34.0,34.0,34.0,2000
2022-05-12,33.05,34.1,33.05,34.0,10001
2022-05-13,34.0,34.9,33.2,33.45,17356
2022-05-16,34.6,34.9,33.7,34.9,64115
2022-05-17,34.5,35.25,34.5,35.25,3815
2022-05-18,35.25,35.35,33.8,34.8,16246
2022-05-19,34.6,34.6,34.0,34.0,2312
2022-05-20,35.1,35.1,34.0,34.2,68557
2022-05-23,34.9,34.9,33.5,33.5,62324
2022-05-24,34.8,34.8,33.8,33.8,16930
2022-05-25,34.0,34.4,33.6,34.4,10372
2022-05-26,34.45,34.8,33.85,33.9,69000
2022-05-30,34.4,34.4,33.55,33.65,62382
2022-05-31,34.7,34.7,33.0,34.2,92230
2022-06-02,34.1,34.25,33.6,34.25,7000
2022-06-06,33.1,34.4,33.1,34.4,7000
2022-06-07,34.5,35.05,33.8,34.4,65567
2022-06-09,33.35,34.3,33.1,33.3,8000
2022-06-10,34.4,34.4,33.5,33.5,66153
2022-06-13,33.5,33.95,33.2,33.95,3001
2022-06-14,33.7,33.7,33.7,33.7,2000
2022-06-15,33.7,34.1,33.5,33.5,10664
2022-06-16,33.5,33.5,33.4,33.4,3481
2022-06-17,34.4,34.5,32.0,32.65,12426
2022-06-20,33.7,33.8,31.35,31.35,63350
2022-06-21,32.4,32.7,31.5,32.7,63151
2022-06-23,33.6,33.6,31.0,31.15,16000
2022-06-24,31.2,32.2,31.2,32.2,4115
2022-06-27,32.25,33.3,32.1,32.1,70318
2022-06-28,31.0,32.95,31.0,32.95,5000
2022-06-29,33.65,33.65,32.6,33.0,66000
2022-06-30,31.45,31.8,30.4,30.4,16479
2022-07-01,31.4,31.4,31.1,31.1,4010
2022-07-04,32.1,32.8,32.1,32.4,5530
2022-07-05,33.5,33.5,30.6,32.85,6000
2022-07-06,33.65,33.65,31.9,31.9,3050
2022-07-07,32.85,32.85,32.0,32.0,67000
2022-07-08,33.1,33.1,33.1,33.1,1932
2022-07-12,32.25,32.3,31.35,31.35,66000
2022-07-13,32.4,32.4,31.55,32.0,63000
2022-07-14,32.0,32.0,31.75,31.75,2627
2022-07-15,30.7,31.35,30.7,31.35,5094
2022-07-18,32.4,32.6,31.55,32.6,64442
2022-07-19,32.0,32.0,32.0,32.0,2146
2022-07-20,31.1,33.55,31.1,31.7,12253
2022-07-21,31.7,32.35,31.0,31.0,65759
2022-07-22,32.0,32.0,30.1,30.35,73297
2022-07-25,30.2,30.85,30.2,30.5,5637
2022-07-26,30.4,30.4,29.25,29.25,24000
2022-07-27,29.75,31.5,29.5,30.0,77927
2022-07-28,30.4,30.5,30.0,30.1,23020
2022-07-29,31.1,32.2,30.1,31.15,92752
2022-08-01,31.45,31.45,31.15,31.15,13668
2022-08-02,31.1,32.1,30.5,30.5,64143
2022-08-03,30.15,30.45,29.4,29.7,11097
2022-08-04,30.0,30.0,29.05,29.4,72007
2022-08-05,29.4,30.6,29.1,29.65,73364
2022-08-08,29.75,30.3,29.7,29.7,7936
2022-08-09,29.7,29.7,29.7,29.7,1000
2022-08-10,30.1,30.1,29.25,29.7,64159
2022-08-11,30.05,30.4,29.55,29.7,68700
2022-08-12,30.05,31.95,30.05,31.95,11431
2022-08-15,31.05,32.0,30.45,30.45,70355
2022-08-16,31.5,31.5,30.2,30.2,70310
2022-08-17,30.75,30.75,29.55,29.9,75122
2022-08-18,29.65,29.65,29.65,29.65,1005
2022-08-19,29.85,31.6,29.8,30.25,25536
2022-08-22,30.25,31.3,30.2,30.2,72280
2022-08-23,30.2,30.2,30.2,30.2,1722
2022-08-24,29.9,30.5,29.6,29.6,63299
2022-08-26,30.5,30.5,29.65,30.1,67000
2022-08-29,29.15,30.1,29.15,29.9,3203
2022-09-01,29.6,30.15,27.8,28.8,80300
2022-09-02,29.55,30.4,29.05,29.1,76710
2022-09-05,28.2,29.65,28.2,29.65,5984
2022-09-06,29.45,29.45,28.55,28.55,5533
2022-09-07,28.95,29.45,28.5,28.6,72680
2022-09-08,29.6,29.7,28.75,29.7,70020
2022-09-13,28.85,29.85,28.85,29.85,4274
2022-09-15,29.9,29.9,28.8,29.0,79199
2022-09-16,28.5,29.6,28.5,28.8,8168
2022-09-19,29.0,29.2,28.4,28.8,75025
2022-09-20,29.8,29.8,29.8,29.8,6070
2022-09-21,29.75,29.8,28.5,28.85,21230
2022-09-22,29.25,29.25,28.4,28.8,75519
2022-09-23,27.9,28.95,27.9,28.95,8044
2022-09-26,29.8,29.85,28.05,28.2,111161
2022-09-27,28.0,28.5,28.0,28.5,3070
2022-09-28,28.0,28.9,27.85,28.4,8356
2022-09-29,27.8,28.9,27.8,28.0,74878
2022-09-30,28.4,28.4,27.5,27.5,13074
2022-10-03,28.4,28.4,27.15,27.15,75001
2022-10-04,27.15,27.75,27.15,27.5,8964
2022-10-05,28.2,28.2,28.2,28.2,2500
2022-10-06,28.8,28.8,28.0,28.35,72998
2022-10-07,28.8,28.8,28.0,28.3,77969
2022-10-11,29.2,29.2,27.9,27.9,5489
2022-10-12,28.85,28.85,28.1,28.1,6585
2022-10-13,29.05,29.05,27.6,27.8,76886
2022-10-14,27.95,28.25,27.95,28.25,6473
2022-10-17,27.75,27.9,27.5,27.5,7477
2022-10-18,28.4,28.4,27.8,27.8,8577
2022-10-19,27.8,28.0,27.0,27.5,80565
2022-10-20,28.0,28.3,27.5,27.5,73563
2022-10-21,28.45,28.45,28.3,28.3,10657
2022-10-24,29.6,29.6,28.7,28.7,4540
2022-10-25,29.35,29.35,26.15,27.3,9879
2022-10-26,28.15,28.15,27.0,27.0,70092
2022-10-27,26.7,27.1,26.6,27.0,7000
2022-10-28,27.85,27.85,26.65,26.7,71024
2022-10-31,26.75,26.8,26.75,26.8,3100
2022-11-01,27.15,27.25,26.65,27.15,9312
2022-11-02,27.5,27.85,27.5,27.85,3079
2022-11-03,28.45,28.5,26.95,27.6,72001
2022-11-04,28.5,28.75,27.2,27.6,73000
2022-11-07,28.45,28.9,28.45,28.9,4018
2022-11-08,29.85,29.85,28.65,28.65,67000
2022-11-09,28.65,28.75,27.1,28.75,8710
2022-11-10,29.75,29.75,29.25,29.25,3430
2022-11-11,28.75,28.75,28.75,28.75,4344
2022-11-14,28.75,29.7,28.0,28.2,90068
2022-11-16,28.55,29.5,28.0,28.55,75257
2022-11-17,28.55,29.5,28.35,29.4,77665
2022-11-18,29.5,30.1,29.5,29.95,17615
2022-11-21,30.9,30.9,30.05,30.05,68168
2022-11-22,30.15,30.5,30.05,30.1,5962
2022-11-24,30.1,31.45,29.5,29.9,89254
2022-11-25,30.4,30.6,30.0,30.0,4115
2022-11-28,30.5,31.0,30.0,30.0,77748
2022-11-29,30.5,30.5,30.5,30.5,3664
2022-11-30,30.6,30.65,29.2,30.65,8615
2022-12-01,29.55,29.85,29.55,29.8,22220
2022-12-02,30.3,30.3,29.3,29.75,89007
2022-12-05,29.3,29.4,29.3,29.4,4940
2022-12-06,30.4,30.4,29.0,29.0,73114
2022-12-07,29.9,29.9,28.6,28.6,6001
2022-12-08,29.0,29.0,28.65,28.65,2000
2022-12-09,29.65,30.2,28.6,28.6,90838
2022-12-12,29.1,29.6,28.5,28.5,92000
2022-12-13,28.5,28.75,27.8,28.75,3383
2022-12-14,27.9,29.1,27.55,29.1,13992
2022-12-15,29.3,29.3,28.5,29.0,73026
2022-12-16,29.85,29.85,28.3,28.3,82001
2022-12-19,27.6,29.0,27.6,29.0,6416
2022-12-20,28.05,28.95,28.0,28.95,3001
2022-12-22,28.9,28.9,28.1,28.9,72001
2022-12-23,28.95,28.95,28.15,28.3,76268
2022-12-26,28.85,28.85,28.85,28.85,1500
2022-12-27,28.1,28.5,28.1,28.5,2069
2022-12-28,29.15,29.15,27.0,27.4,19000
2022-12-29,27.0,27.85,27.0,27.5,82945
2022-12-30,28.4,28.4,27.6,27.8,77230
2023-01-03,27.85,28.7,27.85,28.7,4749
2023-01-05,28.55,28.55,27.75,28.45,69827
2023-01-06,28.7,28.7,27.7,27.9,76807
2023-01-09,28.7,28.75,28.0,28.45,16060
2023-01-10,29.4,29.4,29.4,29.4,3000
2023-01-11,29.55,29.55,28.3,28.4,81259
2023-01-12,28.9,28.9,27.5,27.6,76868
2023-01-13,28.05,28.5,28.0,28.0,7356
2023-01-16,28.9,29.3,28.1,28.35,38200
2023-01-17,28.7,28.7,27.8,27.8,77230
2023-01-30,28.7,28.7,27.85,28.2,80004
2023-01-31,28.75,28.75,27.85,28.15,6000
2023-02-01,29.1,29.1,27.7,28.2,21000
2023-02-02,28.1,28.9,28.1,28.45,83635
2023-02-03,28.7,28.8,28.0,28.1,78539
2023-02-06,28.0,28.15,28.0,28.15,3230
2023-02-07,28.2,28.25,28.2,28.25,2000
2023-02-08,28.5,28.5,27.7,28.25,89000
2023-02-09,28.4,28.55,28.0,28.3,14012
2023-02-10,28.85,28.9,28.05,28.35,79330
2023-02-13,27.5,27.5,27.5,27.5,2001
2023-02-14,28.35,28.35,27.5,28.1,87374
2023-02-15,28.3,28.35,27.5,28.1,86414
2023-02-16,28.1,28.1,27.6,27.75,7139
2023-02-17,28.4,28.4,27.6,27.7,80471
2023-02-20,27.7,28.1,27.7,28.0,7851
2023-02-21,27.65,28.4,27.6,27.7,92846
2023-02-22,27.85,28.15,27.65,27.65,87240
2023-02-23,28.05,28.15,27.5,27.95,112532
2023-02-24,28.0,28.0,27.7,27.7,4039
2023-03-01,28.45,28.5,27.7,27.75,94310
2023-03-02,27.8,27.8,27.65,27.65,16380
2023-03-03,27.7,28.6,27.65,27.95,112128
2023-03-06,27.95,28.0,27.95,28.0,7751
2023-03-07,28.2,28.2,28.0,28.0,2333
2023-03-08,28.15,28.15,28.0,28.1,6147
2023-03-09,28.25,30.9,28.1,30.9,187682
2023-03-10,31.5,33.95,31.5,33.95,144501
2023-03-13,35.25,37.3,33.95,33.95,708024
2023-03-14,33.4,33.4,30.65,30.8,208084
2023-03-15,31.05,31.45,30.0,30.25,45308
2023-03-16,30.05,31.15,29.5,29.85,33717
2023-03-17,29.85,30.8,29.85,30.55,23491
2023-03-20,30.9,30.9,30.05,30.05,8592
2023-03-21,30.15,30.4,30.15,30.25,13552
2023-03-22,30.25,30.6,30.2,30.6,7121
2023-03-23,30.0,30.6,30.0,30.6,16254
2023-03-24,30.1,30.25,30.1,30.25,7718
2023-03-27,28.75,29.9,28.75,29.9,2001
2023-03-28,29.4,30.0,29.4,29.75,9680
2023-03-29,29.2,29.95,29.15,29.9,17729
2023-03-30,30.7,32.2,29.95,30.9,122946
2023-03-31,30.1,30.15,30.05,30.15,23059
2023-04-06,30.5,31.9,30.1,30.15,34213
2023-04-07,30.3,30.7,30.3,30.3,66068
2023-04-10,30.4,30.45,29.5,29.7,11565
2023-04-11,29.7,29.8,29.6,29.6,22067
2023-04-13,29.75,29.75,29.75,29.75,1000
2023-04-14,30.7,30.7,29.75,29.75,7178
2023-04-17,30.6,30.6,29.75,29.75,12133
2023-04-18,30.0,30.0,29.4,29.4,5989
2023-04-19,29.9,29.9,29.45,29.65,7360
2023-04-20,29.9,30.3,29.9,30.3,17000
2023-04-21,30.3,30.3,29.95,29.95,8555
2023-04-25,30.7,30.7,29.2,30.35,14747
2023-04-26,30.35,30.35,29.2,29.85,8807
2023-04-27,30.2,30.25,29.5,29.5,14048
2023-04-28,29.15,29.95,29.15,29.95,5034
2023-05-02,29.5,29.65,29.3,29.5,12000
2023-05-03,29.9,30.0,29.9,30.0,8600
2023-05-04,30.0,30.0,30.0,30.0,3544
2023-05-05,30.0,30.0,29.6,30.0,5335
2023-05-08,30.0,30.0,29.95,29.95,2577
2023-05-09,30.6,30.9,29.85,29.85,78711
2023-05-10,29.3,29.3,29.1,29.3,5556
2023-05-11,29.5,29.8,29.35,29.8,7175
2023-05-12,30.5,30.6,29.8,30.45,79325
2023-05-15,30.0,30.0,29.5,29.5,4381
2023-05-16,29.9,30.3,29.9,30.25,6106
2023-05-17,30.0,30.0,29.95,29.95,3084
2023-05-18,29.95,30.85,29.75,29.95,87876
2023-05-19,29.5,29.8,29.5,29.8,3000
2023-05-22,30.15,30.45,29.65,29.65,94458
2023-05-23,30.1,30.1,29.4,29.5,14502
2023-05-24,30.1,30.1,29.9,29.9,2261
2023-05-25,30.1,30.4,29.8,30.35,26717
2023-05-26,30.1,31.05,30.1,30.7,113589
2023-05-29,30.8,31.5,30.8,31.5,28496
2023-05-30,31.2,31.8,31.2,31.5,9063
2023-05-31,31.5,32.0,30.65,31.7,106875
2023-06-01,31.7,31.7,31.7,31.7,1575
2023-06-02,32.0,32.0,31.2,31.65,9523
2023-06-05,31.0,32.1,31.0,31.4,82711
2023-06-06,31.35,31.35,30.6,30.8,12508
2023-06-07,31.0,31.1,30.1,30.3,90657
2023-06-08,30.3,30.3,30.3,30.3,6034
2023-06-09,29.8,30.3,29.75,30.3,4767
2023-06-12,30.3,31.1,30.25,30.35,68149
2023-06-13,30.35,30.8,29.75,30.05,84089
2023-06-14,29.3,30.7,29.3,30.5,112132
2023-06-15,30.05,30.05,29.75,29.8,6042
2023-06-16,30.3,30.9,30.3,30.9,13069
2023-06-19,30.6,30.6,30.0,30.2,9273
2023-06-20,30.25,30.3,30.2,30.3,7000
2023-06-21,30.0,30.7,30.0,30.7,8371
2023-06-26,30.7,31.0,30.7,31.0,5575
2023-06-27,31.0,31.2,30.3,30.3,69350
2023-06-28,30.3,30.9,29.9,30.3,104710
2023-06-29,30.0,30.0,30.0,30.0,2151
2023-06-30,30.0,30.0,30.0,30.0,9181
2023-07-03,30.6,30.9,30.2,30.55,87329
2023-07-04,30.15,30.15,30.15,30.15,1000
2023-07-05,30.0,30.05,30.0,30.05,7676
2023-07-06,29.8,30.0,29.7,29.85,20155
2023-07-10,29.5,30.4,29.5,30.4,6230
2023-07-11,30.4,30.5,30.4,30.5,3568
2023-07-12,30.5,30.5,30.25,30.45,11232
2023-07-13,30.9,30.9,30.25,30.55,18338
2023-07-14,30.55,30.8,30.55,30.8,12315
2023-07-17,30.8,30.95,30.55,30.55,14466
2023-07-18,30.05,30.45,30.05,30.2,3481
2023-07-19,30.0,30.85,30.0,30.8,4460
2023-07-21,30.35,30.35,30.35,30.35,1767
2023-07-24,29.85,30.6,29.85,30.6,14193
2023-07-25,30.05,30.5,30.05,30.2,5230
2023-07-26,30.2,30.8,30.2,30.55,23369
2023-07-27,30.9,31.5,30.3,31.0,91028
2023-07-28,30.7,30.7,30.7,30.7,2038
2023-07-31,30.95,31.05,30.25,30.8,95405
2023-08-01,30.8,30.8,30.8,30.8,3571
2023-08-02,30.8,30.95,30.1,30.35,11418
2023-08-04,30.95,30.95,30.4,30.45,6575
2023-08-07,30.7,30.95,30.7,30.75,13249
2023-08-08,30.45,30.45,30.45,30.45,1301
2023-08-09,30.25,30.9,30.25,30.55,5714
2023-08-10,30.85,30.85,30.35,30.6,9000
2023-08-11,30.9,31.05,30.25,30.4,10612
2023-08-14,30.1,30.75,29.85,30.75,8261
2023-08-15,30.5,30.8,30.35,30.35,8607
2023-08-16,30.0,30.45,30.0,30.45,12935
2023-08-17,30.15,30.5,30.1,30.4,12986
2023-08-18,30.4,30.4,30.25,30.25,11038
2023-08-21,30.35,30.5,30.35,30.5,13962
2023-08-22,29.6,30.25,29.6,30.25,8154
2023-08-24,30.05,30.95,30.05,30.85,25000
2023-08-25,30.7,33.9,30.55,33.9,182413
2023-08-28,37.0,37.25,34.45,36.6,756664
2023-08-29,34.6,35.05,33.3,34.5,292681
2023-08-30,35.05,35.5,33.7,33.95,123405
2023-08-31,34.0,37.3,33.7,37.3,506686
2023-09-01,39.45,40.75,38.0,39.0,950673
2023-09-04,39.3,40.7,37.5,39.35,530251
2023-09-05,40.0,40.6,38.8,39.8,429704
2023-09-06,39.9,39.9,38.5,38.5,161173
2023-09-07,38.5,38.5,37.2,37.2,144807
2023-09-08,37.1,37.85,37.1,37.1,72571
2023-09-11,37.4,37.4,34.8,34.85,94425
2023-09-12,34.85,35.6,34.2,35.0,70446
2023-09-13,36.0,36.0,35.05,35.25,40075
2023-09-14,34.85,36.0,34.85,35.85,30672
2023-09-15,35.1,35.8,35.1,35.8,12090
2023-09-18,35.1,35.25,35.05,35.1,15933
2023-09-19,35.1,35.75,35.1,35.1,27708
2023-09-20,35.4,35.8,34.7,34.7,59347
2023-09-21,34.8,35.25,34.8,35.2,27086
2023-09-22,35.3,35.55,35.05,35.05,26347
2023-09-25,35.1,35.25,34.8,35.25,12765
2023-09-26,34.8,34.95,34.8,34.8,32246
2023-09-27,34.95,35.2,34.8,34.85,22889
2023-09-28,34.85,34.95,34.8,34.8,8038
2023-10-02,35.0,35.0,32.8,34.05,31799
2023-10-03,34.85,34.85,34.0,34.0,6321
2023-10-04,33.2,34.1,33.2,33.5,14500
2023-10-05,34.5,34.5,33.7,33.7,7021
2023-10-06,34.6,34.6,33.8,33.8,12392
2023-10-11,33.8,34.65,33.8,33.85,7997
2023-10-12,34.35,34.35,33.5,34.0,12863
2023-10-13,34.3,34.3,34.0,34.0,4206
2023-10-16,34.0,34.0,33.6,33.6,6031
2023-10-17,34.3,34.3,33.2,33.2,13008
2023-10-18,33.2,33.95,30.85,32.0,43045
2023-10-19,32.6,33.5,32.4,32.5,25011
2023-10-20,32.4,33.2,32.0,32.8,13047
2023-10-23,32.05,32.75,32.0,32.75,12284
2023-10-24,32.1,32.2,31.2,32.2,16000
2023-10-25,32.5,33.15,32.0,33.15,11000
2023-10-27,32.6,33.1,32.6,32.6,8048
2023-10-30,33.2,33.2,32.4,32.4,6635
2023-10-31,33.5,35.6,33.5,35.0,278258
2023-11-01,36.0,37.9,32.3,32.8,277758
2023-11-02,32.8,33.0,32.2,32.65,76721
2023-11-03,32.45,32.7,32.2,32.45,29607
2023-11-06,32.0,32.8,32.0,32.1,19434
2023-11-07,32.1,32.1,31.5,31.65,48131
2023-11-08,32.5,32.5,31.7,31.75,13203
2023-11-09,31.75,32.0,31.3,31.8,12465
2023-11-10,31.25,31.8,31.25,31.8,4700
2023-11-13,32.45,32.45,31.7,31.7,23182
2023-11-14,32.1,32.1,31.85,31.9,6150
2023-11-15,32.0,32.2,32.0,32.0,7000
2023-11-16,32.2,33.45,32.1,33.35,16410
2023-11-17,33.3,33.3,31.85,32.9,4098
2023-11-20,32.9,34.0,32.9,34.0,7177
2023-11-21,32.75,33.1,32.5,32.6,14127
2023-11-22,32.7,32.7,31.65,31.75,17196
2023-11-23,31.75,33.15,31.75,32.25,28158
2023-11-24,32.5,32.6,32.4,32.5,16021
2023-11-27,32.5,32.5,32.4,32.4,7144
2023-11-28,32.4,33.0,32.4,33.0,13440
2023-11-29,33.25,36.3,33.25,34.55,289954
2023-11-30,34.0,35.5,33.55,34.7,152483
2023-12-01,34.7,35.0,34.35,34.7,25587
2023-12-04,34.85,35.2,34.3,34.3,38264
2023-12-05,34.05,34.45,33.6,33.6,29601
2023-12-06,33.6,34.15,33.6,33.65,49627
2023-12-07,33.7,33.75,33.65,33.75,10587
2023-12-08,33.65,33.95,33.65,33.9,4836
2023-12-11,33.5,33.5,33.0,33.3,18837
2023-12-12,32.75,33.35,32.75,33.35,4340
2023-12-13,33.25,33.85,33.25,33.85,3183
2023-12-14,33.85,33.95,33.2,33.9,17060
2023-12-15,34.9,34.9,33.8,34.4,21355
2023-12-18,34.7,36.1,34.35,34.35,57205
2023-12-19,34.75,34.8,34.65,34.8,6070
2023-12-20,34.95,34.95,34.6,34.6,8189
2023-12-21,34.6,34.6,34.0,34.1,21629
2023-12-22,34.9,34.9,34.15,34.15,21358
2023-12-25,34.0,34.15,34.0,34.15,11072
2023-12-26,34.15,34.15,34.1,34.1,6175
2023-12-27,34.95,34.95,34.0,34.0,9343
2023-12-28,34.55,34.55,34.0,34.15,5658
2023-12-29,33.9,34.45,33.9,34.45,2122
2024-01-02,35.85,37.7,35.35,35.45,233340
2024-01-03,35.3,35.85,34.7,35.15,19308
2024-01-04,35.6,35.75,34.9,34.9,23078
2024-01-05,35.2,35.2,34.25,34.6,26427
2024-01-08,34.6,34.6,34.45,34.5,6052
2024-01-09,34.1,34.95,34.1,34.95,3059
2024-01-10,35.0,36.65,34.3,34.3,43942
2024-01-11,35.3,35.3,34.85,34.85,3187
2024-01-12,34.1,34.95,34.1,34.95,4030
2024-01-15,34.55,34.8,34.3,34.6,9000
2024-01-16,35.1,35.45,34.5,35.2,36168
2024-01-17,35.2,35.2,35.2,35.2,2000
2024-01-18,35.2,35.2,34.1,34.4,16001
2024-01-19,34.45,34.8,34.4,34.8,17324
2024-01-22,35.55,35.55,34.3,34.7,16023
2024-01-23,34.5,34.5,34.15,34.15,7965
2024-01-24,34.2,34.2,34.05,34.05,23515
2024-01-25,34.1,35.15,34.1,34.15,12104
2024-01-29,34.45,36.35,34.3,34.5,80606
2024-01-30,34.55,34.8,34.4,34.4,5473
2024-01-31,34.4,34.4,33.9,33.9,12234
2024-02-01,33.8,33.95,33.8,33.9,5470
2024-02-02,33.85,34.45,33.25,34.4,18043
2024-02-05,33.05,34.3,33.05,33.95,7360
2024-02-15,32.95,33.2,32.95,33.2,2001
2024-02-16,33.95,33.95,33.35,33.35,11631
2024-02-19,34.35,35.2,33.5,34.2,17667
2024-02-20,34.35,35.0,34.25,34.6,38642
2024-02-21,34.6,34.95,34.35,34.95,12826
2024-02-22,34.75,34.75,34.2,34.2,28342
2024-02-23,34.05,34.6,33.6,34.15,18424
2024-02-26,34.4,35.6,34.0,34.0,41355
2024-02-27,33.8,34.15,33.8,34.15,10188
2024-02-29,34.15,34.5,34.15,34.25,12878
2024-03-01,34.1,34.45,34.0,34.0,12897
2024-03-04,33.8,33.8,32.9,33.5,8066
2024-03-05,33.5,34.95,33.5,34.05,7546
2024-03-06,33.75,33.75,33.45,33.55,20040
2024-03-07,33.35,33.35,31.85,31.85,29611
2024-03-08,33.6,33.6,31.7,32.0,32804
2024-03-11,32.0,32.0,31.7,31.75,11437
2024-03-12,31.55,31.75,31.55,31.75,8300
2024-03-13,32.1,32.35,31.5,31.5,9762
2024-03-14,31.5,31.8,31.5,31.55,3987
2024-03-15,31.6,31.85,31.6,31.65,4005
2024-03-19,31.7,31.95,31.0,31.95,43095
2024-03-20,31.9,31.95,31.0,31.85,57519
2024-03-21,31.85,32.6,31.65,31.65,8739
2024-03-22,31.95,32.0,31.3,31.3,6099
2024-03-25,32.45,33.55,31.35,31.4,25847
2024-03-26,31.2,31.2,30.95,31.0,31253
2024-03-27,30.95,30.95,30.8,30.9,19020
2024-03-28,31.1,31.2,30.95,31.2,4329
2024-03-29,32.15,32.15,31.85,31.85,2124
2024-04-01,32.0,32.35,32.0,32.35,8551
2024-04-02,32.25,32.3,31.6,32.3,6548
2024-04-03,32.0,32.3,32.0,32.3,12328
2024-04-08,32.5,32.5,32.05,32.05,3168
2024-04-09,31.55,31.75,31.4,31.6,13756
2024-04-10,31.5,32.25,31.5,31.85,9970
2024-04-11,31.85,31.85,31.4,31.5,7073
2024-04-12,31.5,31.75,31.5,31.75,2723
2024-04-15,31.2,31.2,31.0,31.0,5344
2024-04-16,31.0,31.0,30.75,30.75,8010
2024-04-17,31.4,32.0,31.1,31.1,12595
2024-04-22,31.55,31.55,30.9,31.25,16912
2024-04-23,31.4,31.95,30.8,31.4,22352
2024-04-24,31.15,32.0,31.15,31.75,24196
2024-04-25,31.7,32.55,31.7,32.15,14019
2024-04-26,32.0,32.45,32.0,32.0,19413
2024-04-29,31.9,32.5,31.9,32.3,25669
2024-04-30,32.3,33.0,32.3,32.4,26643
2024-05-02,32.4,32.95,32.4,32.4,19787
2024-05-03,34.95,35.05,33.15,33.15,69848
2024-05-06,33.8,34.5,33.25,34.2,39787
2024-05-07,34.7,34.9,34.0,34.25,29959
2024-05-08,34.4,34.5,33.85,34.0,20182
2024-05-09,33.7,34.5,33.7,34.05,21337
2024-05-10,35.0,35.0,34.1,34.1,71382
2024-05-13,34.1,34.45,33.6,33.65,62438
2024-05-14,33.65,33.75,33.6,33.7,18046
2024-05-15,33.8,33.9,33.7,33.8,25740
2024-05-16,33.8,34.7,33.8,33.85,30724
2024-05-17,33.85,34.2,33.8,33.9,12000
2024-05-20,34.25,34.65,33.85,33.85,15527
2024-05-21,33.85,34.05,33.85,33.9,20110
2024-05-22,33.8,34.05,33.8,34.05,8663
2024-05-23,34.0,34.0,33.3,33.5,15711
2024-05-24,33.5,33.8,33.3,33.6,12443
2024-05-27,33.45,33.45,33.2,33.2,11147
2024-05-28,32.9,33.3,32.9,33.05,18624
2024-05-29,32.9,33.25,32.8,33.25,12248
2024-05-30,33.55,33.55,32.8,32.8,17430
2024-05-31,32.8,33.05,32.8,33.05,29528
2024-06-03,33.0,33.5,32.8,33.0,21994
2024-06-04,32.9,33.1,32.9,33.1,10460
2024-06-05,33.1,33.45,32.8,33.2,34725
2024-06-06,32.85,33.4,32.85,33.1,16273
2024-06-07,33.1,33.3,32.85,33.3,11324
2024-06-11,33.1,33.1,32.9,32.9,25188
2024-06-12,33.15,33.2,32.8,32.8,9400
2024-06-13,32.85,33.05,32.8,33.0,14223
2024-06-14,33.1,33.5,33.0,33.5,33171
2024-06-17,33.5,33.8,33.5,33.5,23619
2024-06-18,33.6,33.6,33.25,33.4,16523
2024-06-19,33.4,33.75,33.4,33.5,16512
2024-06-20,33.7,34.1,33.7,34.0,37199
2024-06-21,34.0,34.0,33.45,33.45,25220
2024-06-24,33.45,33.6,33.45,33.55,16107
2024-06-25,33.5,33.95,33.5,33.85,7932
2024-06-26,33.9,34.05,33.8,33.8,11015
2024-06-27,33.85,34.0,33.7,33.8,16430
2024-06-28,34.0,34.05,33.9,33.9,17549
2024-07-01,34.05,34.75,34.0,34.0,31249
2024-07-02,34.15,34.45,33.95,33.95,13215
2024-07-03,34.0,34.0,33.8,33.8,18348
2024-07-04,34.15,34.15,33.65,33.65,19637
2024-07-05,33.6,34.05,33.5,33.85,14115
2024-07-08,33.95,34.15,33.95,33.95,23652
2024-07-09,34.6,34.6,34.0,34.35,60282
2024-07-10,34.1,34.2,33.7,33.7,21231
2024-07-11,33.8,34.0,33.8,33.8,13183
2024-07-12,33.8,33.85,33.7,33.7,17481
2024-07-15,33.35,33.4,33.15,33.15,23263
2024-07-16,33.7,33.7,33.3,33.3,10383
2024-07-17,33.3,33.8,33.15,33.3,12308
2024-07-18,33.3,33.6,33.3,33.3,14035
2024-07-19,33.3,33.3,32.5,32.6,12134
2024-07-22,32.6,32.85,32.55,32.55,7000
2024-07-23,34.1,34.1,33.4,33.4,8105
2024-07-26,32.05,32.95,32.05,32.95,4000
2024-07-29,33.05,33.35,32.7,32.7,14552
2024-07-30,32.75,33.0,32.75,32.85,5332
2024-07-31,33.25,33.25,32.55,33.15,8018
2024-08-01,33.2,33.7,33.2,33.4,8721
2024-08-02,33.05,33.05,32.7,32.7,6175
2024-08-05,32.5,33.65,29.55,32.05,18860
2024-08-06,31.55,31.55,30.95,31.05,8093
2024-08-07,31.5,31.6,31.2,31.45,19703
2024-08-08,31.8,31.8,31.4,31.6,22058
2024-08-09,31.55,31.9,31.55,31.65,15451
2024-08-12,31.85,31.85,31.35,31.35,16070
2024-08-13,31.35,31.65,31.0,31.65,11031
2024-08-14,31.8,31.8,31.75,31.75,7162
2024-08-15,32.0,32.0,31.3,31.5,11248
2024-08-16,31.5,31.85,31.3,31.3,6732
2024-08-19,31.8,31.95,31.7,31.7,6914
2024-08-20,31.95,32.2,31.9,32.2,28968
2024-08-21,32.2,32.6,32.2,32.35,14938
2024-08-22,32.4,32.75,32.35,32.45,8250
2024-08-23,32.45,32.6,32.15,32.6,13806
2024-08-26,32.6,32.6,32.15,32.2,15934
2024-08-27,32.2,32.35,31.6,32.0,10639
2024-08-28,31.8,32.3,31.8,32.0,4239
2024-08-29,31.0,31.9,31.0,31.9,3851
2024-08-30,31.9,32.25,31.9,32.2,4951
2024-09-02,32.4,32.4,31.55,31.65,11000
2024-09-03,31.7,31.8,31.7,31.7,6231
2024-09-04,31.7,32.6,29.6,30.55,28113
2024-09-05,30.2,31.65,30.2,31.65,34230
2024-09-06,31.5,32.5,31.5,32.4,18805
2024-09-09,30.6,32.95,30.6,31.9,22163
2024-09-10,32.0,32.45,32.0,32.0,11399
2024-09-11,32.5,32.5,32.3,32.3,6365
2024-09-12,32.55,32.7,32.45,32.45,5389
2024-09-13,32.45,32.6,32.45,32.45,13435
2024-09-16,32.7,32.85,32.45,32.6,13002
2024-09-18,32.55,32.55,32.05,32.3,9020
2024-09-19,32.5,32.5,32.3,32.3,4115
2024-09-20,32.95,32.95,32.3,32.4,5020
2024-09-23,32.6,32.9,32.5,32.5,6000
2024-09-24,32.7,32.7,32.7,32.7,3081
2024-09-25,32.8,33.05,32.5,32.9,6172
2024-09-26,32.55,32.55,32.1,32.1,9464
2024-09-27,32.45,32.7,32.45,32.7,7895
2024-09-30,32.0,32.5,32.0,32.35,8125
2024-10-01,32.3,33.1,32.3,32.75,53354
2024-10-04,32.15,32.4,32.15,32.2,4017
2024-10-07,32.3,32.65,32.2,32.2,7115
2024-10-08,32.45,32.45,31.8,32.15,7223
2024-10-09,32.15,32.5,31.8,32.2,57016
2024-10-11,32.55,32.55,32.0,32.2,35031
2024-10-14,32.2,32.4,31.25,31.25,42171
2024-10-15,32.2,33.0,31.85,32.0,8609
2024-10-16,32.0,32.0,31.85,31.85,6000
2024-10-17,31.95,32.5,31.95,32.0,12000
2024-10-18,32.2,32.25,32.0,32.0,18738
2024-10-21,32.0,33.0,31.6,32.05,79806
2024-10-22,32.05,32.05,31.7,32.05,14504
2024-10-23,32.05,33.05,32.05,32.05,76073
2024-10-24,32.2,32.2,31.9,32.0,7595
2024-10-25,32.3,32.45,32.3,32.45,4050
2024-10-28,32.65,33.5,32.3,32.3,68036
2024-10-29,31.85,31.85,31.8,31.8,5023
2024-10-30,32.05,32.8,31.15,31.8,48000
2024-11-01,31.8,31.8,31.7,31.7,4003
2024-11-04,31.8,32.6,31.5,31.5,68509
2024-11-05,31.85,32.0,31.85,32.0,3759
2024-11-06,32.2,32.3,31.5,31.8,12571
2024-11-07,31.8,32.25,31.8,32.2,9265
2024-11-08,32.0,32.1,31.8,32.0,8007
2024-11-11,32.15,32.9,32.0,32.0,94445
2024-11-12,32.0,32.0,31.8,31.8,3033
2024-11-13,31.8,32.3,31.8,31.9,52999
2024-11-14,31.8,32.2,31.8,31.95,10036
2024-11-15,32.2,32.3,31.95,32.25,7000
2024-11-18,32.15,33.6,32.15,32.35,58417
2024-11-19,32.35,32.35,31.9,31.95,10332
2024-11-20,31.9,32.0,31.0,31.1,25357
2024-11-21,31.55,31.55,31.1,31.35,10500
2024-11-22,31.65,31.7,31.6,31.6,4725
2024-11-25,31.8,31.9,31.7,31.7,5251
2024-11-26,31.85,31.85,31.55,31.7,12260
2024-11-27,31.55,32.2,31.55,32.2,6241
2024-11-28,32.25,32.25,32.0,32.0,6724
2024-11-29,32.15,32.25,31.8,32.25,12824
2024-12-02,31.2,31.6,30.9,31.2,57002
2024-12-03,31.3,31.6,31.3,31.6,4223
2024-12-04,32.55,32.55,31.1,31.5,83030
2024-12-05,31.6,31.6,31.45,31.6,3052
2024-12-06,31.9,31.9,31.5,31.5,15401
2024-12-09,31.5,32.4,31.5,31.5,5241
2024-12-10,31.5,31.5,31.5,31.5,2000
2024-12-11,31.55,31.6,31.5,31.5,4000
2024-12-12,31.9,31.9,31.15,31.6,11506
2024-12-13,31.65,31.75,31.3,31.3,12297
2024-12-16,31.3,31.45,31.3,31.45,5266
2024-12-17,31.5,31.5,31.2,31.3,11238
2024-12-18,31.3,31.9,31.3,31.7,5847
2024-12-19,31.7,31.7,31.55,31.55,4000
2024-12-20,31.5,31.7,31.3,31.5,7018
2024-12-23,31.7,32.0,31.7,32.0,13175
2024-12-24,32.2,32.7,32.05,32.05,38668
2024-12-25,32.0,32.6,32.0,32.55,10456
2024-12-26,32.75,32.95,32.6,32.95,6977
2024-12-27,33.05,33.3,33.0,33.05,7053
2024-12-30,33.05,33.85,32.4,33.2,87915
2024-12-31,33.3,33.6,33.0,33.15,9407
2025-01-02,33.0,33.5,32.25,32.6,91407
2025-01-03,32.55,33.0,31.95,32.5,83250
2025-01-06,32.7,32.7,32.2,32.6,6000
2025-01-07,32.7,32.7,32.5,32.5,10522
2025-01-08,32.3,32.5,32.3,32.5,6259
2025-01-09,32.7,32.7,30.9,31.85,27020
2025-01-10,31.95,31.95,31.5,31.5,11000
2025-01-13,31.5,31.5,31.5,31.5,4451
2025-01-14,31.7,31.8,31.5,31.5,9000
2025-01-15,31.7,32.5,31.5,32.4,114055
2025-01-16,32.5,32.5,31.5,32.4,25001
2025-01-17,32.45,32.5,31.5,31.6,34230
2025-01-20,31.6,31.6,30.05,30.35,73756
2025-01-21,30.8,31.3,30.05,31.3,36653
2025-01-22,31.3,31.5,30.05,31.4,58874
2025-02-03,31.0,31.55,30.75,31.25,10165
2025-02-04,31.5,31.5,31.3,31.3,5000
2025-02-05,31.5,31.5,30.85,31.0,10595
2025-02-06,31.0,31.3,30.7,30.7,18000
2025-02-07,30.6,30.6,30.55,30.55,3025
2025-02-10,30.5,30.55,30.1,30.1,23000
2025-02-11,30.1,30.1,30.0,30.1,9148
2025-02-12,30.05,30.05,30.05,30.05,4000
2025-02-13,30.05,30.6,30.05,30.2,6203
2025-02-14,30.2,30.4,30.1,30.2,9000
2025-02-17,30.25,30.25,30.0,30.2,5575
2025-02-18,30.35,30.35,30.2,30.2,8303
2025-02-19,30.2,31.1,30.2,30.85,22894
2025-02-20,30.6,31.4,30.6,31.0,13171
2025-02-21,31.0,31.0,31.0,31.0,3235
2025-02-24,30.95,31.25,30.15,31.25,10966
2025-02-25,31.15,31.15,30.65,30.65,16407
2025-02-26,30.9,30.9,29.7,29.7,44267
2025-02-27,30.25,30.25,29.6,29.7,13042
2025-03-03,29.6,30.3,29.6,29.6,18000
2025-03-04,29.95,30.0,29.6,29.7,33365
2025-03-05,29.7,30.3,29.65,30.05,13353
2025-03-06,30.45,30.45,29.9,30.0,40404
2025-03-07,29.1,29.8,28.8,29.45,28102
2025-03-10,29.1,29.45,29.1,29.15,4019
2025-03-11,29.0,29.15,29.0,29.1,3068
2025-03-12,29.1,29.55,29.1,29.4,14215
2025-03-13,29.7,29.95,29.55,29.55,7525
2025-03-14,29.8,29.95,29.8,29.85,6139
2025-03-17,30.0,30.3,30.0,30.05,22145
2025-03-18,30.2,30.2,29.95,29.95,15240
2025-03-19,30.2,30.25,29.65,29.65,3678
2025-03-20,29.75,30.2,29.75,30.2,5398
2025-03-21,30.3,30.45,29.65,29.65,6575
2025-03-24,30.15,30.15,29.7,29.7,4250
2025-03-25,30.2,30.2,30.15,30.2,4575
2025-03-26,30.25,30.25,29.7,29.7,5115
2025-03-27,30.15,30.15,29.65,29.7,25267
2025-03-28,29.7,29.7,29.6,29.6,5626
2025-03-31,30.05,31.0,29.2,31.0,31312
2025-04-01,31.2,31.4,30.5,30.75,41050
2025-04-02,30.8,31.0,30.5,30.55,24241
2025-04-07,27.85,28.0,27.5,27.5,24028
2025-04-08,24.75,25.25,24.75,25.25,60029
2025-04-09,25.25,25.95,23.7,23.7,61123
2025-04-10,26.05,26.05,26.05,26.05,11200
2025-04-11,26.1,27.6,26.1,27.6,2790
2025-04-14,27.8,27.85,27.7,27.85,12887
2025-04-15,28.0,29.15,28.0,28.85,4803
2025-04-16,29.0,29.0,27.3,28.5,6141
2025-04-17,28.45,28.45,28.2,28.2,4171
2025-04-18,28.2,28.6,28.2,28.5,4803
2025-04-21,28.55,28.7,28.25,28.25,5015
2025-04-22,28.25,28.25,28.0,28.2,4000
2025-04-23,28.25,28.25,28.0,28.25,8301
2025-04-24,28.45,28.45,28.05,28.05,2115
2025-04-25,28.25,28.45,28.0,28.45,10010
2025-04-28,28.5,28.65,28.5,28.5,6014
2025-04-29,28.5,28.85,28.35,28.85,21691
2025-04-30,28.85,29.6,28.05,29.6,13023
2025-05-02,29.65,29.8,29.0,29.7,13000
2025-05-05,29.7,29.7,28.2,28.65,8710
2025-05-06,28.5,28.65,28.0,28.0,11067
2025-05-07,28.1,28.2,28.0,28.2,5000
2025-05-08,28.25,28.3,28.2,28.2,4037
2025-05-09,28.65,29.2,28.3,28.5,10035
2025-05-12,28.7,28.7,28.0,28.35,10000
2025-05-13,28.5,28.5,27.6,27.6,14000
2025-05-14,27.15,28.3,27.15,28.3,10000
2025-05-15,28.3,28.55,28.2,28.2,13000
2025-05-16,28.25,28.25,28.25,28.25,15000
2025-05-19,28.25,28.35,28.0,28.0,12000
2025-05-20,28.2,28.35,28.0,28.35,20000
2025-05-21,28.4,29.85,28.35,29.0,12000
2025-05-22,29.0,29.2,28.55,28.55,3000
2025-05-23,28.6,29.05,28.6,29.05,6000
2025-05-26,28.7,29.5,28.7,29.5,6000
2025-05-27,29.6,29.95,29.1,29.95,20000
2025-05-28,30.0,30.1,30.0,30.05,7000
2025-05-29,29.9,30.2,29.9,30.0,6000
2025-06-02,29.2,29.9,29.0,29.45,6000
2025-06-03,29.45,29.7,29.45,29.55,6000
2025-06-04,29.6,29.65,29.15,29.65,6000
2025-06-05,29.7,29.9,29.55,29.55,15000
2025-06-06,29.6,29.7,29.5,29.6,7000
2025-06-09,29.6,29.65,29.5,29.5,7132
2025-06-10,29.6,30.0,29.6,29.85,30000
2025-06-11,29.9,29.95,29.7,29.8,15000
2025-06-12,29.7,29.8,29.6,29.8,7000
2025-06-13,29.75,29.9,29.7,29.9,9000
2025-06-16,29.85,30.0,29.85,30.0,9000
2025-06-17,30.0,30.0,30.0,30.0,11000
2025-06-18,30.0,30.0,29.1,29.8,8000
2025-06-19,29.8,30.0,29.3,29.3,9000
2025-06-20,29.5,29.55,29.35,29.55,6000
2025-06-23,29.5,29.5,29.0,29.2,8000
2025-06-24,29.25,29.5,29.25,29.5,8000
2025-06-25,29.65,29.7,29.5,29.5,3000
2025-06-26,29.5,29.7,29.5,29.55,15103
2025-06-27,29.55,30.0,29.5,29.7,30000
2025-06-30,29.8,29.9,29.3,29.6,9047
2025-07-01,29.7,29.9,29.3,29.3,8000
2025-07-02,29.5,29.6,29.3,29.35,7000
2025-07-03,29.5,29.75,29.1,29.4,10000
2025-07-04,29.45,29.5,29.2,29.2,4000
2025-07-07,29.4,29.5,29.2,29.4,4000
2025-07-08,29.4,29.5,29.4,29.4,4088
2025-07-09,28.8,29.6,28.8,28.95,5000
2025-07-10,29.1,29.65,29.1,29.35,7000
2025-07-11,29.5,29.55,28.65,29.1,6411
