日期,開盤價,最高價,最低價,收盤價,成交量
2010-01-04,14.2,14.25,13.55,13.8,1164007
2010-01-05,13.65,13.9,13.4,13.55,769995
2010-01-06,13.6,13.75,13.5,13.65,734258
2010-01-07,13.65,13.65,12.85,12.95,1080871
2010-01-08,12.7,13.3,12.7,12.95,409160
2010-01-11,12.95,13.4,12.95,13.25,770659
2010-01-12,13.65,14.15,13.65,14.15,4467741
2010-01-13,13.9,13.9,13.4,13.65,2304061
2010-01-14,13.85,13.85,13.5,13.8,1115361
2010-01-15,13.85,14.05,13.7,13.75,898000
2010-01-18,13.7,14.05,13.5,13.85,1142325
2010-01-19,13.85,14.0,13.65,13.7,1118784
2010-01-20,13.95,13.95,13.5,13.65,670742
2010-01-21,13.65,13.75,13.05,13.15,883007
2010-01-22,13.0,13.0,12.45,12.45,857011
2010-01-25,12.0,12.4,12.0,12.05,950016
2010-01-26,12.3,12.35,11.25,11.25,1055000
2010-01-27,11.0,11.45,10.5,10.5,1006596
2010-01-28,10.5,11.2,10.5,11.2,931074
2010-01-29,11.0,11.05,10.6,10.95,528223
2010-02-01,11.0,11.0,10.5,10.7,480000
2010-02-02,11.3,11.3,10.0,10.0,478302
2010-02-03,10.3,10.4,9.9,10.1,537018
2010-02-04,10.1,10.8,10.1,10.7,363341
2010-02-05,10.3,10.4,9.96,9.96,820009
2010-02-06,10.0,10.0,9.3,9.7,403015
2010-02-08,9.7,10.3,9.7,9.9,224291
2010-02-09,9.91,10.45,9.91,10.25,327072
2010-02-10,10.5,10.55,10.25,10.35,1169015
2010-02-22,10.4,11.05,10.35,10.6,1337011
2010-02-23,10.8,10.85,10.45,10.7,290000
2010-02-24,10.55,10.8,10.55,10.6,169011
2010-02-25,10.6,10.6,10.25,10.25,300029
2010-02-26,10.2,10.55,10.2,10.4,837000
2010-03-01,10.5,10.65,10.4,10.6,225000
2010-03-02,10.6,10.65,10.3,10.45,221202
2010-03-03,10.4,10.55,10.2,10.2,276000
2010-03-04,10.4,10.9,10.3,10.9,1995684
2010-03-05,10.7,10.85,10.6,10.75,798684
2010-03-08,10.8,10.95,10.7,10.85,478000
2010-03-09,10.9,10.9,10.8,10.85,289000
2010-03-10,10.9,10.9,10.7,10.7,308102
2010-03-11,10.8,10.8,10.45,10.45,365188
2010-03-12,10.45,10.55,10.3,10.4,493482
2010-03-15,10.4,10.6,10.3,10.4,271084
2010-03-16,10.4,10.65,10.3,10.5,262004
2010-03-17,10.65,10.7,10.5,10.6,243020
2010-03-18,10.65,10.85,10.6,10.75,347400
2010-03-19,10.75,10.9,10.75,10.8,342000
2010-03-22,10.8,10.9,10.6,10.9,258945
2010-03-23,11.0,11.0,10.5,10.8,343019
2010-03-24,10.9,11.5,10.85,11.05,1142227
2010-03-25,11.0,11.65,11.0,11.2,1211501
2010-03-26,11.2,11.4,11.2,11.2,438848
2010-03-29,11.3,11.4,11.0,11.15,482649
2010-03-30,11.3,11.35,11.05,11.05,396000
2010-03-31,11.1,11.25,11.05,11.1,311326
2010-04-01,11.15,11.35,11.1,11.15,447330
2010-04-02,11.2,11.3,11.1,11.15,477623
2010-04-06,11.3,11.35,11.1,11.15,531020
2010-04-07,11.1,11.15,11.05,11.15,390789
2010-04-08,11.2,11.65,11.15,11.6,1517619
2010-04-09,11.8,12.4,11.7,12.4,3227707
2010-04-12,12.5,12.5,11.8,12.0,1645757
2010-04-13,12.1,12.1,11.65,11.75,758810
2010-04-14,11.75,12.0,11.7,12.0,465641
2010-04-15,12.05,12.6,11.95,12.25,1438087
2010-04-16,12.25,12.4,12.05,12.1,493000
2010-04-19,11.95,11.95,11.35,11.55,1111108
2010-04-20,11.6,12.35,11.55,12.35,1559469
2010-04-21,13.1,13.2,12.8,13.2,4798947
2010-04-22,13.35,13.35,12.8,13.0,2408053
2010-04-23,13.0,13.85,12.95,13.6,1944654
2010-04-26,13.85,14.2,13.5,13.9,2212451
2010-04-27,13.8,13.9,13.2,13.25,1942157
2010-04-28,12.5,13.4,12.5,13.2,1317000
2010-04-29,13.4,14.1,13.4,14.1,3898833
2010-04-30,14.25,14.4,13.4,14.0,3673675
2010-05-03,13.7,14.4,13.5,14.0,1906104
2010-05-04,14.2,14.4,13.75,14.0,2013104
2010-05-05,13.55,14.15,13.55,14.1,2045587
2010-05-06,14.2,15.0,14.15,15.0,3366192
2010-05-07,15.0,16.05,14.8,15.95,6759512
2010-05-10,16.15,16.15,15.1,15.95,3235478
2010-05-11,16.15,16.25,15.25,15.55,2760428
2010-05-12,15.7,16.3,15.2,16.25,3658389
2010-05-13,16.25,16.65,16.05,16.25,4517886
2010-05-14,16.25,16.3,16.05,16.25,1246465
2010-05-17,16.25,16.45,16.05,16.3,1359089
2010-05-18,16.5,17.15,16.45,16.7,3605326
2010-05-19,16.75,16.75,16.15,16.55,2073165
2010-05-20,16.7,16.7,16.4,16.45,1230538
2010-05-21,16.25,16.25,15.3,15.45,2241686
2010-05-24,15.55,15.65,14.4,14.4,1710008
2010-05-25,13.45,13.95,13.4,13.5,2146000
2010-05-26,13.7,14.1,13.35,14.1,868000
2010-05-27,13.85,15.05,13.85,14.1,10656100
2010-05-28,14.2,14.3,13.75,13.95,1405000
2010-05-31,13.95,14.05,13.8,13.95,674000
2010-06-01,13.95,14.15,13.8,14.1,1194061
2010-06-02,14.1,14.25,13.95,14.1,657000
2010-06-03,14.1,14.4,13.95,14.4,1039242
2010-06-04,14.4,14.45,14.1,14.3,568001
2010-06-07,13.85,13.85,13.4,13.75,440000
2010-06-08,13.25,13.8,13.2,13.75,688000
2010-06-09,13.75,13.9,13.25,13.3,445204
2010-06-10,13.1,13.45,13.0,13.25,557162
2010-06-11,13.3,13.4,13.15,13.35,530000
2010-06-14,13.4,13.45,13.0,13.3,1130482
2010-06-15,13.2,13.55,13.15,13.5,371025
2010-06-17,13.55,13.6,13.45,13.6,373000
2010-06-18,13.6,13.8,13.55,13.65,602000
2010-06-21,13.7,13.75,13.6,13.65,276055
2010-06-22,13.65,13.65,13.5,13.6,352000
2010-06-23,13.6,13.9,13.45,13.7,4771042
2010-06-24,13.7,13.75,12.75,12.75,4020098
2010-06-25,12.5,12.5,11.9,11.9,3044137
2010-06-28,11.95,12.4,11.95,12.1,939300
2010-06-29,12.2,12.25,11.75,11.8,800544
2010-06-30,11.4,11.65,11.3,11.35,473011
2010-07-01,11.1,11.45,10.8,11.05,1342001
2010-07-02,11.25,11.25,11.0,11.0,690000
2010-07-05,11.05,11.1,10.9,11.0,574240
2010-07-06,11.05,11.35,11.05,11.25,505498
2010-07-07,11.2,12.0,11.2,12.0,1218000
2010-07-08,12.2,12.25,11.8,11.95,941305
2010-07-09,11.9,12.05,11.6,11.6,427404
2010-07-12,11.7,11.8,11.5,11.65,384031
2010-07-13,11.75,11.8,11.5,11.5,467000
2010-07-14,11.6,11.75,11.55,11.55,504000
2010-07-15,11.55,11.7,11.55,11.6,332911
2010-07-16,11.7,11.75,11.55,11.6,474409
2010-07-19,11.35,11.7,11.35,11.5,312101
2010-07-20,11.5,11.65,11.5,11.55,384625
2010-07-21,11.65,12.3,11.65,12.0,1774242
2010-07-22,12.0,12.2,11.75,11.8,726488
2010-07-23,11.9,12.1,11.75,11.75,775201
2010-07-26,11.75,11.85,11.75,11.75,582159
2010-07-27,11.8,12.05,11.6,11.65,1005501
2010-07-28,11.8,11.85,11.55,11.6,987134
2010-07-29,11.6,11.7,11.55,11.55,726065
2010-07-30,11.7,12.35,11.7,12.35,1756061
2010-08-02,13.2,13.2,12.7,12.85,5200304
2010-08-03,12.8,13.15,12.5,12.7,3266573
2010-08-04,12.7,12.9,12.6,12.8,848000
2010-08-05,13.4,13.65,13.35,13.65,2346846
2010-08-06,13.6,13.6,13.15,13.4,1721500
2010-08-09,13.4,13.65,13.15,13.15,2546104
2010-08-10,13.05,13.1,12.5,12.5,1214025
2010-08-11,12.4,12.8,12.4,12.5,1168104
2010-08-12,12.35,12.5,12.2,12.4,669104
2010-08-13,12.45,12.8,12.4,12.65,801000
2010-08-16,12.65,12.65,12.45,12.5,485247
2010-08-17,12.5,12.6,12.4,12.4,587099
2010-08-18,12.5,12.55,12.25,12.25,522698
2010-08-19,12.25,12.45,12.2,12.45,496026
2010-08-20,13.0,13.3,12.45,12.6,3684000
2010-08-23,12.6,12.75,12.55,12.55,408061
2010-08-24,12.55,12.65,12.35,12.35,375019
2010-08-25,12.1,12.25,11.8,11.95,537009
2010-08-26,12.1,12.1,11.15,11.95,845000
2010-08-27,11.8,11.9,11.5,11.7,395935
2010-08-30,11.6,11.8,11.2,11.35,281023
2010-08-31,11.25,11.25,10.6,10.6,1428186
2010-09-01,10.6,10.85,10.1,10.25,1361265
2010-09-02,10.35,10.55,10.25,10.25,794012
2010-09-03,10.3,10.5,10.25,10.4,762008
2010-09-06,10.55,10.85,10.45,10.55,493010
2010-09-07,10.4,10.6,10.4,10.45,373526
2010-09-08,10.5,10.65,10.5,10.5,183000
2010-09-09,10.6,10.7,10.55,10.55,161191
2010-09-10,10.6,11.2,10.6,11.05,1045000
2010-09-13,11.05,11.5,11.0,11.05,1765405
2010-09-14,11.2,11.2,10.85,10.95,395055
2010-09-15,10.95,11.05,10.7,10.8,409081
2010-09-16,10.8,10.9,10.7,10.75,154000
2010-09-17,10.85,10.85,10.7,10.75,226213
2010-09-20,10.85,10.85,10.65,10.75,194000
2010-09-21,10.75,10.8,10.6,10.75,157232
2010-09-23,10.75,10.75,10.55,10.55,278100
2010-09-24,10.6,10.65,10.55,10.65,214050
2010-09-27,10.65,10.8,10.45,10.65,250071
2010-09-28,10.5,10.65,10.45,10.65,112010
2010-09-29,10.55,10.6,10.5,10.6,253118
2010-09-30,10.65,10.65,10.45,10.6,429010
2010-10-01,10.6,10.75,10.45,10.65,884000
2010-10-04,10.75,10.75,10.45,10.55,335000
2010-10-05,10.55,10.55,10.25,10.4,244000
2010-10-06,10.45,10.45,10.25,10.35,243677
2010-10-07,10.25,10.35,10.2,10.35,327081
2010-10-08,10.3,10.35,10.2,10.35,339000
2010-10-11,10.25,10.25,10.0,10.1,663208
2010-10-12,10.1,10.1,9.9,10.0,504000
2010-10-13,9.95,10.0,9.9,9.99,299605
2010-10-14,10.0,10.4,9.93,10.35,1534000
2010-10-15,10.25,10.3,10.0,10.15,334261
2010-10-18,10.0,10.05,9.8,9.95,230061
2010-10-19,9.84,9.94,9.81,9.94,166372
2010-10-20,9.81,9.94,9.81,9.93,107400
2010-10-21,9.87,9.96,9.84,9.93,139000
2010-10-22,9.94,9.94,9.72,9.76,244000
2010-10-25,9.76,9.76,9.6,9.66,263000
2010-10-26,9.67,9.75,9.67,9.68,182000
2010-10-27,9.59,9.59,9.01,9.17,519035
2010-10-28,9.1,9.1,8.53,8.53,1289261
2010-10-29,7.94,8.3,7.94,8.2,1175376
2010-11-01,8.3,8.63,8.3,8.54,710002
2010-11-02,8.7,8.73,8.5,8.5,650161
2010-11-03,8.7,8.7,8.51,8.51,331134
2010-11-04,8.5,8.66,8.47,8.63,334346
2010-11-05,8.73,8.73,8.63,8.67,280269
2010-11-08,8.57,8.68,8.48,8.5,198023
2010-11-09,8.5,8.55,8.41,8.41,126000
2010-11-10,8.4,8.5,8.31,8.48,157442
2010-11-11,8.49,8.6,8.46,8.58,158000
2010-11-12,8.51,8.6,8.48,8.53,183121
2010-11-15,8.58,8.58,8.52,8.53,116184
2010-11-16,8.51,8.7,8.5,8.59,313129
2010-11-17,8.53,8.57,8.4,8.57,157000
2010-11-18,8.31,8.62,8.31,8.58,160220
2010-11-19,8.58,8.58,8.35,8.41,194000
2010-11-22,8.36,8.43,8.35,8.42,163116
2010-11-23,8.47,8.58,8.43,8.43,84574
2010-11-24,8.49,8.49,8.4,8.41,141325
2010-11-25,8.48,8.48,8.4,8.4,113135
2010-11-26,7.82,8.47,7.82,8.38,219000
2010-11-29,8.33,8.37,8.24,8.34,119242
2010-11-30,8.25,8.43,8.25,8.33,81000
2010-12-01,8.35,8.49,8.35,8.45,99817
2010-12-02,8.47,8.54,8.45,8.47,222781
2010-12-03,8.5,8.65,8.47,8.56,404033
2010-12-06,8.6,8.68,8.56,8.65,123081
2010-12-07,8.66,9.25,8.65,9.25,629000
2010-12-08,9.3,9.53,9.3,9.32,2076200
2010-12-09,9.38,9.45,9.32,9.34,288670
2010-12-10,9.34,9.34,9.15,9.19,264210
2010-12-13,8.81,9.21,8.81,9.15,206012
2010-12-14,9.18,9.2,8.95,9.04,247300
2010-12-15,9.05,9.1,8.9,8.9,185242
2010-12-16,9.1,9.15,8.92,8.94,240242
2010-12-17,9.0,9.05,8.9,8.91,119020
2010-12-20,9.0,9.0,8.82,8.9,91609
2010-12-21,8.95,8.97,8.84,8.87,79238
2010-12-22,8.95,8.95,8.82,8.88,96000
2010-12-23,8.95,9.1,8.95,8.98,119179
2010-12-24,9.05,9.1,8.83,8.98,140790
2010-12-27,9.01,9.1,8.94,8.94,200890
2010-12-28,8.85,9.0,8.85,8.88,107437
2010-12-29,8.94,8.94,8.55,8.55,184551
2010-12-30,8.57,9.0,8.57,8.8,234020
2010-12-31,8.9,8.9,8.76,8.77,123169
2011-01-03,8.8,8.8,8.69,8.7,124372
2011-01-04,8.7,8.7,8.5,8.6,140552
2011-01-05,9.0,9.0,8.7,8.7,227822
2011-01-06,8.71,8.8,8.63,8.64,72866
2011-01-07,8.66,8.77,8.63,8.65,66426
2011-01-10,8.65,8.78,8.64,8.65,79708
2011-01-11,8.66,8.7,8.64,8.65,150586
2011-01-12,8.65,8.7,8.55,8.64,113761
2011-01-13,8.64,8.67,8.61,8.61,187357
2011-01-14,8.6,8.61,8.47,8.47,172810
2011-01-17,8.47,8.48,8.3,8.38,210749
2011-01-18,8.38,8.48,8.38,8.4,101879
2011-01-19,8.48,8.48,8.41,8.42,100528
2011-01-20,8.42,8.42,8.3,8.31,153749
2011-01-21,8.4,8.42,8.32,8.35,128485
2011-01-24,8.35,8.45,8.32,8.33,89120
2011-01-25,8.33,8.58,8.32,8.42,243316
2011-01-26,8.52,8.52,8.32,8.32,1533600
2011-01-27,8.42,8.48,8.33,8.33,195537
2011-01-28,8.35,8.43,8.34,8.37,145702
2011-02-08,8.4,8.46,8.4,8.4,100351
2011-02-09,8.4,8.69,8.4,8.67,357872
2011-02-10,8.7,9.08,8.69,9.0,1015178
2011-02-11,9.0,9.2,8.71,8.72,1328575
2011-02-14,8.72,8.9,8.45,8.57,491902
2011-02-15,8.57,8.58,8.45,8.55,170401
2011-02-16,8.45,8.57,8.35,8.4,255787
2011-02-17,8.45,8.5,8.39,8.39,115000
2011-02-18,8.42,8.65,8.42,8.5,142602
2011-02-21,8.5,8.5,8.3,8.42,127375
2011-02-22,8.38,8.38,8.21,8.24,184097
2011-02-23,8.05,8.19,8.0,8.0,239648
2011-02-24,8.01,8.15,7.62,8.15,309425
2011-02-25,8.13,8.13,7.85,8.02,107491
2011-03-01,8.3,8.3,7.99,8.06,52050
2011-03-02,8.15,8.15,8.02,8.12,71390
2011-03-03,8.15,8.16,8.08,8.16,213509
2011-03-04,8.27,8.27,8.12,8.13,104118
2011-03-07,8.13,8.16,7.91,8.1,118889
2011-03-08,8.1,8.14,8.02,8.05,100007
2011-03-09,8.05,8.13,8.0,8.06,166100
2011-03-10,8.12,8.13,8.03,8.12,120760
2011-03-11,8.12,8.2,8.05,8.09,324000
2011-03-14,7.85,8.07,7.7,7.73,273560
2011-03-15,7.7,7.7,7.19,7.5,670999
2011-03-16,7.5,7.5,7.11,7.23,198749
2011-03-17,6.98,7.0,6.73,6.9,398804
2011-03-18,6.99,7.09,6.92,7.05,141641
2011-03-21,7.0,7.22,7.0,7.2,112100
2011-03-22,7.22,7.38,7.22,7.3,64000
2011-03-23,7.32,7.45,7.24,7.42,139300
2011-03-24,7.45,7.58,7.44,7.55,107081
2011-03-25,7.55,7.55,7.04,7.44,154000
2011-03-28,7.3,7.39,7.2,7.28,95075
2011-03-29,7.28,7.29,7.27,7.27,37503
2011-03-30,7.28,7.38,7.26,7.33,29000
2011-03-31,7.33,7.33,7.2,7.29,143855
2011-04-01,7.2,7.43,7.19,7.32,81031
2011-04-06,7.42,7.42,7.12,7.15,127800
2011-04-07,7.1,7.2,7.1,7.15,81704
2011-04-08,7.2,7.2,7.13,7.16,54914
2011-04-11,7.2,7.23,7.15,7.23,139257
2011-04-12,7.18,7.25,7.12,7.12,75589
2011-04-13,7.1,7.3,7.1,7.29,317251
2011-04-14,7.3,7.45,7.25,7.36,569768
2011-04-15,7.36,7.44,7.3,7.35,79000
2011-04-18,7.3,7.42,7.3,7.37,186000
2011-04-19,7.3,7.37,7.16,7.37,94038
2011-04-20,7.4,7.52,7.37,7.43,222428
2011-04-21,7.49,7.53,7.35,7.35,109703
2011-04-22,7.45,7.45,7.3,7.32,531430
2011-04-25,7.32,7.32,7.12,7.22,115973
2011-04-26,7.3,7.3,7.16,7.16,50424
2011-04-27,7.2,7.23,7.2,7.2,100125
2011-04-28,7.2,7.25,7.2,7.21,40869
2011-04-29,7.2,7.3,7.2,7.21,45351
2011-05-03,7.16,7.16,6.72,6.8,202548
2011-05-04,6.36,6.78,6.36,6.78,151000
2011-05-05,6.78,6.99,6.78,6.81,75565
2011-05-06,6.71,6.8,6.6,6.6,94090
2011-05-09,6.5,6.59,6.5,6.53,119027
2011-05-10,6.5,6.5,6.3,6.3,157679
2011-05-11,6.3,6.39,6.22,6.25,99154
2011-05-12,6.0,6.24,6.0,6.2,84594
2011-05-13,6.06,6.1,5.98,6.03,271643
2011-05-16,6.06,6.45,6.06,6.45,483921
2011-05-17,6.75,6.9,6.6,6.9,586829
2011-05-18,7.1,7.38,7.0,7.0,1275768
2011-05-19,6.91,6.94,6.65,6.7,344804
2011-05-20,7.16,7.16,6.91,7.16,703345
2011-05-23,7.66,7.66,7.6,7.66,1083876
2011-05-24,8.14,8.19,8.0,8.19,3062748
2011-05-25,8.29,8.69,7.8,7.89,3763094
2011-05-26,7.74,7.89,7.4,7.47,1460810
2011-05-27,7.5,7.58,7.1,7.1,717754
2011-05-30,7.2,7.34,7.1,7.1,521246
2011-05-31,7.17,7.3,6.8,7.1,1610373
2011-06-01,7.1,7.17,6.93,6.97,469749
2011-06-02,6.85,7.43,6.84,7.43,1554742
2011-06-03,7.28,7.35,7.0,7.0,686725
2011-06-07,7.0,7.19,7.0,7.03,330449
2011-06-08,7.5,7.52,7.25,7.4,1748000
2011-06-09,7.27,7.35,7.17,7.21,530875
2011-06-10,7.2,7.44,7.2,7.21,498385
2011-06-13,7.2,7.3,6.96,6.96,359463
2011-06-14,7.0,7.08,6.93,7.03,287415
2011-06-15,7.0,7.1,6.86,6.88,222050
2011-06-16,6.9,6.97,6.66,6.7,303844
2011-06-17,6.7,6.88,6.51,6.75,747568
2011-06-20,6.7,6.75,6.45,6.45,196000
2011-06-21,6.45,6.55,6.25,6.35,201001
2011-06-22,6.49,6.55,6.4,6.44,166749
2011-06-23,6.44,6.44,6.15,6.28,353773
2011-06-24,6.01,6.28,6.01,6.27,276064
2011-06-27,6.11,6.7,6.11,6.56,336025
2011-06-28,6.85,6.88,6.57,6.59,229000
2011-06-29,6.61,6.66,6.5,6.65,162100
2011-06-30,6.65,6.85,6.54,6.8,126035
2011-07-01,6.75,7.2,6.68,7.2,467217
2011-07-04,7.11,7.42,6.92,7.28,4026892
2011-07-05,7.2,7.29,7.07,7.09,296109
2011-07-06,7.04,7.1,6.86,7.0,90503
2011-07-07,6.94,7.33,6.87,7.18,246000
2011-07-08,7.17,7.21,6.91,7.08,223143
2011-07-11,6.6,6.89,6.6,6.85,59000
2011-07-12,6.79,6.89,6.63,6.89,98273
2011-07-13,6.8,6.93,6.71,6.89,129000
2011-07-14,6.9,6.93,6.66,6.79,66000
2011-07-15,6.64,6.85,6.64,6.7,65031
2011-07-18,6.7,6.73,6.67,6.69,39100
2011-07-19,6.62,6.63,6.44,6.59,58000
2011-07-20,6.65,6.68,6.53,6.67,113333
2011-07-21,6.63,6.66,6.6,6.66,142443
2011-07-22,6.62,6.82,6.62,6.68,104357
2011-07-25,6.64,6.64,6.5,6.5,86000
2011-07-26,6.3,6.6,6.3,6.58,53251
2011-07-27,6.55,6.55,6.46,6.47,43289
2011-07-28,6.45,6.5,6.35,6.47,55050
2011-07-29,6.35,6.9,6.3,6.56,271445
2011-08-01,6.55,6.64,6.41,6.5,85628
2011-08-02,6.5,6.5,6.36,6.37,58050
2011-08-03,6.3,6.3,6.0,6.1,200377
2011-08-04,6.0,6.18,6.0,6.05,107017
2011-08-05,6.01,6.01,5.65,5.65,272000
2011-08-08,5.65,5.65,5.26,5.26,201010
2011-08-09,4.9,4.9,4.9,4.9,232021
2011-08-10,4.92,5.23,4.92,5.01,295136
2011-08-11,4.95,4.95,4.68,4.95,116100
2011-08-12,4.96,5.1,4.95,5.05,145842
2011-08-15,5.3,5.3,5.05,5.12,68050
2011-08-16,5.16,5.16,5.06,5.07,104000
2011-08-17,5.04,5.1,5.04,5.06,28000
2011-08-18,4.92,5.08,4.92,4.92,23010
2011-08-19,4.65,4.72,4.58,4.6,186524
2011-08-22,4.28,4.6,4.28,4.3,258471
2011-08-23,4.35,4.6,4.35,4.6,157000
2011-08-24,4.67,4.67,4.5,4.66,106633
2011-08-25,4.74,4.98,4.6,4.97,356251
2011-08-26,4.97,5.31,4.97,5.31,829125
2011-08-29,5.59,5.68,5.59,5.68,234405
2011-08-30,5.8,6.07,5.7,5.84,648100
2011-08-31,5.84,5.9,5.64,5.84,225059
2011-09-01,5.82,5.82,5.44,5.44,328000
2011-09-02,5.11,5.4,5.09,5.18,289873
2011-09-05,4.9,5.09,4.84,4.88,244000
2011-09-06,4.85,5.1,4.72,5.1,185318
2011-09-07,5.02,5.25,5.01,5.02,156197
2011-09-08,5.0,5.02,4.9,4.91,174100
2011-09-09,4.9,5.0,4.86,4.91,140496
2011-09-13,4.9,4.99,4.89,4.97,148288
2011-09-14,5.24,5.24,4.68,4.75,200000
2011-09-15,4.78,4.97,4.78,4.85,123900
2011-09-16,5.1,5.1,4.93,4.99,159335
2011-09-19,5.02,5.02,4.75,4.8,180880
2011-09-20,4.93,4.93,4.82,4.9,115000
2011-09-21,5.0,5.1,4.95,5.05,304165
2011-09-22,5.03,5.03,4.82,4.89,185000
2011-09-23,4.8,4.8,4.62,4.79,127264
2011-09-26,4.8,4.8,4.62,4.62,158075
2011-09-27,4.78,4.83,4.7,4.83,115000
2011-09-28,4.98,4.98,4.75,4.75,110000
2011-09-29,4.75,4.75,4.7,4.71,149020
2011-09-30,4.78,4.95,4.57,4.94,83025
2011-10-03,4.7,4.77,4.69,4.77,77000
2011-10-04,4.5,4.65,4.5,4.6,87000
2011-10-05,4.51,4.63,4.42,4.44,100186
2011-10-06,4.54,4.58,4.48,4.48,53075
2011-10-07,4.5,4.56,4.48,4.5,42171
2011-10-11,4.5,4.61,4.5,4.58,128251
2011-10-12,4.55,4.6,4.5,4.56,114000
2011-10-13,4.6,4.6,4.57,4.57,65025
2011-10-14,4.53,4.65,4.53,4.55,61000
2011-10-17,4.5,4.62,4.5,4.62,65162
2011-10-18,4.6,4.65,4.58,4.59,39025
2011-10-19,4.57,4.6,4.51,4.53,49075
2011-10-20,4.5,4.5,4.43,4.43,159000
2011-10-21,4.31,4.42,4.3,4.42,97829
2011-10-24,4.45,4.46,4.36,4.39,171849
2011-10-25,4.39,4.39,4.32,4.33,162150
2011-10-26,4.33,4.35,4.26,4.28,109000
2011-10-27,4.32,4.45,4.3,4.4,101509
2011-10-28,4.55,4.59,4.41,4.41,126326
2011-10-31,4.53,4.53,4.3,4.32,137901
2011-11-01,4.3,4.31,4.12,4.23,138900
2011-11-02,4.1,4.14,4.06,4.11,111299
2011-11-03,4.19,4.19,4.07,4.08,107500
2011-11-04,4.18,4.29,4.18,4.23,72100
2011-11-07,4.23,4.28,4.14,4.2,71171
2011-11-08,4.2,4.25,4.15,4.2,83000
2011-11-09,4.25,4.25,4.19,4.2,102000
2011-11-10,4.1,4.1,3.95,4.05,138000
2011-11-11,4.05,4.05,3.87,4.04,194000
2011-11-14,4.13,4.14,4.04,4.05,84486
2011-11-15,4.06,4.06,3.9,3.93,92998
2011-11-16,3.98,4.04,3.95,3.99,143004
2011-11-17,3.9,3.94,3.83,3.88,153211
2011-11-18,3.89,4.05,3.88,3.95,118250
2011-11-21,3.95,3.95,3.79,3.87,119200
2011-11-22,3.87,3.89,3.62,3.72,127192
2011-11-23,3.65,3.65,3.46,3.46,575000
2011-11-24,3.22,3.41,3.22,3.41,245300
2011-11-25,3.18,3.35,3.18,3.29,183300
2011-11-28,3.07,3.27,3.06,3.18,818201
2011-11-29,3.09,3.4,3.09,3.4,347397
2011-11-30,3.63,3.63,3.63,3.63,187825
2011-12-01,3.88,3.88,3.46,3.8,641752
2011-12-02,3.75,3.75,3.6,3.6,224025
2011-12-05,3.61,3.61,3.5,3.55,106000
2011-12-06,3.38,3.53,3.38,3.5,43000
2011-12-07,3.4,3.64,3.4,3.46,29000
2011-12-08,3.4,3.52,3.4,3.5,75000
2011-12-09,3.4,3.5,3.27,3.39,73015
2011-12-12,3.53,3.53,3.22,3.37,89000
2011-12-13,3.35,3.35,3.27,3.29,58000
2011-12-14,3.24,3.38,3.24,3.29,48773
2011-12-15,3.37,3.38,3.15,3.38,157083
2011-12-16,3.27,3.39,3.27,3.38,19023
2011-12-19,3.3,3.43,3.2,3.43,101600
2011-12-20,3.4,3.5,3.26,3.41,61251
2011-12-21,3.5,3.57,3.42,3.54,66000
2011-12-22,3.48,3.52,3.43,3.52,48000
2011-12-23,3.52,3.69,3.52,3.66,88565
2011-12-26,3.66,3.73,3.59,3.72,43000
2011-12-27,3.72,3.72,3.52,3.6,71000
2011-12-28,3.7,3.71,3.61,3.69,167000
2011-12-29,3.66,3.85,3.63,3.72,81000
2011-12-30,3.72,3.8,3.72,3.72,51000
2012-01-02,3.72,3.8,3.61,3.74,56050
2012-01-03,3.72,3.77,3.7,3.74,38000
2012-01-04,3.75,3.85,3.67,3.69,125000
2012-01-05,3.68,3.75,3.56,3.65,120176
2012-01-06,3.6,3.6,3.57,3.58,100000
2012-01-09,3.58,3.58,3.45,3.47,39000
2012-01-10,3.56,3.6,3.45,3.47,52002
2012-01-11,3.52,3.6,3.48,3.53,105020
2012-01-12,3.51,3.75,3.51,3.7,300776
2012-01-13,3.71,3.78,3.6,3.6,170100
2012-01-16,3.6,3.71,3.6,3.71,142070
2012-01-17,3.78,3.78,3.61,3.75,78000
2012-01-18,3.75,3.77,3.58,3.58,163050
2012-01-30,3.65,3.83,3.62,3.83,180104
2012-01-31,4.0,4.09,3.99,4.09,94405
2012-02-01,4.37,4.37,4.37,4.37,207267
2012-02-02,4.67,4.67,4.39,4.6,823388
2012-02-03,4.5,4.68,4.41,4.65,376765
2012-02-04,4.56,4.97,4.56,4.97,518059
2012-02-06,5.15,5.31,5.05,5.31,1021050
2012-02-07,5.25,5.29,5.0,5.11,496500
2012-02-08,5.11,5.44,5.1,5.28,325162
2012-02-09,5.11,5.28,5.07,5.16,326377
2012-02-10,4.95,5.52,4.95,5.4,902130
2012-02-13,5.22,5.41,5.22,5.35,342410
2012-02-14,5.45,5.45,5.27,5.3,280200
2012-02-15,5.4,5.67,5.3,5.67,574514
2012-02-16,5.65,6.06,5.64,5.7,879942
2012-02-17,5.68,5.98,5.6,5.65,218370
2012-02-20,5.65,5.73,5.5,5.51,182640
2012-02-21,5.42,5.57,5.31,5.45,213002
2012-02-22,5.67,5.67,5.5,5.51,221527
2012-02-23,5.5,5.53,5.41,5.45,100000
2012-02-24,5.45,5.45,5.29,5.4,176754
2012-02-29,5.6,5.65,5.3,5.35,125000
2012-03-01,5.38,5.44,5.32,5.35,104541
2012-03-02,5.35,5.46,5.35,5.36,59137
2012-03-03,5.36,5.39,5.31,5.34,57075
2012-03-05,5.34,5.37,5.12,5.12,160100
2012-03-06,5.12,5.19,4.86,4.91,198200
2012-03-07,4.9,5.22,4.66,4.97,161000
2012-03-08,4.98,5.05,4.98,5.04,75001
2012-03-09,5.1,5.32,5.04,5.2,178000
2012-03-12,5.2,5.27,5.05,5.06,135000
2012-03-13,5.1,5.19,5.04,5.04,142125
2012-03-14,5.04,5.15,5.04,5.09,137000
2012-03-15,5.09,5.2,5.05,5.09,86000
2012-03-16,5.09,5.1,4.91,5.02,181464
2012-03-19,5.04,5.04,4.96,5.0,128050
2012-03-20,5.1,5.13,5.0,5.0,67042
2012-03-21,5.08,5.08,4.7,4.85,130100
2012-03-22,4.8,4.87,4.68,4.68,325025
2012-03-23,4.68,4.78,4.54,4.57,207975
2012-03-26,4.51,4.88,4.51,4.88,198273
2012-03-27,5.13,5.13,4.8,4.8,322821
2012-03-28,4.53,4.72,4.53,4.59,199102
2012-03-29,4.62,4.62,4.27,4.28,344169
2012-03-30,4.27,4.5,4.27,4.34,180001
2012-04-02,4.39,4.4,4.22,4.23,204000
2012-04-03,4.23,4.23,4.11,4.11,86363
2012-04-05,4.11,4.13,3.99,4.06,87102
2012-04-06,4.06,4.16,4.06,4.11,80000
2012-04-09,4.04,4.39,4.03,4.17,56749
2012-04-10,4.3,4.38,4.2,4.27,64025
2012-04-11,4.3,4.3,4.22,4.22,54001
2012-04-12,4.1,4.3,4.1,4.3,84228
2012-04-13,4.3,4.41,4.27,4.3,154050
2012-04-16,4.38,4.49,4.27,4.3,38999
2012-04-17,4.28,4.28,4.16,4.16,79000
2012-04-18,4.2,4.21,4.05,4.1,92000
2012-04-19,4.1,4.16,4.1,4.1,40381
2012-04-20,4.18,4.27,4.07,4.27,101000
2012-04-23,4.15,4.3,4.06,4.08,51000
2012-04-24,4.08,4.28,4.01,4.1,87042
2012-04-25,4.29,4.29,3.82,3.97,208001
2012-04-26,4.0,4.06,3.9,3.91,120001
2012-04-27,3.98,4.18,3.97,3.98,106000
2012-04-30,3.95,3.99,3.9,3.91,53000
2012-05-02,3.92,4.15,3.92,4.1,85100
2012-05-03,4.03,4.1,4.01,4.1,53251
2012-05-04,4.1,4.15,4.03,4.08,62125
2012-05-07,4.08,4.08,3.99,3.99,18149
2012-05-08,3.99,4.02,3.94,3.96,46411
2012-05-09,3.96,3.96,3.85,3.9,51125
2012-05-10,3.95,4.0,3.92,3.95,100000
2012-05-11,3.98,4.08,3.9,4.01,101000
2012-05-14,4.08,4.08,4.01,4.01,26125
2012-05-15,3.91,3.93,3.9,3.93,27000
2012-05-16,3.93,3.93,3.81,3.81,34300
2012-05-17,3.85,3.86,3.6,3.71,50200
2012-05-18,3.75,3.92,3.64,3.8,92050
2012-05-21,3.93,3.93,3.89,3.93,57000
2012-05-22,3.93,4.12,3.93,4.12,54000
2012-05-23,4.14,4.14,3.87,4.02,320000
2012-05-24,4.02,4.15,3.91,4.0,226494
2012-05-25,4.1,4.1,3.96,4.05,71000
2012-05-28,4.06,4.06,3.96,3.96,18080
2012-05-29,3.96,4.22,3.96,4.04,176615
2012-05-30,4.01,4.11,3.96,3.99,31000
2012-05-31,4.05,4.05,3.97,3.99,55500
2012-06-01,3.93,3.99,3.85,3.87,290578
2012-06-04,3.7,3.9,3.7,3.87,169000
2012-06-05,3.9,3.96,3.83,3.92,41577
2012-06-06,3.98,4.0,3.91,3.99,38000
2012-06-07,4.08,4.08,3.91,3.91,71002
2012-06-08,3.98,4.08,3.95,3.97,148000
2012-06-11,4.02,4.04,3.97,3.97,124150
2012-06-12,3.95,3.95,3.81,3.85,68000
2012-06-13,4.0,4.0,3.89,3.91,48054
2012-06-14,3.9,3.9,3.85,3.86,142000
2012-06-15,3.86,3.95,3.86,3.95,111100
2012-06-18,3.96,3.99,3.96,3.97,24000
2012-06-19,3.98,3.98,3.9,3.9,27001
2012-06-20,3.9,3.97,3.9,3.9,38002
2012-06-21,3.99,4.0,3.91,3.91,33001
2012-06-22,3.82,3.96,3.82,3.96,43000
2012-06-25,3.98,4.0,3.92,3.92,32025
2012-06-26,3.93,3.93,3.8,3.85,77004
2012-06-27,3.84,3.9,3.84,3.87,20000
2012-06-28,3.87,3.94,3.87,3.9,36152
2012-06-29,3.97,3.98,3.89,3.9,75001
2012-07-02,3.83,4.04,3.83,3.89,61754
2012-07-03,3.95,4.03,3.91,3.99,91037
2012-07-04,4.12,4.12,3.99,3.99,79000
2012-07-05,4.15,4.15,4.02,4.08,18000
2012-07-06,4.01,4.01,3.96,3.96,43164
2012-07-09,4.04,4.04,3.85,3.87,55488
2012-07-10,3.93,4.0,3.9,3.9,47001
2012-07-11,3.97,4.04,3.95,3.95,100000
2012-07-12,4.04,4.04,3.95,3.99,34503
2012-07-13,3.99,4.03,3.92,3.94,57377
2012-07-16,3.92,3.92,3.87,3.89,17002
2012-07-17,3.94,3.99,3.85,3.96,26000
2012-07-18,3.82,3.95,3.82,3.86,23000
2012-07-19,3.87,3.9,3.86,3.9,8000
2012-07-20,3.7,4.0,3.7,3.83,33000
2012-07-23,3.8,3.9,3.7,3.73,43000
2012-07-24,3.7,3.75,3.7,3.73,47050
2012-07-25,3.85,3.98,3.75,3.76,51000
2012-07-26,3.72,3.78,3.72,3.78,25000
2012-07-27,3.81,4.04,3.81,4.04,283000
2012-07-30,3.98,4.2,3.94,3.99,239176
2012-07-31,4.01,4.26,3.98,4.26,504681
2012-08-01,4.22,4.22,4.03,4.11,239581
2012-08-03,4.11,4.32,4.11,4.14,86000
2012-08-06,4.18,4.25,4.18,4.2,79175
2012-08-07,4.13,4.35,4.1,4.34,243445
2012-08-08,4.34,4.5,4.28,4.4,272480
2012-08-09,4.45,4.7,4.44,4.67,386402
2012-08-10,4.72,4.9,4.65,4.7,326507
2012-08-13,4.7,4.73,4.4,4.49,459553
2012-08-14,4.52,4.56,4.44,4.5,132055
2012-08-15,4.51,4.54,4.47,4.54,104999
2012-08-16,4.57,4.58,4.5,4.54,97301
2012-08-17,4.55,4.63,4.53,4.58,102493
2012-08-20,4.58,4.62,4.55,4.6,69364
2012-08-21,4.62,4.7,4.6,4.62,171905
2012-08-22,4.62,4.94,4.62,4.94,369299
2012-08-23,5.06,5.28,4.98,5.28,926111
2012-08-24,5.24,5.4,5.03,5.18,380411
2012-08-27,5.28,5.28,4.82,5.08,629000
2012-08-28,5.02,5.06,4.85,4.85,192751
2012-08-29,4.86,4.98,4.85,4.85,107000
2012-08-30,4.66,4.83,4.66,4.71,216365
2012-08-31,4.59,4.63,4.39,4.47,602000
2012-09-03,4.47,4.57,4.41,4.41,156846
2012-09-04,4.41,4.53,4.32,4.46,182892
2012-09-05,4.4,4.42,4.3,4.31,182000
2012-09-06,4.32,4.49,4.32,4.36,196000
2012-09-07,4.42,4.48,4.42,4.44,35000
2012-09-10,4.5,4.51,4.4,4.5,98500
2012-09-11,4.5,4.58,4.5,4.54,272000
2012-09-12,4.53,4.53,4.43,4.51,124578
2012-09-13,4.5,4.53,4.44,4.45,99276
2012-09-14,4.49,4.52,4.47,4.48,128377
2012-09-17,4.5,4.5,4.47,4.48,82200
2012-09-18,4.52,4.52,4.43,4.44,108161
2012-09-19,4.44,4.5,4.44,4.47,175066
2012-09-20,4.5,4.51,4.42,4.46,63710
2012-09-21,4.5,4.53,4.46,4.46,31544
2012-09-24,4.41,4.43,4.26,4.38,192348
2012-09-25,4.4,4.4,4.28,4.28,111100
2012-09-26,4.3,4.34,4.25,4.33,174000
2012-09-27,4.3,4.37,4.29,4.29,118500
2012-09-28,4.3,4.3,4.14,4.2,115403
2012-10-01,4.16,4.23,4.15,4.2,36010
2012-10-02,4.38,4.38,4.23,4.32,53000
2012-10-03,4.31,4.32,4.24,4.31,12228
2012-10-04,4.31,4.34,4.21,4.22,52465
2012-10-05,4.22,4.27,4.19,4.2,78000
2012-10-08,4.16,4.16,4.02,4.05,92050
2012-10-09,4.07,4.1,4.03,4.06,107050
2012-10-11,4.06,4.18,4.06,4.09,90503
2012-10-12,4.11,4.31,4.11,4.18,138250
2012-10-15,4.18,4.18,4.0,4.09,95025
2012-10-16,4.06,4.1,4.04,4.06,22273
2012-10-17,4.06,4.18,4.06,4.06,46110
2012-10-18,4.06,4.12,4.01,4.03,86753
2012-10-19,4.03,4.03,3.98,4.0,49603
2012-10-22,4.0,4.0,3.91,3.97,29483
2012-10-23,4.0,4.0,3.9,3.9,118000
2012-10-24,3.93,3.93,3.85,3.86,65207
2012-10-25,3.88,3.96,3.87,3.87,33000
2012-10-26,3.88,3.88,3.69,3.75,140975
2012-10-29,3.94,3.94,3.75,3.75,81055
2012-10-30,3.71,3.87,3.71,3.85,58000
2012-10-31,3.86,3.89,3.82,3.85,32000
2012-11-01,3.71,3.88,3.71,3.83,74000
2012-11-02,3.86,3.89,3.8,3.84,55149
2012-11-05,3.8,3.88,3.65,3.75,49767
2012-11-06,3.69,3.8,3.69,3.8,32000
2012-11-07,3.82,3.82,3.78,3.79,10628
2012-11-08,3.78,3.79,3.72,3.75,15000
2012-11-09,3.72,3.8,3.71,3.8,97005
2012-11-12,3.82,3.9,3.8,3.88,65504
2012-11-13,3.89,3.89,3.77,3.8,54000
2012-11-14,3.77,3.83,3.77,3.8,19002
2012-11-15,3.72,3.84,3.72,3.8,14125
2012-11-16,3.72,3.84,3.72,3.79,48000
2012-11-19,3.74,3.76,3.74,3.76,12000
2012-11-20,3.8,3.82,3.8,3.8,58000
2012-11-21,3.83,3.83,3.67,3.76,28025
2012-11-22,3.72,3.78,3.72,3.74,30000
2012-11-23,3.73,3.83,3.73,3.82,41591
2012-11-26,3.85,3.87,3.82,3.87,20199
2012-11-27,3.87,3.93,3.87,3.92,85915
2012-11-28,3.92,3.95,3.91,3.94,11058
2012-11-29,3.95,4.0,3.94,3.98,52886
2012-11-30,4.0,4.0,3.9,3.9,45226
2012-12-03,3.9,3.92,3.9,3.91,48004
2012-12-04,3.91,3.98,3.9,3.98,27251
2012-12-05,4.0,4.03,4.0,4.02,76839
2012-12-06,4.05,4.05,3.96,4.03,46000
2012-12-07,4.03,4.08,3.99,3.99,44000
2012-12-10,4.0,4.0,3.96,3.99,42000
2012-12-11,4.0,4.01,3.92,3.95,33326
2012-12-12,3.96,4.08,3.96,4.0,93754
2012-12-13,4.0,4.08,4.0,4.05,37231
2012-12-14,3.97,4.09,3.97,4.01,35200
2012-12-17,3.98,4.04,3.9,3.98,72003
2012-12-18,3.95,4.0,3.95,4.0,27124
2012-12-19,4.02,4.07,3.97,3.97,53000
2012-12-20,4.05,4.24,4.05,4.24,171892
2012-12-21,4.52,4.53,4.4,4.53,1004154
2012-12-22,4.49,4.5,4.25,4.35,439155
2012-12-24,4.4,4.42,4.16,4.17,154125
2012-12-25,4.18,4.25,4.1,4.12,153500
2012-12-26,4.25,4.38,4.15,4.24,142332
2012-12-27,4.25,4.33,4.23,4.25,59096
2012-12-28,4.29,4.4,4.25,4.26,79050
2013-01-02,4.43,4.43,4.22,4.27,97006
2013-01-03,4.36,4.36,4.26,4.29,59142
2013-01-04,4.33,4.33,4.22,4.22,39154
2013-01-07,4.32,4.32,4.18,4.19,73075
2013-01-08,4.2,4.2,4.1,4.14,93123
2013-01-09,4.2,4.24,4.13,4.15,84400
2013-01-10,4.18,4.25,4.15,4.2,54401
2013-01-11,4.2,4.23,4.16,4.19,63577
2013-01-14,4.19,4.34,4.16,4.3,175400
2013-01-15,4.27,4.4,4.27,4.3,61000
2013-01-16,4.37,4.37,4.2,4.29,164553
2013-01-17,4.32,4.32,4.09,4.11,83986
2013-01-18,4.24,4.24,4.22,4.22,89546
2013-01-21,4.22,4.28,4.18,4.24,124000
2013-01-22,4.2,4.23,4.11,4.16,131000
2013-01-23,4.2,4.22,4.17,4.17,20000
2013-01-24,4.1,4.46,4.0,4.46,380000
2013-01-25,4.49,4.49,4.3,4.3,200257
2013-01-28,4.58,4.58,4.3,4.3,46000
2013-01-29,4.3,4.3,4.25,4.3,71503
2013-01-30,4.3,4.37,4.3,4.34,62025
2013-01-31,4.3,4.34,4.15,4.32,31058
2013-02-01,4.3,4.3,4.17,4.2,31000
2013-02-04,4.19,4.37,4.19,4.3,191476
2013-02-05,4.25,4.38,4.25,4.35,148125
2013-02-06,4.43,4.54,4.43,4.54,412980
2013-02-18,4.58,4.7,4.45,4.57,173079
2013-02-19,4.26,4.57,4.26,4.54,98201
2013-02-20,4.48,4.85,4.45,4.85,581100
2013-02-21,4.98,5.18,4.85,5.18,901284
2013-02-22,5.17,5.25,5.01,5.1,868956
2013-02-23,5.1,5.25,5.1,5.18,337000
2013-02-25,5.16,5.2,4.9,4.96,362000
2013-02-26,4.93,5.18,4.93,5.07,265885
2013-02-27,5.1,5.2,5.06,5.16,268275
2013-03-01,5.18,5.35,5.1,5.1,153737
2013-03-04,5.09,5.16,5.02,5.06,79253
2013-03-05,5.12,5.13,5.03,5.04,188415
2013-03-06,5.1,5.18,5.04,5.18,209304
2013-03-07,5.02,5.54,5.02,5.54,875604
2013-03-08,5.5,5.92,5.5,5.92,1298706
2013-03-11,5.92,6.33,5.61,6.15,1236640
2013-03-12,6.08,6.3,5.91,6.0,485773
2013-03-13,6.0,6.14,5.61,5.61,419000
2013-03-14,5.41,5.7,5.36,5.57,289000
2013-03-15,5.55,5.67,5.5,5.51,72728
2013-03-18,5.51,5.7,5.5,5.65,137000
2013-03-19,5.7,5.7,5.58,5.58,103700
2013-03-20,5.71,5.97,5.7,5.97,460858
2013-03-21,6.27,6.27,5.8,5.85,341286
2013-03-22,5.85,6.2,5.81,5.85,254833
2013-03-25,5.95,5.99,5.65,5.65,173000
2013-03-26,5.61,5.85,5.6,5.6,62975
2013-03-27,5.6,5.79,5.6,5.65,53257
2013-03-28,5.69,5.7,5.61,5.62,49000
2013-03-29,5.62,5.62,5.49,5.54,248653
2013-04-01,5.51,5.52,5.45,5.51,342301
2013-04-02,5.48,5.7,5.48,5.53,122000
2013-04-03,5.55,5.68,5.55,5.61,46050
2013-04-08,5.6,5.6,5.45,5.57,195879
2013-04-09,5.51,5.6,5.48,5.5,70000
2013-04-10,5.55,5.6,5.55,5.55,47481
2013-04-11,5.6,5.6,5.49,5.49,156000
2013-04-12,5.6,5.87,5.55,5.87,598326
2013-04-15,5.96,6.28,5.9,6.28,1003050
2013-04-16,6.23,6.23,5.99,6.23,692509
2013-04-17,6.23,6.43,6.1,6.15,175251
2013-04-18,6.14,6.2,6.13,6.14,224489
2013-04-19,6.15,6.35,6.15,6.27,488376
2013-04-22,6.21,6.33,6.21,6.3,210702
2013-04-23,6.3,6.4,6.1,6.24,373251
2013-04-24,6.25,6.25,6.09,6.09,195500
2013-04-25,6.01,6.01,5.7,5.8,189058
2013-04-26,5.84,5.88,5.74,5.76,111261
2013-04-29,5.74,5.74,5.61,5.64,122525
2013-04-30,5.7,5.7,5.52,5.62,295467
2013-05-02,5.55,5.69,5.55,5.61,112246
2013-05-03,5.56,5.7,5.5,5.54,163000
2013-05-06,5.54,5.62,5.53,5.56,47301
2013-05-07,5.4,5.51,5.4,5.5,68820
2013-05-08,5.5,5.61,5.46,5.6,79072
2013-05-09,5.64,5.8,5.55,5.71,308092
2013-05-10,5.7,5.7,5.6,5.6,127213
2013-05-13,5.6,5.85,5.56,5.64,616000
2013-05-14,5.63,5.63,5.41,5.6,314251
2013-05-15,5.55,5.6,5.45,5.56,111000
2013-05-16,5.56,5.58,5.5,5.52,66125
2013-05-17,5.58,5.8,5.58,5.71,361000
2013-05-20,5.79,5.8,5.71,5.71,170000
2013-05-21,5.78,5.82,5.7,5.76,194503
2013-05-22,5.77,5.88,5.73,5.88,127200
2013-05-23,5.85,5.88,5.8,5.81,151515
2013-05-24,5.81,6.0,5.81,5.81,296213
2013-05-27,5.81,5.93,5.81,5.93,133157
2013-05-28,5.93,6.0,5.9,5.91,146292
2013-05-29,5.93,6.0,5.93,5.95,118096
2013-05-30,6.0,6.08,5.9,5.91,76087
2013-05-31,5.91,5.98,5.9,5.9,53050
2013-06-03,6.0,6.0,5.89,5.89,88150
2013-06-04,5.91,6.3,5.91,6.2,308794
2013-06-05,6.19,6.19,5.85,5.85,243048
2013-06-06,5.85,6.25,5.85,6.25,919999
2013-06-07,6.25,6.68,6.25,6.68,2305234
2013-06-10,6.8,7.13,6.71,6.95,2103999
2013-06-11,6.95,6.95,6.47,6.51,971020
2013-06-13,6.51,6.6,6.27,6.6,748353
2013-06-14,6.6,6.6,6.4,6.43,519648
2013-06-17,6.3,6.5,6.3,6.4,213056
2013-06-18,6.4,6.82,6.4,6.72,284149
2013-06-19,6.65,6.65,6.5,6.5,130039
2013-06-20,6.5,6.51,6.41,6.45,105050
2013-06-21,6.45,6.5,6.35,6.41,343000
2013-06-24,6.37,6.41,6.15,6.4,393050
2013-06-25,6.4,6.58,6.33,6.44,76088
2013-06-26,6.51,6.65,6.5,6.5,105000
2013-06-27,6.62,6.78,6.53,6.55,124699
2013-06-28,6.55,6.6,6.45,6.45,157100
2013-07-01,6.45,6.5,6.45,6.46,64099
2013-07-02,6.42,6.5,6.42,6.5,77974
2013-07-03,6.5,6.5,6.33,6.35,105000
2013-07-04,6.39,6.4,6.38,6.39,47533
2013-07-05,6.5,6.5,6.39,6.39,208000
2013-07-08,6.39,6.41,6.35,6.36,111000
2013-07-09,6.3,6.45,6.3,6.35,69175
2013-07-10,6.31,6.35,6.31,6.35,135000
2013-07-11,6.35,6.55,6.31,6.55,275607
2013-07-12,6.5,6.56,6.48,6.5,185000
2013-07-15,6.48,6.55,6.48,6.54,134527
2013-07-16,6.65,6.66,6.5,6.66,121275
2013-07-17,6.66,6.66,6.56,6.57,20325
2013-07-18,6.65,6.66,6.31,6.32,441000
2013-07-19,6.5,6.66,6.26,6.66,504449
2013-07-22,6.66,7.12,6.66,7.12,1393026
2013-07-23,7.0,7.12,6.9,6.9,767261
2013-07-24,6.91,6.99,6.77,6.79,261146
2013-07-25,6.8,6.94,6.8,6.82,136339
2013-07-26,6.82,6.93,6.82,6.93,122075
2013-07-29,6.93,6.99,6.91,6.96,137000
2013-07-30,7.0,7.11,7.0,7.06,166298
2013-07-31,7.15,7.15,7.03,7.06,129150
2013-08-01,7.1,7.1,7.0,7.04,259734
2013-08-02,7.04,7.1,6.95,6.95,239001
2013-08-05,6.95,7.09,6.93,6.93,71248
2013-08-06,6.93,7.0,6.91,6.99,103050
2013-08-07,6.99,6.99,6.93,6.95,83000
2013-08-08,6.95,6.95,6.85,6.87,130075
2013-08-09,6.87,6.87,6.76,6.82,97000
2013-08-12,6.82,6.84,6.82,6.83,50000
2013-08-13,6.75,6.9,6.75,6.88,54294
2013-08-14,6.9,6.92,6.88,6.88,44168
2013-08-15,6.88,6.89,6.86,6.87,85000
2013-08-16,6.86,6.86,6.5,6.86,242511
2013-08-19,7.0,7.25,6.82,6.82,134216
2013-08-20,6.86,6.86,6.7,6.7,185000
2013-08-22,6.72,6.96,6.72,6.93,29001
2013-08-23,6.82,6.89,6.78,6.89,153000
2013-08-26,6.81,6.89,6.8,6.8,155350
2013-08-27,6.8,6.8,6.78,6.78,65271
2013-08-28,6.78,6.85,6.78,6.78,63817
2013-08-29,6.82,6.82,6.75,6.79,101301
2013-08-30,6.79,6.79,6.7,6.79,76484
2013-09-02,6.79,6.79,6.65,6.77,153000
2013-09-03,6.77,6.77,6.69,6.69,34306
2013-09-04,6.7,6.82,6.7,6.8,176552
2013-09-05,6.8,6.95,6.72,6.73,99612
2013-09-06,7.0,7.0,6.8,6.9,212234
2013-09-09,7.1,7.1,6.99,6.99,69129
2013-09-10,6.85,6.86,6.8,6.8,93150
2013-09-11,6.81,7.09,6.81,7.0,391430
2013-09-12,7.0,7.0,6.91,6.92,52251
2013-09-13,7.0,7.01,6.88,7.0,182728
2013-09-14,7.0,7.11,7.0,7.02,178276
2013-09-16,7.29,7.29,7.03,7.15,429336
2013-09-17,7.15,7.15,7.03,7.07,99000
2013-09-18,7.0,7.1,7.0,7.1,210000
2013-09-23,7.12,7.2,7.05,7.2,309125
2013-09-24,7.2,7.2,7.05,7.08,219244
2013-09-25,7.05,7.11,7.05,7.1,205804
2013-09-26,7.07,7.29,7.07,7.11,128000
2013-09-27,7.19,7.19,7.08,7.15,178426
2013-09-30,7.15,7.48,7.14,7.48,430310
2013-10-01,7.5,8.0,7.5,8.0,684182
2013-10-02,8.46,8.56,8.1,8.56,656220
2013-10-03,9.15,9.15,9.15,9.15,818321
2013-10-04,9.79,9.79,9.3,9.5,2216930
2013-10-07,9.5,9.5,8.96,8.97,1243319
2013-10-08,9.0,9.33,8.69,8.81,613206
2013-10-09,8.79,9.28,8.7,8.96,374062
2013-10-11,8.96,9.1,8.9,8.96,297766
2013-10-14,8.91,9.0,8.6,8.67,464025
2013-10-15,8.56,8.8,8.56,8.8,252783
2013-10-16,8.6,9.0,8.6,8.9,303506
2013-10-17,9.0,9.05,8.89,9.0,178556
2013-10-18,9.0,9.0,8.82,8.9,310200
2013-10-21,9.0,9.0,8.8,8.83,174070
2013-10-22,8.9,9.0,8.82,8.88,208582
2013-10-23,8.9,8.98,8.9,8.91,122000
2013-10-24,8.9,8.9,8.7,8.72,236251
2013-10-25,8.8,8.8,8.69,8.72,138544
2013-10-28,8.72,8.72,8.11,8.11,457000
2013-10-29,7.55,7.55,7.55,7.55,140000
2013-10-30,7.03,7.3,7.03,7.22,1587681
2013-10-31,7.1,7.1,6.72,6.72,1351257
2013-11-01,6.42,6.6,6.25,6.31,983000
2013-11-04,6.31,6.58,6.21,6.4,535188
2013-11-05,6.5,6.51,6.3,6.37,296263
2013-11-06,6.37,6.37,6.25,6.25,74068
2013-11-07,6.26,6.32,6.0,6.07,148125
2013-11-08,6.05,6.07,5.75,5.89,252538
2013-11-11,5.89,6.3,5.88,6.26,877025
2013-11-12,6.1,6.3,6.1,6.14,203113
2013-11-13,6.1,6.18,5.96,6.1,314737
2013-11-14,6.1,6.1,5.91,6.02,78999
2013-11-15,5.86,6.06,5.86,6.06,137200
2013-11-18,5.93,6.0,5.86,5.86,81000
2013-11-19,6.0,6.0,5.84,5.84,131100
2013-11-20,5.82,6.0,5.8,5.94,550000
2013-11-21,5.94,6.15,5.9,5.98,446000
2013-11-22,6.02,6.08,5.93,5.94,84050
2013-11-25,5.94,6.0,5.91,5.92,68000
2013-11-26,5.96,5.98,5.86,5.87,90000
2013-11-27,5.87,6.07,5.87,6.07,140050
2013-11-28,5.65,6.1,5.65,6.01,121267
2013-11-29,6.01,6.1,6.0,6.05,146125
2013-12-02,6.1,6.47,6.1,6.4,401511
2013-12-03,6.35,6.84,6.3,6.84,815679
2013-12-04,6.84,7.28,6.7,7.06,612244
2013-12-05,7.15,7.15,6.8,6.88,539000
2013-12-06,6.96,7.19,6.93,7.1,342162
2013-12-09,7.2,7.2,6.93,6.96,93000
2013-12-10,6.88,7.0,6.76,6.85,190393
2013-12-11,6.92,7.05,6.68,6.76,169833
2013-12-12,6.69,6.85,6.68,6.71,53000
2013-12-13,6.76,6.83,6.66,6.82,81000
2013-12-16,6.67,6.85,6.67,6.74,80664
2013-12-17,6.84,6.85,6.67,6.67,52000
2013-12-18,6.8,6.8,6.66,6.75,68030
2013-12-19,6.83,6.83,6.68,6.69,37000
2013-12-20,6.82,6.82,6.69,6.7,33273
2013-12-23,6.61,6.78,6.61,6.78,83125
2013-12-24,6.78,6.78,6.7,6.78,50550
2013-12-25,6.77,7.1,6.77,7.01,353205
2013-12-26,7.05,7.05,6.85,6.87,67086
2013-12-27,6.86,7.15,6.75,6.79,128097
2013-12-30,6.79,6.87,6.72,6.74,93001
2013-12-31,6.8,6.85,6.77,6.77,136000
2014-01-02,6.97,6.97,6.78,6.82,175772
2014-01-03,6.82,6.97,6.8,6.93,180469
2014-01-06,6.93,6.93,6.78,6.83,94125
2014-01-07,6.9,6.98,6.83,6.83,338859
2014-01-08,6.88,6.94,6.8,6.81,320000
2014-01-09,6.85,6.95,6.81,6.82,317328
2014-01-10,6.9,6.9,6.8,6.81,81000
2014-01-13,6.91,6.91,6.7,6.85,218615
2014-01-14,6.66,6.86,6.66,6.71,252000
2014-01-15,6.75,6.8,6.71,6.71,60050
2014-01-16,6.71,6.71,6.65,6.65,64369
2014-01-17,6.65,6.83,6.6,6.7,256125
2014-01-20,6.7,6.75,6.62,6.62,165050
2014-01-21,6.6,6.7,6.6,6.62,90025
2014-01-22,6.63,6.69,6.62,6.62,64000
2014-01-23,6.63,6.7,6.58,6.7,61455
2014-01-24,6.61,6.62,6.58,6.59,66000
2014-01-27,6.6,6.6,6.31,6.47,117452
2014-02-05,6.35,6.38,6.15,6.33,84100
2014-02-06,6.33,6.44,6.21,6.35,150000
2014-02-07,6.4,6.54,6.35,6.36,274000
2014-02-10,6.36,6.38,6.3,6.3,124125
2014-02-11,6.3,6.34,6.2,6.22,170000
2014-02-12,6.24,6.3,6.22,6.25,199633
2014-02-13,6.27,6.34,6.25,6.25,63025
2014-02-14,6.25,6.25,6.15,6.25,65025
2014-02-17,6.28,6.3,6.17,6.25,89000
2014-02-18,6.25,6.25,6.19,6.2,130000
2014-02-19,6.21,6.25,6.18,6.22,144019
2014-02-20,6.26,6.26,6.2,6.24,175125
2014-02-21,6.25,6.25,6.19,6.2,195925
2014-02-24,6.22,6.23,6.17,6.2,105000
2014-02-25,6.2,6.22,6.19,6.2,101079
2014-02-26,6.18,6.25,6.18,6.23,223050
2014-02-27,6.25,6.66,6.25,6.66,957000
2014-03-03,6.85,7.12,6.7,7.12,2791805
2014-03-04,7.27,7.61,7.26,7.48,2879935
2014-03-05,7.61,7.63,7.16,7.35,1838065
2014-03-06,7.35,7.35,7.05,7.13,804000
2014-03-07,7.18,7.39,7.15,7.15,788000
2014-03-10,7.2,7.28,7.06,7.07,285001
2014-03-11,7.0,7.17,6.97,6.99,449100
2014-03-12,6.99,7.07,6.85,6.91,327805
2014-03-13,6.8,7.09,6.8,6.89,311251
2014-03-14,6.8,6.95,6.7,6.75,336025
2014-03-17,6.79,6.94,6.75,6.93,345000
2014-03-18,6.9,7.0,6.85,6.93,250030
2014-03-19,7.0,7.41,6.99,7.41,1921837
2014-03-20,7.54,7.59,7.2,7.26,1902819
2014-03-21,7.18,7.49,7.16,7.25,695000
2014-03-24,7.25,7.38,6.78,7.12,553000
2014-03-25,7.22,7.32,7.2,7.25,264665
2014-03-26,7.28,7.28,7.21,7.21,205222
2014-03-27,7.26,7.26,7.16,7.23,166000
2014-03-28,7.33,7.33,7.16,7.17,471000
2014-03-31,7.25,7.25,7.13,7.15,31211
2014-04-01,7.18,7.19,6.97,7.0,464629
2014-04-02,7.0,7.15,6.85,7.0,499000
2014-04-03,7.1,7.1,6.97,6.97,272712
2014-04-07,6.9,6.95,6.7,6.81,73000
2014-04-08,6.81,6.9,6.7,6.89,153000
2014-04-09,6.89,7.1,6.88,7.03,208149
2014-04-10,7.03,7.13,6.9,7.03,252144
2014-04-11,6.97,7.05,6.89,7.0,258671
2014-04-14,7.0,7.04,6.88,6.88,291000
2014-04-15,6.9,6.92,6.7,6.81,236000
2014-04-16,6.81,6.95,6.75,6.86,139000
2014-04-17,6.89,7.06,6.89,7.0,197000
2014-04-18,7.03,7.03,6.95,6.99,131001
2014-04-21,6.96,7.15,6.95,7.1,178118
2014-04-22,7.1,7.11,7.0,7.07,226000
2014-04-23,7.1,7.15,6.99,7.07,368503
2014-04-24,7.05,7.06,6.89,7.05,138344
2014-04-25,7.05,7.1,6.9,7.0,334100
2014-04-28,7.0,7.22,7.0,7.22,522859
2014-04-29,7.3,7.72,7.26,7.72,657177
2014-04-30,8.26,8.26,8.26,8.26,1050600
2014-05-02,8.83,8.83,8.05,8.46,5157574
2014-05-05,8.4,8.47,8.01,8.35,1379828
2014-05-06,8.26,8.26,8.1,8.18,615518
2014-05-07,8.18,8.55,8.18,8.27,905156
2014-05-08,8.2,8.45,8.2,8.27,372156
2014-05-09,8.27,8.39,8.1,8.24,392125
2014-05-12,8.3,8.3,8.04,8.1,311362
2014-05-13,8.4,8.4,8.1,8.19,390000
2014-05-14,8.05,8.1,7.62,7.62,874000
2014-05-15,7.5,7.62,7.34,7.5,311250
2014-05-16,7.5,8.02,7.5,8.02,843978
2014-05-19,8.0,8.58,7.88,8.46,2702168
2014-05-20,8.46,9.05,8.46,9.05,4715318
2014-05-21,9.4,9.68,9.1,9.68,6317912
2014-05-22,9.9,10.0,9.35,9.64,2926828
2014-05-23,9.64,10.3,9.52,10.25,5408367
2014-05-26,10.2,10.5,9.8,10.25,3932158
2014-05-27,10.25,10.95,9.85,10.95,4364344
2014-05-28,11.45,11.7,11.1,11.7,7417459
2014-05-29,11.55,11.85,11.2,11.5,2185496
2014-05-30,11.5,11.65,11.1,11.2,1521183
2014-06-03,11.4,11.95,11.4,11.7,3811338
2014-06-04,11.3,11.9,11.2,11.7,1439970
2014-06-05,11.7,12.4,11.65,12.3,2515274
2014-06-06,12.3,12.6,12.0,12.05,1736999
2014-06-09,12.05,12.05,11.25,11.25,3218300
2014-06-10,11.0,11.0,10.5,10.5,2721318
2014-06-11,9.77,10.7,9.77,10.45,4590399
2014-06-12,10.05,10.25,9.72,9.88,1880612
2014-06-13,9.5,9.68,9.22,9.3,2850091
2014-06-16,9.3,9.95,9.3,9.95,1998794
2014-06-17,10.3,10.3,10.0,10.1,1510349
2014-06-18,10.1,10.1,9.4,9.69,1120420
2014-06-19,9.69,9.8,9.38,9.47,718020
2014-06-20,9.6,10.1,9.4,9.8,1424275
2014-06-23,9.8,9.88,9.12,9.12,1961263
2014-06-24,8.9,9.35,8.6,9.24,807070
2014-06-25,9.19,9.22,8.92,9.1,951030
2014-06-26,9.1,9.12,8.92,9.1,747426
2014-06-27,9.18,9.2,8.96,9.02,402604
2014-06-30,9.05,9.65,9.03,9.65,1821312
2014-07-01,9.8,9.96,9.67,9.79,1889404
2014-07-02,10.0,10.2,9.56,9.66,1837086
2014-07-03,9.6,9.9,9.6,9.65,717211
2014-07-04,9.71,9.76,9.25,9.35,877845
2014-07-07,9.36,9.6,9.36,9.38,459021
2014-07-08,9.58,9.58,9.36,9.42,542010
2014-07-09,9.42,9.6,9.37,9.51,577031
2014-07-10,9.6,10.15,9.6,10.15,1946391
2014-07-11,10.65,10.7,10.05,10.35,3946050
2014-07-14,10.4,10.8,10.4,10.5,1206300
2014-07-15,10.6,10.6,10.2,10.3,1001300
2014-07-16,10.5,10.5,10.1,10.1,776251
2014-07-17,10.1,10.15,9.86,9.99,1062503
2014-07-18,10.0,10.0,9.75,9.8,569717
2014-07-21,9.82,9.97,9.71,9.75,628000
2014-07-22,9.76,10.0,9.75,9.9,532000
2014-07-24,9.95,10.0,9.81,9.87,439100
2014-07-25,9.87,9.99,9.4,9.53,878298
2014-07-28,9.53,9.67,9.53,9.62,363251
2014-07-29,9.62,9.98,9.62,9.63,823785
2014-07-30,9.7,9.89,9.58,9.6,480000
2014-07-31,9.6,9.84,9.6,9.84,865000
2014-08-01,9.8,10.5,9.8,10.5,3939517
2014-08-04,11.2,11.2,10.8,11.2,8079321
2014-08-05,10.95,11.95,10.5,11.75,7151741
2014-08-06,11.75,12.4,11.35,12.15,6598049
2014-08-07,11.9,13.0,11.9,13.0,5057974
2014-08-08,12.9,13.75,12.6,13.0,6075995
2014-08-11,13.0,13.2,12.1,12.1,3655180
2014-08-12,11.3,11.8,11.3,11.4,4251036
2014-08-13,11.5,12.15,11.5,12.15,2975743
2014-08-14,12.0,12.2,11.7,12.05,2724291
2014-08-15,12.0,12.0,11.25,11.4,2914281
2014-08-18,11.4,11.4,10.65,10.8,2183000
2014-08-19,11.1,11.55,10.8,11.55,1337481
2014-08-20,11.55,12.05,11.55,11.75,1268968
2014-08-21,11.65,11.65,11.3,11.5,773167
2014-08-22,11.55,11.75,11.45,11.75,768289
2014-08-25,12.3,12.4,11.9,12.15,1383503
2014-08-26,12.15,12.4,11.9,11.9,1525678
2014-08-27,12.0,12.15,11.7,11.7,701168
2014-08-28,11.75,12.1,11.7,11.85,476293
2014-08-29,11.85,11.85,11.6,11.6,568138
2014-09-01,11.9,11.9,11.5,11.55,787904
2014-09-02,11.45,12.25,11.35,11.85,1316680
2014-09-03,11.65,12.0,11.6,11.6,567048
2014-09-04,11.85,11.85,11.5,11.5,339000
2014-09-05,11.5,11.75,11.5,11.6,229139
2014-09-09,11.6,11.7,11.4,11.65,266251
2014-09-10,11.6,11.65,11.3,11.35,376528
2014-09-11,11.35,11.5,11.15,11.25,376000
2014-09-12,11.25,11.25,10.5,10.7,925050
2014-09-15,10.7,11.0,10.65,10.7,280000
2014-09-16,10.8,10.85,10.65,10.65,200000
2014-09-17,10.7,10.85,10.1,10.2,701201
2014-09-18,10.2,10.8,10.2,10.65,344000
2014-09-19,10.65,10.9,10.55,10.55,551253
2014-09-22,10.8,11.25,10.8,11.25,1066201
2014-09-23,11.3,11.65,11.25,11.35,962749
2014-09-24,11.6,11.6,11.2,11.5,608000
2014-09-25,11.5,11.55,11.0,11.1,520000
2014-09-26,11.1,11.4,11.1,11.2,116000
2014-09-29,11.2,11.55,11.2,11.45,354000
2014-09-30,11.45,11.6,11.15,11.2,245000
2014-10-01,11.25,11.4,11.15,11.15,241268
2014-10-02,11.2,11.4,11.05,11.05,561000
2014-10-03,11.05,11.25,10.75,10.85,281000
2014-10-06,11.4,11.4,10.9,11.2,174000
2014-10-07,11.3,11.3,11.05,11.2,144000
2014-10-08,11.05,11.35,11.05,11.1,202050
2014-10-09,11.1,11.3,10.7,11.0,359026
2014-10-13,10.8,11.15,10.5,11.0,343155
2014-10-14,10.85,11.0,10.7,11.0,211000
2014-10-15,11.0,11.2,10.8,11.2,458176
2014-10-16,11.35,11.95,11.05,11.95,3024180
2014-10-17,12.25,12.4,11.5,11.5,1593129
2014-10-20,11.7,11.75,10.7,11.25,1096000
2014-10-21,11.15,11.3,11.0,11.1,1068689
2014-10-22,11.35,11.65,11.0,11.35,1003079
2014-10-23,11.35,12.1,11.35,12.1,1914100
2014-10-24,12.1,12.3,11.55,11.55,1223155
2014-10-27,11.55,11.75,11.0,11.45,872277
2014-10-28,11.45,12.0,11.25,11.95,386285
2014-10-29,12.1,12.1,11.35,11.7,666000
2014-10-30,11.5,11.65,11.45,11.45,169326
2014-10-31,11.5,11.5,11.05,11.25,689000
2014-11-03,11.3,11.5,11.15,11.3,392000
2014-11-04,11.2,11.3,11.1,11.15,103125
2014-11-05,11.15,11.45,11.05,11.1,162328
2014-11-06,11.1,11.1,10.7,10.9,754000
2014-11-07,10.9,10.9,10.6,10.7,326050
2014-11-10,10.7,10.9,10.6,10.65,285000
2014-11-11,10.7,10.7,10.3,10.4,422000
2014-11-12,10.2,10.55,10.15,10.35,505000
2014-11-13,10.25,10.45,10.25,10.45,226000
2014-11-14,10.5,10.65,10.45,10.55,213000
2014-11-17,10.55,10.55,10.35,10.4,144000
2014-11-18,10.35,10.35,9.7,10.3,296000
2014-11-19,10.3,10.3,9.78,10.2,590075
2014-11-20,10.15,10.25,10.0,10.25,128000
2014-11-21,10.3,10.3,9.9,10.2,634307
2014-11-24,10.3,10.3,10.0,10.15,170041
2014-11-25,10.0,10.25,10.0,10.25,200000
2014-11-26,10.1,10.2,10.05,10.15,906000
2014-11-27,10.15,10.85,10.15,10.85,1141468
2014-11-28,10.75,11.0,10.45,10.6,541101
2014-12-01,9.9,10.65,9.9,10.45,203999
2014-12-02,10.25,10.4,10.05,10.2,130000
2014-12-03,10.2,10.45,10.2,10.4,217884
2014-12-04,10.5,10.6,10.35,10.4,112551
2014-12-05,10.4,10.45,10.2,10.35,130000
2014-12-08,10.35,10.4,10.1,10.1,148222
2014-12-09,10.3,10.3,10.1,10.2,159377
2014-12-10,10.35,10.65,10.35,10.4,341000
2014-12-11,10.4,10.65,10.25,10.65,369251
2014-12-12,10.65,10.65,10.3,10.35,256734
2014-12-15,10.4,10.4,10.15,10.35,198019
2014-12-16,10.35,10.65,10.3,10.35,243000
2014-12-17,10.3,10.45,10.2,10.2,149000
2014-12-18,10.2,10.3,10.2,10.2,110075
2014-12-19,10.2,10.25,10.05,10.2,168000
2014-12-22,10.1,10.25,10.0,10.15,190075
2014-12-23,10.3,10.3,10.15,10.15,130546
2014-12-24,10.05,10.6,10.05,10.35,190257
2014-12-25,10.5,10.5,10.2,10.25,104069
2014-12-26,10.25,10.45,10.1,10.35,91000
2014-12-27,10.25,10.45,10.25,10.45,57000
2014-12-29,10.45,11.1,10.45,10.6,560050
2014-12-30,10.5,11.0,10.5,10.95,987036
2014-12-31,11.0,11.1,10.9,11.0,953000
2015-01-05,11.4,11.4,11.0,11.05,391000
2015-01-06,11.0,11.3,10.95,11.2,540677
2015-01-07,11.2,11.4,11.2,11.25,429147
2015-01-08,11.3,11.4,11.2,11.35,383251
2015-01-09,11.35,11.45,11.3,11.35,340001
2015-01-12,11.4,11.95,11.35,11.7,622025
2015-01-13,11.75,12.3,11.75,11.95,1169479
2015-01-14,12.0,12.2,11.8,11.85,470000
2015-01-15,11.7,12.0,11.7,11.85,552000
2015-01-16,11.85,11.9,11.7,11.75,187755
2015-01-19,11.7,11.85,11.6,11.6,311007
2015-01-20,11.6,12.0,11.6,11.8,501125
2015-01-21,11.8,11.9,11.65,11.8,131000
2015-01-22,11.8,11.8,11.6,11.6,293000
2015-01-23,11.75,11.75,11.4,11.4,376798
2015-01-26,11.5,11.8,11.4,11.4,324000
2015-01-27,11.4,11.9,11.4,11.9,755232
2015-01-28,11.95,12.1,11.75,12.0,1437364
2015-01-29,12.05,12.25,11.95,12.2,6361243
2015-01-30,12.35,12.55,12.1,12.2,6616000
2015-02-02,12.1,12.2,11.85,12.2,459657
2015-02-03,12.2,12.2,11.8,12.05,296421
2015-02-04,12.0,12.05,11.85,11.85,266283
2015-02-05,11.65,12.0,11.65,11.9,349700
2015-02-06,11.9,11.95,11.75,11.75,566677
2015-02-09,11.75,11.8,11.65,11.8,686641
2015-02-10,11.9,11.95,11.8,11.8,545359
2015-02-11,11.65,12.0,11.65,11.7,352081
2015-02-12,11.75,12.25,11.75,12.2,1377732
2015-02-13,12.3,12.45,12.2,12.3,1068127
2015-02-24,12.3,12.35,12.2,12.3,325353
2015-02-25,12.3,12.3,12.15,12.25,344499
2015-02-26,12.15,12.15,11.65,11.85,981000
2015-03-02,11.85,11.85,11.7,11.75,321200
2015-03-03,11.75,12.05,11.75,11.85,343874
2015-03-04,11.65,12.0,11.65,11.8,283050
2015-03-05,11.65,11.95,11.65,11.85,241000
2015-03-06,11.75,11.8,11.7,11.7,188125
2015-03-09,11.6,11.9,11.6,11.8,460980
2015-03-10,11.75,12.0,11.75,11.9,557021
2015-03-11,11.9,11.95,11.75,11.9,597355
2015-03-12,11.85,12.05,11.8,12.0,546193
2015-03-13,12.0,12.05,11.8,11.9,288030
2015-03-16,11.9,12.3,11.75,12.1,1479000
2015-03-17,12.1,12.25,11.9,11.9,981335
2015-03-18,11.9,12.1,11.85,11.85,235050
2015-03-19,11.85,11.9,11.7,11.75,596050
2015-03-20,11.75,11.85,11.55,11.65,308040
2015-03-23,11.6,11.9,11.6,11.65,495000
2015-03-24,11.65,11.8,11.6,11.6,149166
2015-03-25,11.6,11.75,11.55,11.6,158116
2015-03-26,11.6,11.75,11.55,11.7,206000
2015-03-27,11.8,11.8,11.65,11.7,92000
2015-03-30,11.7,11.7,11.5,11.5,153000
2015-03-31,11.5,11.5,10.7,11.1,507000
2015-04-01,11.1,11.1,10.55,10.85,364125
2015-04-02,10.95,10.95,10.7,10.7,193251
2015-04-07,10.7,11.4,10.7,11.4,201226
2015-04-08,11.6,12.15,11.6,12.15,971721
2015-04-09,12.45,12.95,11.9,12.4,1707226
2015-04-10,12.6,12.85,12.15,12.2,539221
2015-04-13,12.2,12.2,11.7,11.8,533482
2015-04-14,11.8,12.35,11.8,12.15,1402348
2015-04-15,12.1,12.4,12.0,12.15,576731
2015-04-16,12.3,12.35,12.0,12.25,5720025
2015-04-17,12.5,13.1,12.3,12.8,7268456
2015-04-20,12.6,12.6,11.95,12.0,5104000
2015-04-21,12.0,12.2,11.35,11.5,4168303
2015-04-22,11.5,12.0,11.5,11.9,1708251
2015-04-23,11.95,12.2,11.75,11.85,235064
2015-04-24,12.0,12.0,11.7,11.85,3191284
2015-04-27,12.0,12.25,11.9,11.9,667328
2015-04-28,11.8,12.1,11.8,11.85,239831
2015-04-29,11.9,11.95,11.55,11.55,290000
2015-04-30,11.9,11.9,11.55,11.55,169164
2015-05-04,11.55,11.55,11.1,11.35,225000
2015-05-05,11.4,11.5,11.05,11.15,296000
2015-05-06,11.05,11.3,11.05,11.1,135000
2015-05-07,10.35,11.35,10.35,11.0,315002
2015-05-08,11.0,11.25,10.8,11.15,368638
2015-05-11,11.15,11.45,10.55,10.6,638000
2015-05-12,10.6,10.8,10.6,10.75,293659
2015-05-13,10.75,10.9,10.75,10.75,84000
2015-05-14,10.5,10.75,10.4,10.5,282125
2015-05-15,10.5,10.7,10.35,10.4,146000
2015-05-18,10.5,10.7,10.2,10.4,137076
2015-05-19,9.68,9.68,9.68,9.68,397000
2015-05-20,9.01,9.9,9.01,9.68,2410584
2015-05-21,9.68,10.0,9.68,9.8,326209
2015-05-22,9.15,9.98,9.15,9.8,93209
2015-05-25,9.12,9.9,9.12,9.9,148954
2015-05-26,9.79,9.79,9.75,9.75,62060
2015-05-27,9.75,9.75,9.07,9.09,166000
2015-05-28,9.09,9.09,8.46,8.46,261000
2015-05-29,8.0,8.46,7.87,8.45,637463
2015-06-01,8.4,8.4,7.61,8.4,440550
2015-06-02,7.95,8.35,7.8,8.0,155150
2015-06-03,8.0,8.0,7.33,7.36,162010
2015-06-04,6.9,7.36,6.9,7.35,162273
2015-06-05,7.01,7.34,7.0,7.33,191389
2015-06-08,7.03,7.04,7.0,7.01,74000
2015-06-09,6.8,7.02,6.8,7.02,172000
2015-06-10,7.0,7.02,6.99,7.01,40854
2015-06-11,7.0,7.02,6.84,6.84,229000
2015-06-12,7.0,7.04,7.0,7.0,111000
2015-06-15,7.0,7.04,7.0,7.04,37100
2015-06-16,7.0,7.2,7.0,7.2,113000
2015-06-17,7.05,7.18,7.01,7.18,45000
2015-06-18,7.2,7.22,7.01,7.2,651155
2015-06-22,7.01,7.01,7.01,7.01,23192
2015-06-23,7.01,7.02,7.0,7.0,34000
2015-06-24,7.0,7.0,7.0,7.0,31000
2015-06-25,7.0,7.01,6.35,6.5,61000
2015-06-26,6.6,7.15,6.6,7.15,51054
2015-06-29,7.72,7.72,7.0,7.15,50000
2015-06-30,7.1,7.1,7.05,7.05,708000
2015-07-01,7.05,7.29,7.05,7.12,110000
2015-07-02,7.15,7.15,7.06,7.06,59486
2015-07-03,7.06,7.16,7.06,7.08,38000
2015-07-06,7.03,7.13,7.03,7.1,55847
2015-07-07,7.09,7.39,7.09,7.2,89146
2015-07-08,7.3,7.42,7.18,7.18,166000
2015-07-09,7.3,7.3,7.16,7.2,191000
2015-07-13,7.3,7.3,7.22,7.22,62320
2015-07-14,7.2,7.3,7.2,7.3,13000
2015-07-15,7.3,7.3,7.3,7.3,11000
2015-07-16,7.3,7.3,7.25,7.25,24000
2015-07-17,7.3,7.3,7.2,7.2,33000
2015-07-20,7.2,7.2,7.0,7.0,61000
2015-07-21,7.1,7.29,6.7,6.7,28000
2015-07-22,7.0,7.19,7.0,7.19,43012
2015-07-23,7.05,7.05,7.0,7.03,52942
2015-07-24,6.9,7.05,6.9,7.0,60000
2015-07-27,6.9,6.9,6.7,6.7,32427
2015-07-28,6.03,6.79,6.03,6.1,34550
2015-07-29,6.3,6.3,6.1,6.3,155730
2015-07-30,6.14,6.93,6.14,6.3,51076
2015-07-31,6.9,6.93,6.9,6.93,2581
2015-08-03,6.9,7.39,6.9,6.9,18443
2015-08-04,6.9,6.9,6.6,6.9,90200
2015-08-05,6.5,6.9,6.21,6.7,110000
2015-08-06,6.15,7.0,6.03,7.0,841362
2015-08-07,6.3,7.0,6.3,7.0,184125
2015-08-24,12.05,12.05,12.05,12.05,29717
2015-08-25,10.85,13.25,10.85,13.25,6292
2015-08-26,14.55,14.55,12.0,13.5,51094
2015-08-27,12.25,13.8,12.2,13.7,37909
2015-08-28,12.45,13.5,12.35,13.5,73674
2015-08-31,12.2,12.55,12.2,12.55,14000
2015-09-01,11.4,13.0,11.4,11.6,19214
2015-09-02,12.3,12.3,11.7,11.8,14843
2015-09-03,11.5,12.0,11.5,12.0,5989
2015-09-04,12.3,12.3,11.7,11.7,13617
2015-09-07,10.7,10.7,10.7,10.7,4507
2015-09-08,10.5,11.45,10.4,11.45,23843
2015-09-09,11.45,11.7,11.45,11.7,3000
2015-09-10,10.8,11.45,10.8,11.45,11313
2015-09-11,10.85,11.15,10.65,11.15,18760
2015-09-14,11.35,11.4,10.55,11.0,22594
2015-09-15,11.65,11.65,11.55,11.55,53355
2015-09-16,11.5,12.1,11.5,12.1,7887
2015-09-17,12.05,12.3,12.0,12.3,9075
2015-09-18,13.1,13.5,11.2,11.55,46882
2015-09-21,11.8,12.05,10.9,11.8,172876
2015-09-22,12.1,12.1,11.6,11.8,14785
2015-09-23,12.05,12.1,11.5,12.1,8002
2015-09-24,12.15,12.15,12.0,12.0,7229
2015-09-25,12.1,12.1,12.1,12.1,1000
2015-09-30,11.1,11.95,11.1,11.95,7000
2015-10-01,12.05,12.05,11.05,11.05,14065
2015-10-02,11.3,12.15,11.3,12.15,35694
2015-10-05,12.0,13.0,12.0,12.85,18000
2015-10-06,12.1,12.8,12.0,12.2,60714
2015-10-07,12.4,12.4,12.4,12.4,1129
2015-10-08,11.85,12.55,11.5,12.55,24292
2015-10-12,11.65,12.3,11.65,12.3,4045
2015-10-13,12.65,12.65,11.15,12.3,43137
2015-10-14,11.6,12.5,11.6,12.5,7522
2015-10-15,12.8,12.8,12.8,12.8,1000
2015-10-16,13.1,13.1,11.85,11.9,27250
2015-10-19,12.1,12.25,12.0,12.1,4000
2015-10-20,11.85,11.85,11.5,11.5,36379
2015-10-21,11.6,12.35,11.5,11.7,21262
2015-10-22,12.75,12.75,12.75,12.75,1844
2015-10-23,11.65,12.1,11.6,12.0,18614
2015-10-26,12.4,12.4,11.5,12.15,27568
2015-10-27,12.9,12.9,12.3,12.3,2000
2015-10-28,12.0,12.35,12.0,12.35,2549
2015-10-29,12.0,12.0,12.0,12.0,10843
2015-10-30,12.1,12.1,12.1,12.1,1373
2015-11-02,11.9,11.9,11.15,11.15,7091
2015-11-03,11.35,11.9,11.35,11.35,24352
2015-11-04,11.55,11.55,11.05,11.05,24771
2015-11-05,11.3,11.6,11.3,11.5,3000
2015-11-06,11.8,11.8,11.8,11.8,1033
2015-11-10,11.8,11.8,11.75,11.75,3568
2015-11-11,10.65,10.65,10.65,10.65,2288
2015-11-12,10.7,11.45,10.7,11.45,18000
2015-11-13,10.75,11.75,10.55,11.7,146000
2015-11-17,12.0,12.4,11.8,12.4,58567
2015-11-18,12.6,12.8,12.4,12.6,54638
2015-11-19,13.85,13.85,12.75,12.95,150582
2015-11-20,12.1,12.4,11.95,12.0,77000
2015-11-23,12.0,12.35,11.9,11.9,15716
2015-11-24,12.1,12.1,11.6,11.9,35719
2015-11-25,12.3,12.3,12.05,12.05,2071
2015-11-26,12.0,12.0,11.7,11.8,31548
2015-11-27,11.8,11.8,11.8,11.8,2000
2015-11-30,11.8,12.25,11.6,11.9,35000
2015-12-01,11.8,12.35,11.8,12.0,58452
2015-12-02,12.0,12.3,11.9,11.9,34798
2015-12-03,11.9,11.9,11.85,11.9,120813
2015-12-04,12.0,12.0,11.8,11.8,9000
2015-12-07,11.85,12.0,11.8,11.85,161000
2015-12-08,11.85,12.0,11.85,11.95,43229
2015-12-09,11.85,11.9,11.75,11.9,154542
2015-12-10,11.9,12.0,11.8,12.0,221560
2015-12-11,11.75,11.75,11.75,11.75,4000
2015-12-15,11.7,11.9,11.5,11.65,11044
2015-12-16,11.8,11.8,11.8,11.8,6800
2015-12-17,11.15,11.9,11.15,11.9,222759
2015-12-18,11.65,11.85,11.65,11.7,6889
2015-12-21,11.35,11.95,11.35,11.95,34217
2015-12-22,11.65,12.3,11.35,11.85,40146
2015-12-23,11.95,11.95,11.8,11.8,3395
2015-12-24,11.95,11.95,11.5,11.8,27614
2015-12-25,11.8,11.8,11.5,11.5,24179
2015-12-28,12.1,12.1,11.55,11.8,17197
2015-12-29,11.8,11.8,11.4,11.6,43001
2015-12-30,11.4,11.85,11.4,11.5,42184
2015-12-31,11.5,11.5,11.5,11.5,5000
2016-01-04,11.0,11.6,11.0,11.55,49499
2016-01-05,11.3,11.3,11.15,11.15,59731
2016-01-06,11.2,11.3,11.0,11.2,89000
2016-01-07,11.0,11.2,10.65,10.65,36683
2016-01-08,10.65,10.9,10.4,10.9,36224
2016-01-11,10.6,10.9,10.5,10.85,60000
2016-01-12,10.3,10.7,10.0,10.3,82000
2016-01-13,10.5,10.95,10.3,10.35,42375
2016-01-14,10.5,10.5,10.3,10.3,22522
2016-01-15,10.3,10.75,9.36,10.3,183139
2016-01-18,10.0,10.2,10.0,10.2,73229
2016-01-19,10.2,10.2,10.2,10.2,3664
2016-01-20,10.05,10.25,10.05,10.15,7000
2016-01-21,9.66,11.15,9.66,10.25,45000
2016-01-22,10.25,10.4,10.1,10.1,12000
2016-01-25,9.9,10.15,9.9,10.15,2378
2016-01-26,9.93,10.0,9.93,10.0,4021
2016-01-27,10.1,10.1,9.45,9.99,33000
2016-01-28,10.15,10.15,9.84,9.84,4856
2016-01-29,9.84,9.98,9.81,9.81,8065
2016-01-30,10.0,10.15,10.0,10.1,6001
2016-02-01,10.05,10.15,10.05,10.1,28841
2016-02-02,9.9,9.9,9.9,9.9,12000
2016-02-03,9.88,10.2,9.86,10.15,1041000
2016-02-15,10.55,11.15,10.0,11.15,1264004
2016-02-16,11.2,11.5,10.05,11.15,2341602
2016-02-17,10.6,11.35,10.55,10.85,130033
2016-02-18,11.3,11.3,10.8,10.9,127295
2016-02-19,11.25,11.3,11.2,11.25,73725
2016-02-22,11.35,11.35,10.95,11.15,359007
2016-02-23,11.5,11.5,11.1,11.3,166117
2016-02-24,11.3,11.3,11.25,11.3,153458
2016-02-25,11.5,11.5,11.2,11.2,89065
2016-02-26,11.0,11.3,11.0,11.15,46031
2016-03-01,11.25,11.3,10.9,10.9,78884
2016-03-02,11.1,11.1,10.7,10.8,49824
2016-03-03,10.8,11.05,10.8,11.0,21569
2016-03-04,11.1,11.1,10.85,10.85,13478
2016-03-07,10.85,11.0,10.75,10.85,21001
2016-03-08,10.85,10.85,10.8,10.8,7101
2016-03-09,11.05,11.05,11.0,11.0,17000
2016-03-10,11.0,11.0,10.8,10.85,24871
2016-03-11,10.85,10.85,10.7,10.7,25045
2016-03-14,10.7,10.9,10.7,10.8,24781
2016-03-15,10.8,11.0,10.7,10.7,43000
2016-03-16,10.1,10.95,10.1,10.7,15093
2016-03-17,10.65,10.7,10.6,10.6,18293
2016-03-18,10.6,10.75,10.4,10.75,29568
2016-03-21,10.4,10.8,10.4,10.8,13692
2016-03-22,10.7,10.95,10.4,10.95,18643
2016-03-23,10.55,10.85,10.4,10.85,25774
2016-03-24,10.35,10.8,10.35,10.55,37175
2016-03-25,10.75,10.75,10.4,10.65,12492
2016-03-28,10.65,10.65,10.65,10.65,10000
2016-03-29,10.6,10.6,10.35,10.6,26000
2016-03-30,10.3,10.55,10.2,10.5,40568
2016-03-31,10.15,10.15,10.0,10.05,59875
2016-04-01,10.05,10.35,10.05,10.2,13263
2016-04-06,9.95,10.0,9.95,10.0,12614
2016-04-07,10.0,10.0,10.0,10.0,5478
2016-04-08,10.0,10.45,10.0,10.45,61338
2016-04-11,10.15,10.2,10.0,10.05,24000
2016-04-12,9.9,10.0,9.9,9.95,13633
2016-04-13,9.95,9.95,9.85,9.85,13690
2016-04-14,10.0,10.0,9.96,9.96,7000
2016-04-15,10.0,10.0,10.0,10.0,19058
2016-04-18,10.0,10.0,10.0,10.0,12026
2016-04-19,9.96,9.99,9.96,9.99,6000
2016-04-20,9.95,9.95,9.9,9.9,8081
2016-04-21,9.85,9.85,9.8,9.8,19000
2016-04-22,9.8,9.8,9.8,9.8,14131
2016-04-25,9.8,9.8,9.79,9.8,10294
2016-04-26,9.45,9.8,9.45,9.7,37001
2016-04-27,9.7,9.75,9.7,9.7,10000
2016-04-28,9.5,9.75,9.4,9.51,15000
2016-04-29,9.51,9.75,9.51,9.55,7000
2016-05-03,9.8,9.8,9.79,9.8,7000
2016-05-05,9.52,9.52,9.3,9.3,15093
2016-05-06,9.3,9.5,9.3,9.5,20000
2016-05-09,9.5,9.5,9.2,9.2,6653
2016-05-10,9.2,9.21,9.0,9.0,15073
2016-05-11,9.0,9.9,9.0,9.89,133458
2016-05-12,9.89,9.89,9.55,9.86,11183
2016-05-13,9.86,10.55,9.86,9.9,5001
2016-05-16,9.9,9.9,9.9,9.9,4013
2016-05-17,9.46,9.47,9.45,9.47,5000
2016-05-18,10.2,10.2,10.2,10.2,1500
2016-05-19,9.55,11.0,9.55,11.0,46864
2016-05-20,11.05,11.05,10.3,10.8,4757701
2016-05-23,10.2,10.55,10.15,10.5,16797
2016-05-24,10.5,10.5,10.15,10.15,7026
2016-05-25,10.15,10.15,9.95,9.95,37003
2016-05-26,9.94,9.94,9.94,9.94,2058
2016-05-27,9.51,9.8,9.5,9.5,26751
2016-05-30,10.45,10.45,9.67,10.15,35843
2016-05-31,10.35,10.35,9.55,9.55,27522
2016-06-01,10.0,10.0,9.21,9.88,58000
2016-06-02,9.84,9.84,9.84,9.84,3303
2016-06-03,9.45,9.77,9.45,9.77,2603
2016-06-04,9.77,9.77,9.34,9.69,40183
2016-06-06,9.88,9.88,9.76,9.76,4000
2016-06-07,10.4,10.4,9.45,9.87,12065
2016-06-08,9.5,9.8,9.5,9.78,287806
2016-06-13,9.99,9.99,9.6,9.6,27807
2016-06-14,9.98,9.98,9.65,9.87,24568
2016-06-15,9.87,9.87,9.65,9.65,15000
2016-06-16,9.65,10.0,9.65,10.0,3000
2016-06-17,9.8,9.9,9.8,9.8,10000
2016-06-20,10.1,10.1,10.0,10.0,4687
2016-06-21,10.0,10.0,9.8,9.8,28557
2016-06-22,9.8,9.8,9.8,9.8,1002000
2016-06-23,9.8,10.0,9.8,10.0,33169
2016-06-24,10.0,10.0,9.7,9.7,26000
2016-06-27,10.0,10.1,10.0,10.0,22896
2016-06-28,10.0,10.0,9.7,9.7,15183
2016-06-29,9.7,9.7,9.7,9.7,9000
2016-06-30,9.5,9.7,9.5,9.7,9000
2016-07-01,9.7,9.7,9.65,9.66,11000
2016-07-05,9.99,10.0,9.99,10.0,10000
2016-07-06,10.0,10.0,9.9,9.9,3000
2016-07-07,10.0,10.0,9.84,9.95,219000
2016-07-11,9.95,10.5,9.95,9.98,34523
2016-07-12,10.0,10.3,9.99,10.0,262000
2016-07-13,10.0,10.4,10.0,10.4,2625506
2016-07-14,10.35,11.4,10.35,11.4,416392
2016-07-15,12.1,12.5,12.05,12.5,258005
2016-07-18,13.75,13.75,12.9,13.1,1363301
2016-07-19,13.05,13.45,12.95,13.45,325702
2016-07-20,13.15,14.75,13.1,14.15,618160
2016-07-21,13.85,14.65,13.85,14.6,759571
2016-07-22,14.5,14.5,13.15,13.8,400513
2016-07-25,13.6,13.6,12.6,13.6,263091
2016-07-26,13.4,14.0,13.4,13.4,51478
2016-07-27,13.4,14.7,13.4,14.7,863664
2016-07-28,16.1,16.15,15.1,16.15,986440
2016-07-29,16.45,17.65,16.4,17.45,1907300
2016-08-01,18.0,18.0,17.1,17.55,301204
2016-08-02,17.95,17.95,17.2,17.25,234707
2016-08-03,17.8,17.8,17.2,17.4,295793
2016-08-04,17.1,17.6,17.1,17.5,196254
2016-08-05,17.5,17.5,16.15,16.4,450808
2016-08-08,16.5,17.0,15.45,15.45,421812
2016-08-09,15.4,15.6,14.8,14.9,404055
2016-08-10,15.3,15.8,15.1,15.3,129255
2016-08-11,15.1,15.8,14.65,15.8,173205
2016-08-12,15.6,17.0,14.8,17.0,367200
2016-08-15,16.95,17.2,15.3,15.85,768752
2016-08-16,15.3,15.55,14.9,14.95,97583
2016-08-17,14.75,15.6,14.75,15.2,98413
2016-08-18,15.3,15.35,15.1,15.35,21500
2016-08-19,15.4,15.4,14.85,15.05,94913
2016-08-22,15.1,15.5,14.35,14.95,127466
2016-08-23,14.9,14.9,13.6,14.65,162386
2016-08-24,14.65,14.65,13.85,13.95,157269
2016-08-25,13.85,14.35,13.85,14.25,125045
2016-08-26,14.35,14.55,14.25,14.5,51013
2016-08-29,14.2,14.5,14.2,14.5,5638
2016-08-30,14.3,14.3,14.1,14.1,15350
2016-08-31,14.4,14.5,14.4,14.5,39050
2016-09-01,14.4,14.6,14.25,14.6,16078
2016-09-02,14.0,14.6,14.0,14.4,37176
2016-09-05,14.7,14.7,14.15,14.5,404000
2016-09-06,14.45,15.95,14.2,15.95,463636
2016-09-07,16.8,16.95,16.0,16.0,420164
2016-09-08,15.5,16.9,15.5,16.7,496798
2016-09-09,16.5,17.4,16.0,17.0,358162
2016-09-10,16.9,18.0,16.9,17.5,347231
2016-09-12,17.7,17.7,16.8,16.9,78421
2016-09-13,16.8,17.05,16.05,16.9,89055
2016-09-14,16.9,16.9,16.8,16.9,17000
2016-09-19,16.6,16.9,16.6,16.85,102009
2016-09-20,16.85,17.1,16.6,16.95,77832
2016-09-21,17.0,17.35,16.65,16.8,87395
2016-09-22,16.6,16.9,16.5,16.9,40550
2016-09-23,17.15,17.15,16.8,16.95,72315
2016-09-26,16.95,17.0,16.55,16.9,50000
2016-09-29,17.0,17.0,16.7,16.8,99739
2016-09-30,16.6,17.75,16.5,17.7,294554
2016-10-03,17.0,19.45,17.0,19.45,1325140
2016-10-04,21.0,21.3,20.5,20.85,941217
2016-10-05,21.25,21.25,20.1,20.85,369463
2016-10-06,20.9,20.9,20.55,20.85,231300
2016-10-07,21.35,21.35,20.8,20.9,320579
2016-10-11,20.95,21.0,19.2,19.6,448451
2016-10-12,18.3,19.5,18.3,19.3,116843
2016-10-13,19.65,19.65,19.0,19.0,56000
2016-10-14,18.6,18.95,18.5,18.5,163971
2016-10-17,18.9,18.9,18.0,18.55,91000
2016-10-18,18.55,18.9,18.3,18.3,39019
2016-10-19,18.75,20.1,18.05,20.1,486611
2016-10-20,18.6,19.9,18.6,19.6,1938045
2016-10-21,19.1,19.7,17.7,18.9,426042
2016-10-24,17.55,18.4,17.2,17.55,1488380
2016-10-25,16.4,17.6,16.2,17.2,619400
2016-10-26,16.6,17.45,16.6,17.2,346771
2016-10-27,17.2,17.2,16.7,16.7,78246
2016-10-28,17.2,17.2,16.6,16.6,160081
2016-10-31,16.6,16.8,16.55,16.8,89000
2016-11-01,16.9,17.05,16.9,16.9,34431
2016-11-02,16.9,16.9,16.3,16.75,120000
2016-11-03,16.55,16.6,16.3,16.5,43458
2016-11-04,16.6,16.6,16.05,16.05,30705
2016-11-07,15.8,17.0,15.8,16.45,62196
2016-11-08,16.2,16.45,16.0,16.45,32000
2016-11-09,16.0,16.0,15.75,16.0,32163
2016-11-10,16.35,16.35,16.0,16.25,33507
2016-11-11,16.35,16.35,16.35,16.35,5000
2016-11-14,15.7,16.0,15.5,15.85,33019
2016-11-15,14.65,16.0,14.65,16.0,7008
2016-11-16,15.65,15.65,15.5,15.6,10307
2016-11-17,15.95,15.95,15.0,15.85,45522
2016-11-18,14.55,15.5,14.55,15.5,32844
2016-11-21,15.5,15.6,15.4,15.4,20000
2016-11-22,15.05,15.4,15.0,15.0,43344
2016-11-23,14.8,15.0,14.7,14.7,61999
2016-11-24,14.55,14.55,13.7,13.8,117209
2016-11-25,13.9,14.2,13.9,14.05,61000
2016-11-28,14.25,14.45,14.05,14.05,120535
2016-11-29,14.05,14.05,12.65,12.9,303191
2016-11-30,13.0,13.35,12.9,13.15,55073
2016-12-01,13.2,14.45,13.2,14.25,178946
2016-12-02,14.25,14.25,13.8,13.8,43000
2016-12-05,13.25,13.75,13.25,13.5,28623
2016-12-06,14.0,14.15,13.55,14.15,54197
2016-12-07,13.8,14.3,13.8,14.3,13000
2016-12-08,14.3,14.3,13.4,14.0,125045
2016-12-09,13.55,13.7,13.4,13.7,40772
2016-12-12,13.7,13.7,13.0,13.7,115000
2016-12-13,13.0,13.6,13.0,13.55,13000
2016-12-14,13.3,13.45,13.3,13.45,17000
2016-12-15,13.4,13.5,13.3,13.4,49000
2016-12-16,13.4,13.5,13.3,13.45,23161
2016-12-19,14.15,14.15,13.4,13.4,13000
2016-12-20,13.0,13.0,13.0,13.0,4000
2016-12-21,13.0,13.2,12.9,12.9,46000
2016-12-22,12.9,13.1,12.9,13.1,449663
2016-12-23,14.1,14.4,13.6,14.4,187583
2016-12-26,15.0,15.8,14.5,15.8,375665
2016-12-27,15.85,16.7,15.5,15.8,294009
2016-12-28,14.9,15.7,14.9,15.4,69744
2016-12-29,15.4,15.4,15.0,15.3,24522
2016-12-30,15.3,15.7,15.15,15.4,54110
2017-01-03,15.4,15.7,15.1,15.7,25139
2017-01-04,15.7,15.7,15.25,15.25,34000
2017-01-05,15.25,15.5,15.15,15.5,74999
2017-01-06,14.85,15.4,14.85,15.4,16000
2017-01-09,15.05,15.2,13.9,13.9,454000
2017-01-10,13.9,14.4,13.85,14.0,46668
2017-01-11,14.1,14.1,13.65,14.0,57052
2017-01-12,13.7,13.9,13.7,13.9,6309
2017-01-13,14.05,14.05,13.6,13.7,68026
2017-01-16,13.7,13.7,13.0,13.5,104522
2017-01-17,13.3,13.8,13.3,13.75,136195
2017-01-18,13.5,13.7,13.3,13.5,115131
2017-01-19,13.35,13.45,13.3,13.45,152424
2017-01-20,13.5,13.5,13.2,13.2,98006
2017-01-23,13.2,13.35,13.0,13.3,136201
2017-01-24,13.2,14.1,13.0,13.65,211229
2017-02-02,13.65,15.0,13.55,15.0,265718
2017-02-03,15.7,16.5,15.4,16.5,645740
2017-02-06,17.4,18.15,17.05,18.15,1159662
2017-02-07,17.6,19.05,17.6,18.6,468804
2017-02-08,18.6,19.9,18.6,19.4,819999
2017-02-09,19.0,19.15,18.3,18.7,858636
2017-02-10,19.0,19.4,18.0,18.05,562801
2017-02-13,17.65,19.1,17.65,18.95,372941
2017-02-14,20.8,20.8,20.1,20.8,1115393
2017-02-15,21.2,22.0,21.2,22.0,843789
2017-02-16,22.65,22.65,20.6,21.25,372824
2017-02-17,21.7,21.7,20.65,21.0,468380
2017-02-18,21.1,21.4,20.9,21.3,233606
2017-02-20,21.4,22.4,21.4,22.2,518063
2017-02-21,22.7,24.4,22.7,23.25,4442521
2017-02-22,23.5,23.9,23.4,23.4,947477
2017-02-23,23.65,23.75,23.3,23.5,1955213
2017-02-24,23.65,24.5,22.8,24.2,688564
2017-03-01,24.8,26.6,24.8,26.6,3225025
2017-03-02,27.0,29.25,27.0,27.65,4288948
2017-03-03,27.5,28.5,27.45,27.85,1766778
2017-03-06,29.9,30.6,28.5,30.6,2261834
2017-03-07,33.65,33.65,33.65,33.65,506149
2017-03-08,37.0,37.0,35.0,37.0,5001573
2017-03-09,36.95,40.7,36.05,40.7,4114955
2017-03-10,36.8,40.0,36.8,39.5,632230
2017-03-13,38.1,38.1,36.3,37.0,591430
2017-03-14,37.0,38.0,37.0,37.5,370255
2017-03-15,39.9,39.9,37.8,39.3,275689
2017-03-16,39.3,39.3,39.0,39.0,214778
2017-03-17,39.5,41.75,39.5,41.5,390634
2017-03-20,41.5,43.1,41.5,42.0,551107
2017-03-21,42.2,43.5,42.0,42.2,490217
2017-03-22,39.0,43.0,39.0,43.0,446875
2017-03-23,43.4,45.6,43.4,45.6,827167
2017-03-24,47.0,49.6,45.85,47.35,1814558
2017-03-27,48.4,48.8,42.65,42.65,1482002
2017-03-28,40.3,43.6,40.0,42.0,2541059
2017-03-29,43.5,44.15,38.8,40.5,1204999
2017-03-30,40.45,42.6,40.4,41.7,477123
2017-03-31,42.9,42.9,41.5,41.65,493240
2017-04-05,41.5,42.8,40.8,42.35,390300
2017-04-06,42.3,42.3,41.1,41.45,170835
2017-04-07,41.45,42.0,39.25,40.0,599072
2017-04-10,40.45,40.45,39.05,40.0,807090
2017-04-11,40.0,40.25,39.7,39.7,173100
2017-04-12,39.75,41.5,39.3,39.55,689679
2017-04-13,40.05,40.05,38.0,39.05,475226
2017-04-14,39.05,39.05,35.9,35.9,749567
2017-04-17,35.5,37.1,34.3,36.4,728400
2017-04-18,36.4,36.5,35.2,35.3,198438
2017-04-19,34.5,35.0,34.4,34.65,179731
2017-04-20,34.6,34.85,31.2,34.3,951191
2017-04-21,34.85,37.7,34.3,37.7,1324520
2017-04-24,38.15,38.85,36.55,37.6,1168105
2017-04-25,37.1,37.9,36.0,36.0,625950
2017-04-26,37.1,39.4,36.1,39.0,750165
2017-04-27,39.3,39.6,37.8,38.6,307176
2017-04-28,38.7,41.5,38.6,40.9,810759
2017-05-02,41.25,42.0,40.5,41.9,816483
2017-05-03,42.1,46.0,42.1,45.8,2313981
2017-05-04,46.3,47.8,45.2,45.8,1538057
2017-05-05,45.0,47.25,44.9,45.8,1336956
2017-05-08,46.0,48.65,46.0,47.95,1414117
2017-05-09,48.6,49.8,46.6,48.0,1564522
2017-05-10,47.5,48.1,47.0,48.1,451890
2017-05-11,47.6,48.0,47.6,47.7,260892
2017-05-12,47.7,48.25,47.7,47.7,325073
2017-05-15,47.7,47.7,46.45,46.75,700853
2017-05-16,47.0,47.25,46.75,46.75,482677
2017-05-17,46.75,47.3,46.75,46.8,381400
2017-05-18,45.7,47.0,45.2,46.35,258565
2017-05-19,46.55,49.0,46.55,48.3,502050
2017-05-22,50.5,53.1,50.5,53.1,1427575
2017-05-23,54.3,58.0,54.3,56.5,1143526
2017-05-24,55.3,59.5,55.3,59.5,955322
2017-05-25,60.4,62.8,59.7,61.7,2133801
2017-05-26,61.0,62.2,59.8,61.4,1074862
2017-05-31,62.0,62.1,59.0,59.9,1326297
2017-06-01,60.5,60.9,59.1,59.8,317921
2017-06-02,59.8,60.0,57.0,59.0,827474
2017-06-03,58.8,59.0,57.8,59.0,320950
2017-06-05,58.8,60.5,58.2,59.0,494082
2017-06-06,58.8,59.6,58.8,59.0,348556
2017-06-07,59.6,61.7,59.0,59.0,1198726
2017-06-08,59.1,60.5,59.0,59.0,1184392
2017-06-09,60.4,64.9,60.4,64.9,2276285
2017-06-12,64.9,67.9,63.5,67.2,1607335
2017-06-13,66.0,67.2,62.8,64.7,1688728
2017-06-14,63.7,64.7,61.5,61.5,914690
2017-06-15,60.5,62.0,55.4,61.9,1306000
2017-06-16,60.6,63.5,59.5,60.4,1125427
2017-06-19,61.5,66.4,61.3,63.9,1941508
2017-06-20,63.8,64.1,61.7,61.8,1041874
2017-06-21,60.9,62.6,59.1,61.8,672522
2017-06-22,61.5,61.8,60.0,60.0,380850
2017-06-23,60.0,60.4,56.5,56.8,1169599
2017-06-26,57.1,58.1,54.7,57.8,733522
2017-06-27,56.9,61.2,56.8,58.7,1345822
2017-06-28,58.2,58.9,57.1,58.8,220178
2017-06-29,58.9,58.9,56.3,58.0,462130
2017-06-30,58.0,59.8,56.7,58.7,591023
2017-07-03,53.1,64.2,53.1,62.5,6713807
2017-07-04,61.0,61.3,57.8,60.0,1986060
2017-07-05,59.9,59.9,56.5,58.5,2042100
2017-07-06,58.0,58.0,56.0,56.8,918173
2017-07-07,57.0,57.8,56.2,56.9,318947
2017-07-10,56.9,57.7,56.5,57.3,274050
2017-07-11,57.7,57.7,56.6,57.5,284410
2017-07-12,57.5,57.6,56.5,57.0,806620
2017-07-13,57.8,59.5,57.2,58.2,603942
2017-07-14,58.5,58.9,57.8,57.8,738080
2017-07-17,58.2,58.6,57.0,57.6,513308
2017-07-18,57.5,57.6,55.4,55.4,597188
2017-07-19,56.0,56.0,54.0,54.0,826260
2017-07-20,53.8,54.4,48.6,48.6,612696
2017-07-21,43.75,45.1,43.75,43.75,5352381
2017-07-24,44.95,48.1,44.1,46.0,5479145
2017-07-25,44.6,44.95,43.5,43.5,939879
2017-07-26,44.0,44.0,41.6,42.0,1364237
2017-07-27,42.05,42.1,37.8,41.15,3358300
2017-07-28,42.0,43.35,38.1,41.0,2368000
2017-07-31,38.5,41.7,36.9,39.9,4784792
2017-08-01,35.95,35.95,35.95,35.95,427570
2017-08-02,32.4,32.4,32.4,32.4,143030
2017-08-03,29.2,29.2,29.2,29.2,26220
2017-08-04,26.3,29.0,26.3,26.3,3507692
2017-08-07,26.3,28.9,25.1,28.9,1622363
2017-08-08,31.5,31.75,31.5,31.75,835870
2017-08-09,34.9,34.9,31.75,33.5,2503417
2017-08-10,33.0,33.0,30.15,30.15,1352199
2017-08-11,27.7,29.8,27.15,27.15,1147989
2017-08-14,27.15,28.3,24.7,26.8,880110
2017-08-15,27.0,27.7,24.15,24.15,843803
2017-08-16,24.1,24.1,21.75,21.75,486197
2017-08-17,19.6,23.0,19.6,20.7,1144318
2017-08-18,20.95,22.7,20.95,22.7,657314
2017-08-21,23.7,24.95,22.8,24.95,1666090
2017-08-22,26.0,27.4,25.4,27.4,1545276
2017-08-23,29.5,30.1,28.7,30.1,1384318
2017-08-24,32.5,33.1,31.5,33.1,2054749
2017-08-25,34.5,36.2,30.0,36.2,2425755
2017-08-28,37.4,37.4,35.1,36.2,1539990
2017-08-29,34.0,39.8,32.6,39.8,1077000
2017-08-30,37.8,40.0,37.1,38.75,398681
2017-08-31,38.75,38.75,36.6,36.85,248000
2017-09-01,36.0,40.5,36.0,39.6,870532
2017-09-04,42.0,42.0,40.0,41.0,287850
2017-09-05,37.1,41.0,37.1,40.05,487652
2017-09-06,38.05,39.95,38.05,39.5,296503
2017-09-07,40.0,41.5,40.0,41.4,381067
2017-09-08,42.0,43.2,42.0,43.0,466434
2017-09-11,46.9,46.9,45.0,46.0,661380
2017-09-12,47.5,50.6,47.1,50.6,2939583
2017-09-13,50.7,53.3,46.55,52.0,3122227
2017-09-14,51.0,52.0,50.0,51.3,960641
2017-09-15,52.1,52.1,49.5,50.0,999544
2017-09-18,51.0,51.0,48.8,48.8,540670
2017-09-19,48.0,50.0,44.0,48.8,2055143
2017-09-20,46.8,48.75,45.8,45.8,585015
2017-09-21,46.0,47.5,45.7,46.2,406693
2017-09-22,46.25,47.3,45.8,46.2,389900
2017-09-25,46.0,48.8,44.05,47.1,1142111
2017-09-26,46.4,47.4,45.3,47.3,326543
2017-09-27,46.9,48.0,46.25,47.85,356297
2017-09-28,47.85,48.0,47.05,47.85,390108
2017-09-29,47.85,50.0,47.1,48.95,635510
2017-09-30,49.2,51.2,48.0,50.0,1023101
2017-10-02,50.1,50.5,49.4,49.4,309245
2017-10-03,49.4,49.85,48.4,49.4,315001
2017-10-05,49.3,49.95,48.6,49.95,718723
2017-10-06,49.5,51.4,49.1,50.3,713340
2017-10-11,50.7,52.5,50.7,51.0,1087714
2017-10-12,51.3,51.6,50.1,51.3,255835
2017-10-13,51.1,51.7,51.0,51.2,284884
2017-10-16,50.5,51.7,50.1,51.0,596100
2017-10-17,50.9,51.0,45.9,47.9,2029236
2017-10-18,47.75,47.9,45.0,47.9,940333
2017-10-19,46.35,48.0,46.35,47.65,514629
2017-10-20,47.6,50.5,45.95,45.95,810700
2017-10-23,45.95,48.8,43.0,47.9,2541334
2017-10-24,46.45,47.6,45.5,46.45,814047
2017-10-25,46.5,46.8,44.9,46.0,2343447
2017-10-26,45.05,45.4,41.7,41.7,662237
2017-10-27,38.0,38.0,37.55,37.55,2928543
2017-10-30,38.0,39.75,33.8,38.2,1454214
2017-10-31,39.15,42.0,38.6,42.0,1421228
2017-11-01,43.0,45.8,41.2,41.2,1323254
2017-11-02,40.0,42.0,39.0,40.5,1523000
2017-11-03,40.85,41.95,40.45,41.7,1994116
2017-11-06,42.0,42.6,40.0,40.0,1043000
2017-11-07,40.95,41.25,39.1,40.0,1169500
2017-11-08,40.0,41.0,38.8,39.8,638110
2017-11-09,39.0,39.5,36.5,36.5,861186
2017-11-10,38.0,39.85,37.1,38.55,626000
2017-11-13,38.55,39.7,35.8,36.9,688000
2017-11-14,34.8,37.0,34.45,37.0,785054
2017-11-15,36.05,36.7,35.1,36.1,816000
2017-11-16,36.45,37.5,36.15,36.7,908033
2017-11-17,37.0,37.0,34.7,36.1,731180
2017-11-20,35.2,36.0,34.5,34.5,383000
2017-11-21,34.7,37.3,34.5,36.7,749050
2017-11-22,36.7,38.5,36.25,36.5,523000
2017-11-23,37.85,37.85,36.8,36.8,354250
2017-11-24,37.5,37.5,35.8,36.8,479058
2017-11-27,36.6,37.4,35.85,36.0,315055
2017-11-28,35.4,36.25,35.0,35.0,410107
2017-11-29,35.2,35.25,34.2,34.5,1762220
2017-11-30,35.0,35.0,31.5,34.5,1370065
2017-12-01,34.25,34.3,32.1,33.9,1110535
2017-12-04,33.9,34.45,32.6,34.0,1225000
2017-12-05,34.0,34.0,31.7,31.7,632300
2017-12-06,32.45,32.95,31.95,31.95,456163
2017-12-07,32.0,32.0,29.5,29.5,418279
2017-12-08,32.45,32.45,32.45,32.45,794062
2017-12-11,35.65,35.65,35.65,35.65,541000
2017-12-12,39.2,39.2,39.2,39.2,2980190
2017-12-13,36.15,38.3,35.85,37.65,974002
2017-12-14,37.9,39.85,36.2,38.95,1026966
2017-12-15,39.1,40.1,38.3,39.5,965700
2017-12-18,40.0,40.2,38.65,38.65,549353
2017-12-19,38.0,38.6,36.95,36.95,545120
2017-12-20,37.5,39.75,36.4,39.0,611729
2017-12-21,40.0,40.0,38.4,38.9,1499000
2017-12-22,39.1,39.5,38.0,38.0,390002
2017-12-25,38.7,38.85,36.75,36.75,474000
2017-12-26,37.8,37.8,35.35,35.35,546000
2017-12-27,38.85,38.85,32.2,34.25,1511764
2017-12-28,33.4,34.05,32.0,32.8,970360
2017-12-29,33.0,34.0,32.45,34.0,714131
2018-01-02,33.5,33.75,32.75,33.15,371353
2018-01-03,33.15,33.8,32.85,32.9,324000
2018-01-04,32.9,33.0,32.2,32.3,329125
2018-01-05,32.45,32.5,31.65,31.65,399100
2018-01-08,32.0,32.0,29.7,29.7,874100
2018-01-09,30.0,30.0,27.95,27.95,1011470
2018-01-10,28.0,28.0,26.0,26.0,928000
2018-01-11,26.0,26.0,24.55,24.8,992060
2018-01-12,25.15,27.25,24.6,27.25,1023543
2018-01-15,28.5,29.95,27.5,29.6,1814661
2018-01-16,29.85,30.3,27.5,27.65,1300121
2018-01-17,27.7,27.95,26.65,27.15,488000
2018-01-18,27.3,27.5,26.05,26.05,688090
2018-01-19,26.05,26.4,25.1,26.25,608000
2018-01-22,26.3,26.5,25.2,25.3,415489
2018-01-23,25.1,25.15,22.8,22.85,2281021
2018-01-24,22.55,24.95,22.0,23.6,1285108
2018-01-25,21.25,23.4,21.25,21.9,2637045
2018-01-26,22.0,23.75,21.9,23.75,1226179
2018-01-29,25.0,25.2,24.05,24.6,1174011
2018-01-30,22.15,23.15,22.15,22.35,2961000
2018-01-31,22.0,22.45,21.65,22.1,651000
2018-02-01,22.3,22.7,20.85,22.1,1587000
2018-02-02,21.7,22.8,21.7,22.55,358124
2018-02-05,22.05,22.45,21.35,22.0,2068000
2018-02-06,21.4,21.7,19.8,19.8,1265000
2018-02-07,20.5,20.9,19.95,19.95,1251100
2018-02-08,19.95,20.45,18.0,18.0,1045000
2018-02-09,16.6,17.4,16.2,17.4,1668001
2018-02-12,17.8,17.95,17.4,17.75,612000
2018-02-21,18.3,18.3,17.65,17.85,361000
2018-02-22,18.05,19.6,17.45,19.6,944000
2018-02-23,19.95,21.55,18.55,19.15,2787018
2018-02-26,18.9,19.15,18.05,18.25,1217000
2018-02-27,18.5,18.5,17.7,17.85,992006
2018-03-01,17.85,18.45,17.3,17.9,449679
2018-03-02,17.45,18.3,17.45,18.15,226000
2018-03-05,18.25,18.3,17.4,17.8,531181
2018-03-06,18.15,18.5,17.75,17.8,525336
2018-03-07,17.75,18.15,16.85,17.0,1136006
2018-03-08,16.8,17.6,16.75,16.9,478000
2018-03-09,17.05,17.05,16.15,16.7,743000
2018-03-12,16.7,16.7,16.0,16.1,476000
2018-03-13,16.15,17.2,16.15,16.6,514250
2018-03-14,16.6,17.0,16.3,16.3,312040
2018-03-15,16.3,16.6,16.15,16.35,229000
2018-03-16,16.4,16.55,16.1,16.3,263000
2018-03-19,16.3,16.35,15.2,15.85,382000
2018-03-20,15.6,17.4,15.55,17.4,1699000
2018-03-21,17.5,18.9,17.5,17.7,3194229
2018-03-22,17.8,17.9,16.7,16.9,934026
2018-03-23,16.0,16.4,15.9,16.2,630468
2018-03-26,16.1,17.6,15.75,17.55,1232369
2018-03-27,17.9,18.0,16.95,17.35,5443274
2018-03-28,17.35,17.45,16.95,17.35,1124001
2018-03-29,17.5,19.05,17.5,18.45,5976000
2018-03-30,16.8,18.0,16.65,17.1,5540000
2018-03-31,17.5,17.6,16.9,17.3,2157000
2018-04-02,17.4,17.6,17.05,17.1,1094099
2018-04-03,16.9,17.15,16.65,17.1,907000
2018-04-09,17.6,17.7,16.85,17.1,2015073
2018-04-10,17.25,17.4,16.8,17.1,784051
2018-04-11,16.95,17.1,16.35,16.8,1157057
2018-04-12,16.6,17.1,16.6,16.8,1233000
2018-04-13,16.8,17.1,16.8,16.85,356000
2018-04-16,17.2,17.2,16.8,16.85,387143
2018-04-17,17.05,18.45,16.9,18.2,1280660
2018-04-18,18.45,20.0,18.35,20.0,5126767
2018-04-19,20.1,21.5,19.1,20.55,5422442
2018-04-20,20.5,20.55,19.7,19.95,2558147
2018-04-23,19.8,21.05,19.7,19.9,2444186
2018-04-24,20.25,20.25,19.1,19.8,1775013
2018-04-25,19.8,20.15,19.45,19.85,1618424
2018-04-26,20.0,20.1,17.9,18.25,1824099
2018-04-27,18.3,18.7,18.05,18.45,960201
2018-04-30,18.45,18.9,18.2,18.3,491301
2018-05-02,18.4,18.6,17.25,17.3,1276004
2018-05-03,17.15,18.2,17.15,17.7,827004
2018-05-04,17.6,17.95,17.3,17.7,699017
2018-05-07,18.0,18.2,17.7,17.7,500999
2018-05-08,18.05,18.05,17.55,17.7,491040
2018-05-09,17.7,18.0,17.55,17.75,417001
2018-05-10,17.7,17.95,17.7,17.9,511053
2018-05-11,18.0,18.0,17.45,17.7,581011
2018-05-14,17.7,17.7,16.7,16.85,1277171
2018-05-15,16.85,16.85,15.8,16.4,1173000
2018-05-16,16.2,16.9,15.0,15.85,1165171
2018-05-17,15.85,16.0,15.75,15.85,444000
2018-05-18,15.9,16.0,15.7,15.8,457001
2018-05-21,15.8,16.0,15.6,15.8,317000
2018-05-22,15.9,15.9,15.45,15.45,340006
2018-05-23,15.45,15.6,15.0,15.25,607000
2018-05-24,15.1,16.75,15.1,16.75,1446604
2018-05-25,16.7,16.75,15.6,16.4,1460037
2018-05-28,16.4,16.65,16.15,16.2,581000
2018-05-29,16.1,16.6,16.1,16.3,403000
2018-05-30,16.15,16.7,16.15,16.6,255878
2018-05-31,16.9,16.9,16.3,16.5,575009
2018-06-01,16.7,16.8,16.45,16.7,493020
2018-06-04,16.7,16.95,16.4,16.8,828402
2018-06-05,16.7,17.1,16.5,16.95,418050
2018-06-06,16.85,17.0,16.8,16.9,231071
2018-06-07,16.85,17.15,16.7,17.0,491455
2018-06-08,17.15,17.15,16.55,17.0,410334
2018-06-11,17.0,17.1,16.0,16.6,456075
2018-06-12,16.6,16.7,16.0,16.6,355000
2018-06-13,16.4,16.55,16.0,16.4,346901
2018-06-14,16.0,16.35,16.0,16.2,301001
2018-06-15,16.3,16.35,16.0,16.25,228026
2018-06-19,16.0,16.1,15.65,15.9,422718
2018-06-20,15.9,16.1,15.5,15.6,407000
2018-06-21,15.6,16.0,15.6,15.95,209001
2018-06-22,15.6,16.0,15.45,16.0,324001
2018-06-25,16.1,16.25,15.85,15.95,299325
2018-06-26,15.95,16.0,15.4,15.75,275282
2018-06-27,15.65,15.9,15.5,15.85,256013
2018-06-28,15.85,15.85,15.3,15.6,299065
2018-06-29,15.75,15.85,15.55,15.7,245000
2018-07-02,15.7,15.7,15.15,15.55,423004
2018-07-03,15.4,15.75,15.2,15.7,557000
2018-07-04,15.45,15.7,15.1,15.7,492000
2018-07-05,15.65,15.65,14.7,14.7,657001
2018-07-06,14.7,14.95,14.0,14.8,1903627
2018-07-09,14.8,14.8,13.8,14.15,1378001
2018-07-10,13.8,14.1,13.75,14.1,486146
2018-07-11,14.1,14.2,13.8,13.8,215124
2018-07-12,13.85,14.5,13.85,14.0,350003
2018-07-13,14.3,14.45,13.9,14.0,415001
2018-07-16,14.2,14.2,13.5,13.5,334022
2018-07-17,13.6,13.6,12.7,12.9,530289
2018-07-18,12.9,12.95,11.65,11.85,1742001
2018-07-19,11.65,11.8,11.05,11.25,1112000
2018-07-20,11.25,11.45,11.15,11.4,415000
2018-07-23,11.5,11.65,11.15,11.25,268004
2018-07-24,11.25,11.35,10.9,11.25,363000
2018-07-25,11.25,12.3,11.25,11.7,752000
2018-07-26,11.65,11.8,11.5,11.7,399045
2018-07-27,11.7,12.5,11.7,12.45,815002
2018-07-30,12.5,12.5,12.05,12.05,438000
2018-07-31,12.2,12.45,12.05,12.45,371000
2018-08-01,12.45,12.55,12.15,12.5,352843
2018-08-02,12.25,12.35,11.8,11.8,583155
2018-08-03,11.6,11.95,11.6,11.8,191000
2018-08-06,11.8,12.3,11.7,12.3,224000
2018-08-07,12.2,12.35,11.95,12.25,230001
2018-08-08,12.25,12.25,11.95,12.25,242000
2018-08-09,12.25,12.35,11.95,12.3,361000
2018-08-10,12.3,12.3,11.9,11.9,174665
2018-08-13,11.6,11.85,11.4,11.7,345113
2018-08-14,11.8,11.95,11.6,11.75,113001
2018-08-15,11.6,11.8,11.55,11.75,70028
2018-08-16,11.65,11.75,11.4,11.75,237000
2018-08-17,11.7,11.85,11.6,11.85,72160
2018-08-20,11.7,11.7,11.4,11.4,113000
2018-08-21,11.25,11.45,11.05,11.05,276109
2018-08-22,11.05,11.3,11.05,11.05,62009
2018-08-23,10.7,11.1,10.7,10.8,202000
2018-08-24,10.8,10.8,10.35,10.4,250000
2018-08-27,10.4,10.6,9.91,10.55,512488
2018-08-28,10.55,10.75,10.2,10.3,103038
2018-08-29,10.6,10.6,10.3,10.4,50000
2018-08-30,10.4,10.4,10.25,10.4,79078
2018-08-31,10.4,10.45,10.15,10.35,147015
2018-09-03,10.35,10.35,10.05,10.2,200022
2018-09-04,10.1,10.3,9.99,10.3,383120
2018-09-05,10.1,10.2,9.98,10.0,125000
2018-09-06,9.9,10.05,9.7,9.74,354050
2018-09-07,9.74,9.85,9.7,9.82,176008
2018-09-10,9.82,9.82,9.0,9.03,300006
2018-09-11,9.01,9.2,9.0,9.1,157555
2018-09-12,9.04,9.09,8.78,9.0,253000
2018-09-13,8.85,9.0,8.84,9.0,107002
2018-09-14,9.1,9.1,8.95,9.05,120000
2018-09-17,9.05,9.38,8.96,9.06,193000
2018-09-18,9.0,9.0,8.7,8.97,181024
2018-09-19,8.77,9.15,8.77,9.1,161049
2018-09-20,9.1,9.2,8.9,8.9,158003
2018-09-21,9.06,9.06,8.9,8.92,166000
2018-09-25,8.99,9.68,8.99,9.5,241411
2018-09-26,9.49,9.65,9.4,9.6,273001
2018-09-27,9.61,9.68,9.33,9.6,229000
2018-09-28,9.51,9.57,9.27,9.34,73000
2018-10-01,9.4,10.2,9.4,9.99,499091
2018-10-02,10.15,10.6,10.15,10.4,479022
2018-10-03,10.2,10.25,9.96,9.96,253020
2018-10-04,9.97,10.0,9.76,10.0,174000
2018-10-05,9.88,9.9,9.4,9.4,144000
2018-10-08,9.01,9.35,8.91,8.97,113000
2018-10-09,9.15,9.27,8.9,8.94,67000
2018-10-11,8.41,8.6,8.05,8.06,345155
2018-10-12,8.06,8.1,7.92,8.0,135029
2018-10-15,8.06,8.25,8.06,8.07,33032
2018-10-16,8.25,8.25,8.07,8.07,12000
2018-10-17,8.08,8.25,8.07,8.07,72000
2018-10-18,8.08,8.19,8.07,8.19,62000
2018-10-19,8.17,8.17,8.0,8.0,58000
2018-10-22,7.87,8.17,7.83,8.13,65000
2018-10-23,8.27,8.27,7.86,8.08,94031
2018-10-24,7.88,8.08,7.87,7.88,75000
2018-10-25,7.88,7.92,7.73,7.74,113000
2018-10-26,7.75,7.9,7.55,7.74,175002
2018-10-29,7.74,7.8,7.33,7.4,106000
2018-10-30,7.47,7.75,7.26,7.3,98001
2018-10-31,7.3,7.5,7.21,7.26,164000
2018-11-01,7.38,7.38,7.15,7.2,137029
2018-11-02,7.45,7.45,7.27,7.4,93019
2018-11-05,7.17,7.4,7.17,7.35,54000
2018-11-06,7.35,7.44,7.35,7.42,48000
2018-11-07,7.5,7.5,7.27,7.33,29000
2018-11-08,7.33,7.5,7.3,7.3,56000
2018-11-09,7.43,7.43,7.26,7.35,38000
2018-11-12,7.45,7.6,7.3,7.57,92000
2018-11-13,7.5,7.94,7.31,7.66,90000
2018-11-14,7.55,7.85,7.55,7.71,81052
2018-11-15,7.99,7.99,7.71,7.75,30006
2018-11-16,7.98,8.0,7.63,7.89,45000
2018-11-19,7.9,7.9,7.65,7.88,40000
2018-11-20,7.7,7.88,7.51,7.7,101119
2018-11-21,7.55,7.69,7.5,7.5,127098
2018-11-22,7.53,7.62,7.52,7.6,37300
2018-11-23,7.6,7.6,7.5,7.57,44221
2018-11-26,7.88,7.88,7.46,7.72,42000
2018-11-27,7.55,7.77,7.55,7.6,43000
2018-11-28,7.5,7.65,7.3,7.59,69062
2018-11-29,7.8,7.8,7.42,7.6,49253
2018-11-30,7.69,7.69,7.56,7.58,54000
2018-12-03,7.58,7.85,7.58,7.73,140026
2018-12-04,7.75,8.5,7.75,8.5,301000
2018-12-05,8.4,9.34,8.2,9.3,736000
2018-12-06,9.3,9.5,8.8,9.01,448000
2018-12-07,8.98,9.34,8.98,9.16,235000
2018-12-10,9.16,9.3,8.55,9.19,99050
2018-12-11,9.18,9.25,9.03,9.2,61000
2018-12-12,9.12,9.2,8.93,8.94,97019
2018-12-13,8.8,9.09,8.8,9.02,74005
2018-12-14,8.81,9.05,8.81,9.0,87064
2018-12-17,8.82,9.15,8.82,9.03,84000
2018-12-18,8.98,9.03,8.89,8.9,102034
2018-12-19,8.85,9.19,8.85,8.85,222062
2018-12-20,8.8,8.8,8.19,8.21,164000
2018-12-21,8.0,8.0,7.61,7.92,305001
2018-12-22,7.89,8.16,7.85,8.16,44289
2018-12-24,7.95,8.23,7.92,8.19,30311
2018-12-25,8.19,8.19,7.72,7.87,48000
2018-12-26,7.88,8.0,7.88,7.89,42000
2018-12-27,8.0,8.11,7.9,8.0,36001
2018-12-28,8.0,8.08,7.9,8.0,18000
2019-01-02,7.86,8.13,7.86,8.11,7202
2019-01-03,8.47,8.47,8.0,8.19,115500
2019-01-04,8.06,8.17,8.06,8.16,15007
2019-01-07,8.31,8.31,8.12,8.12,55000
2019-01-08,8.12,8.4,8.12,8.28,62004
2019-01-09,8.3,8.3,8.0,8.29,56020
2019-01-10,8.14,8.14,7.97,8.0,154010
2019-01-11,8.22,8.22,7.94,7.97,68027
2019-01-14,7.8,8.1,7.8,7.93,51015
2019-01-15,7.96,8.0,7.89,8.0,28055
2019-01-16,8.01,8.04,7.94,7.96,41013
2019-01-17,7.92,8.1,7.92,8.05,44026
2019-01-18,8.15,8.75,8.04,8.48,221023
2019-01-21,8.48,8.48,8.27,8.35,34013
2019-01-22,8.3,8.3,8.14,8.15,66011
2019-01-23,8.32,8.34,8.16,8.2,59061
2019-01-24,8.0,8.18,8.0,8.02,135014
2019-01-25,8.17,8.2,8.05,8.15,22007
2019-01-28,8.24,8.24,8.1,8.15,44036
2019-01-29,8.35,8.35,8.02,8.03,21039
2019-01-30,8.39,8.39,7.98,8.0,77016
2019-02-11,8.0,8.14,8.0,8.08,30032
2019-02-12,8.08,8.2,8.0,8.15,75045
2019-02-13,8.0,8.11,7.89,8.1,191843
2019-02-14,8.1,8.15,7.93,8.07,61099
2019-02-15,8.1,8.1,7.97,8.0,83059
2019-02-18,8.15,8.15,7.91,8.07,40092
2019-02-19,8.0,8.19,7.97,8.09,166570
2019-02-20,8.14,8.14,7.99,8.0,34052
2019-02-21,8.0,8.1,8.0,8.09,18057
2019-02-22,8.14,8.34,8.07,8.3,226228
2019-02-25,8.4,9.1,8.35,8.7,490792
2019-02-26,8.64,8.65,8.37,8.55,186028
2019-02-27,8.55,8.55,8.32,8.47,125508
2019-03-04,8.46,9.0,8.32,9.0,365157
2019-03-05,9.0,9.0,8.76,8.97,150608
2019-03-06,8.92,8.92,8.77,8.85,82086
2019-03-07,8.99,9.0,8.72,8.72,89131
2019-03-08,8.7,8.7,8.34,8.68,148110
2019-03-11,8.53,8.86,8.5,8.68,98047
2019-03-12,8.7,8.74,8.54,8.61,172031
2019-03-13,8.51,8.52,8.5,8.52,85045
2019-03-14,8.55,8.7,8.49,8.62,72100
2019-03-15,8.55,8.6,8.45,8.51,33276
2019-03-18,8.34,8.5,8.34,8.4,43061
2019-03-19,8.34,8.83,8.34,8.5,32070
2019-03-20,8.42,8.6,8.38,8.57,69307
2019-03-21,8.5,8.55,8.42,8.55,30019
2019-03-22,8.5,8.55,8.45,8.55,56454
2019-03-25,8.55,8.58,8.3,8.35,50355
2019-03-26,8.35,8.54,8.35,8.52,9020
2019-03-27,8.42,8.52,8.27,8.48,22334
2019-03-28,8.3,8.32,8.05,8.08,165023
2019-03-29,8.08,8.4,8.08,8.4,131283
2019-04-01,8.4,8.4,8.21,8.34,31054
2019-04-02,8.17,8.28,8.17,8.28,62018
2019-04-03,8.02,8.2,8.02,8.1,80045
2019-04-08,8.1,8.2,8.0,8.2,66008
2019-04-09,8.02,8.19,8.02,8.18,13010
2019-04-10,8.2,8.2,8.06,8.19,51030
2019-04-11,8.2,8.2,7.9,8.12,113012
2019-04-12,8.05,8.07,7.9,7.95,137011
2019-04-15,7.95,8.42,7.95,8.3,161041
2019-04-16,8.22,8.23,8.07,8.1,114029
2019-04-17,8.15,8.27,8.12,8.18,92126
2019-04-18,8.13,8.22,8.12,8.2,41013
2019-04-19,8.24,8.3,8.12,8.26,71096
2019-04-22,8.25,8.34,8.16,8.28,78076
2019-04-23,8.2,8.3,8.05,8.3,91038
2019-04-24,8.3,8.43,8.24,8.3,84124
2019-04-25,8.3,8.42,8.03,8.36,95665
2019-04-26,8.36,8.36,8.15,8.22,40807
2019-04-29,8.2,8.2,7.98,8.03,134312
2019-04-30,8.05,8.05,7.82,8.01,62002
2019-05-02,8.0,8.15,8.0,8.08,24001
2019-05-03,8.03,8.08,7.92,8.08,27001
2019-05-06,8.05,8.05,7.95,8.01,54772
2019-05-07,8.25,8.25,8.0,8.15,47055
2019-05-08,7.66,8.1,7.66,8.09,33017
2019-05-09,8.0,8.0,7.82,7.99,80013
2019-05-10,7.99,8.0,7.85,7.97,46001
2019-05-13,8.0,8.0,7.8,7.98,32009
2019-05-14,7.96,8.0,7.7,7.83,96015
2019-05-15,7.85,8.08,7.85,7.99,46001
2019-05-16,7.95,8.0,7.65,7.9,53008
2019-05-17,7.78,7.97,7.78,7.94,24626
2019-05-20,7.9,7.94,7.71,7.91,56052
2019-05-21,7.91,7.94,7.86,7.94,44001
2019-05-22,7.89,7.94,7.8,7.92,35012
2019-05-23,7.6,7.92,7.6,7.9,66688
2019-05-24,7.8,7.92,7.8,7.92,13004
2019-05-27,8.0,8.15,7.84,7.84,115000
2019-05-28,7.96,8.15,7.84,8.0,139995
2019-05-29,7.96,8.0,7.95,7.99,21030
2019-05-30,8.0,8.1,7.78,7.87,52087
2019-05-31,7.81,8.01,7.81,7.98,45002
2019-06-03,7.98,8.0,7.83,8.0,38006
2019-06-04,7.98,8.05,7.9,8.04,92412
2019-06-05,8.08,8.08,7.98,8.05,56417
2019-06-06,8.1,8.1,7.85,8.03,33003
2019-06-10,8.0,8.03,7.91,8.03,29014
2019-06-11,8.0,8.01,7.92,8.01,50274
2019-06-12,8.03,8.03,7.93,8.0,29664
2019-06-13,7.93,8.0,7.92,7.99,21200
2019-06-14,7.93,7.98,7.87,7.89,141551
2019-06-17,7.9,7.95,7.9,7.94,16002
2019-06-18,7.9,8.5,7.8,7.95,153007
2019-06-19,7.96,8.15,7.95,7.95,45000
2019-06-20,7.88,7.95,7.88,7.9,26003
2019-06-21,7.9,7.95,7.9,7.9,15029
2019-06-24,7.97,7.98,7.96,7.98,15012
2019-06-25,8.12,8.12,7.9,8.07,22009
2019-06-26,8.1,8.1,7.93,8.07,16002
2019-06-27,7.96,8.0,7.96,7.96,32003
2019-06-28,7.81,7.98,7.81,7.98,10229
2019-07-01,7.92,7.98,7.83,7.83,48002
2019-07-02,7.88,7.88,7.83,7.83,19542
2019-07-03,7.83,7.87,7.64,7.87,85006
2019-07-04,7.95,7.95,7.82,7.87,29006
2019-07-05,7.8,8.0,7.8,7.88,58001
2019-07-08,7.77,7.89,7.62,7.73,137004
2019-07-09,7.74,7.93,7.69,7.84,47003
2019-07-10,7.7,7.81,7.7,7.73,33002
2019-07-11,7.7,7.89,7.65,7.71,41000
2019-07-12,7.71,7.71,7.71,7.71,5000
2019-07-15,7.9,8.0,7.73,7.97,103011
2019-07-16,7.87,7.87,7.76,7.81,71011
2019-07-17,7.81,7.94,7.8,7.92,69129
2019-07-18,7.86,7.92,7.8,7.8,45002
2019-07-19,7.8,7.91,7.8,7.83,51002
2019-07-22,7.9,7.9,7.81,7.81,72024
2019-07-23,7.88,7.88,7.62,7.81,58014
2019-07-24,7.72,7.79,7.65,7.79,64535
2019-07-25,7.8,7.8,7.5,7.73,202005
2019-07-26,7.72,7.74,7.57,7.74,146433
2019-07-29,7.74,7.8,7.74,7.79,101002
2019-07-30,7.66,7.83,7.66,7.82,104000
2019-07-31,7.71,7.82,7.71,7.81,23004
2019-08-01,7.83,7.85,7.75,7.75,69288
2019-08-02,7.88,8.52,7.81,8.52,1212366
2019-08-05,8.63,9.37,8.5,9.37,1688022
2019-08-06,9.0,10.3,8.77,9.88,1718348
2019-08-07,9.88,10.8,9.88,10.6,1247800
2019-08-08,10.25,10.45,9.66,9.93,1148312
2019-08-12,9.96,10.55,9.66,10.55,1163815
2019-08-13,10.55,10.75,10.1,10.6,726356
2019-08-14,10.4,11.65,10.35,11.4,1784440
2019-08-15,10.9,11.8,10.6,11.25,727136
2019-08-16,11.4,11.4,10.4,10.5,822436
2019-08-19,10.0,10.35,9.86,9.86,938017
2019-08-20,9.99,9.99,9.66,9.72,574000
2019-08-21,9.7,10.1,9.66,10.1,369003
2019-08-22,10.1,10.1,9.68,9.79,307001
2019-08-23,9.76,9.99,9.66,9.91,325021
2019-08-26,10.0,10.0,9.71,9.93,159024
2019-08-27,9.73,10.05,9.73,9.8,140016
2019-08-28,9.8,9.8,9.7,9.75,171002
2019-08-29,9.8,9.9,9.74,9.9,83092
2019-08-30,10.0,10.0,9.69,9.72,274003
2019-09-02,9.7,9.8,9.5,9.7,193581
2019-09-03,9.7,9.92,9.7,9.78,128007
2019-09-04,10.0,10.0,9.73,9.82,199051
2019-09-05,9.9,10.2,9.82,9.97,393483
2019-09-06,9.98,10.0,9.89,9.9,81666
2019-09-09,9.91,9.93,9.9,9.91,198003
2019-09-10,10.15,10.15,9.93,9.93,116993
2019-09-11,9.96,9.99,9.72,9.72,231360
2019-09-12,9.72,9.79,9.7,9.79,91007
2019-09-16,9.81,9.81,9.7,9.71,71230
2019-09-17,9.71,9.98,9.71,9.86,84614
2019-09-18,9.86,10.8,9.86,10.8,1111275
2019-09-19,11.7,11.85,11.35,11.85,2727210
2019-09-20,11.85,12.6,11.6,12.0,2324556
2019-09-23,12.05,12.05,11.05,11.2,1416105
2019-09-24,11.0,12.0,10.95,11.3,689054
2019-09-25,11.15,11.75,11.0,11.4,507006
2019-09-26,11.4,11.65,11.2,11.3,251000
2019-09-27,11.7,11.7,11.15,11.2,266173
2019-10-01,11.2,11.2,10.55,10.7,393024
2019-10-02,10.7,11.0,10.5,10.55,214522
2019-10-03,10.55,11.0,10.55,10.75,153930
2019-10-04,10.8,10.8,10.4,10.7,194936
2019-10-07,10.8,11.1,10.75,10.8,196909
2019-10-08,10.55,11.05,10.55,10.85,155909
2019-10-09,10.9,11.0,10.8,10.85,126909
2019-10-14,10.85,11.3,10.85,11.3,299908
2019-10-15,11.4,11.7,11.4,11.4,448777
2019-10-16,11.5,11.5,11.2,11.2,184003
2019-10-17,11.2,11.5,11.1,11.3,137241
2019-10-18,11.3,11.55,11.3,11.3,149001
2019-10-21,11.3,11.3,10.9,10.9,230011
2019-10-22,10.9,11.05,10.8,10.9,134101
2019-10-23,10.85,11.2,10.85,10.9,90001
2019-10-24,10.9,10.9,10.75,10.75,139000
2019-10-25,10.75,10.8,10.6,10.65,123002
2019-10-28,10.7,10.9,10.65,10.85,88613
2019-10-29,11.1,11.25,10.9,11.05,156139
2019-10-30,11.05,11.3,11.0,11.05,142131
2019-10-31,11.1,11.25,11.0,11.05,98125
2019-11-01,11.2,12.15,11.2,12.15,1121009
2019-11-04,12.5,12.8,11.7,12.35,1109142
2019-11-05,12.25,12.25,11.95,12.05,381200
2019-11-06,11.9,12.4,11.9,12.05,331001
2019-11-07,12.0,12.0,11.6,11.7,231199
2019-11-08,11.7,11.8,11.5,11.55,103000
2019-11-11,11.5,11.5,11.1,11.4,177052
2019-11-12,11.6,11.8,11.5,11.5,92001
2019-11-13,11.5,11.55,11.3,11.3,74000
2019-11-14,11.4,11.95,11.35,11.75,375355
2019-11-15,11.85,12.3,11.8,12.15,527050
2019-11-18,12.3,12.4,11.9,12.15,398493
2019-11-19,12.15,12.65,12.0,12.45,839000
2019-11-20,12.45,13.6,12.45,13.6,1212562
2019-11-21,14.2,14.9,13.7,14.85,1837428
2019-11-22,14.9,15.75,14.8,14.85,1777376
2019-11-25,14.85,15.15,14.45,14.7,895300
2019-11-26,15.0,15.0,14.55,14.6,533122
2019-11-27,14.45,15.3,14.35,15.25,662101
2019-11-28,15.45,15.7,15.15,15.25,720183
2019-11-29,15.2,15.85,15.2,15.65,915314
2019-12-02,15.65,17.2,15.65,17.2,1716365
2019-12-03,17.3,17.4,16.4,17.0,1148368
2019-12-04,17.0,18.2,16.55,17.85,924043
2019-12-05,17.8,18.65,17.7,18.5,1101469
2019-12-06,18.5,18.9,17.7,18.25,1161524
2019-12-09,18.6,20.0,18.15,19.1,1078125
2019-12-10,19.0,19.7,18.7,19.5,407059
2019-12-11,19.5,20.9,19.5,20.2,905756
2019-12-12,20.7,20.75,18.6,18.8,1371196
2019-12-13,18.45,19.3,17.1,17.55,1534177
2019-12-16,17.6,18.85,17.6,18.75,834883
2019-12-17,18.7,19.2,18.65,19.1,511344
2019-12-18,18.95,19.55,18.85,18.85,320772
2019-12-19,18.85,18.9,18.0,18.0,401003
2019-12-20,18.0,18.25,17.5,17.55,402015
2019-12-23,17.55,17.9,15.85,16.3,1140707
2019-12-24,16.35,17.15,16.35,16.8,522337
2019-12-25,16.8,18.25,16.8,18.1,578270
2019-12-26,18.2,18.6,17.6,17.7,632579
2019-12-27,17.8,17.8,17.45,17.65,308101
2019-12-30,17.3,18.25,17.2,18.2,275036
2019-12-31,18.05,18.3,17.85,18.0,249001
2020-01-02,18.1,18.4,17.9,17.9,239254
2020-01-03,17.9,18.2,17.65,17.9,234353
2020-01-06,18.0,18.4,17.55,18.1,322001
2020-01-07,18.15,19.0,18.15,18.45,580180
2020-01-08,18.5,18.7,18.15,18.2,217012
2020-01-09,18.2,18.55,18.1,18.3,207013
2020-01-10,18.4,18.5,17.5,18.2,299329
2020-01-13,18.2,18.4,17.8,17.95,175314
2020-01-14,17.8,18.15,17.8,17.95,95011
2020-01-15,17.85,19.15,17.85,18.8,409276
2020-01-16,18.85,19.3,18.85,18.9,382463
2020-01-17,18.95,20.75,18.95,20.75,2476243
2020-01-20,20.75,21.35,20.15,20.55,1822039
2020-01-30,19.7,19.7,18.5,19.0,1190171
2020-01-31,19.0,20.0,18.75,19.75,418006
2020-02-03,19.05,19.25,18.4,18.7,638089
2020-02-04,18.7,19.3,18.7,19.3,371000
2020-02-05,19.4,20.2,19.05,19.9,350038
2020-02-06,20.15,20.6,19.65,20.3,576022
2020-02-07,20.15,20.45,19.65,19.65,618019
2020-02-10,19.2,20.1,19.2,20.0,374045
2020-02-11,20.0,21.25,20.0,21.0,828014
2020-02-12,21.35,23.1,21.35,23.1,1846744
2020-02-13,24.4,24.45,21.5,22.2,1753668
2020-02-14,22.1,22.6,21.7,22.05,413111
2020-02-17,21.85,22.4,21.7,22.0,326072
2020-02-18,22.0,23.95,22.0,23.5,967222
2020-02-19,24.0,24.7,22.7,24.5,1056547
2020-02-20,24.9,24.9,23.5,24.1,946029
2020-02-21,24.1,24.3,23.4,23.8,546000
2020-02-24,23.05,23.75,22.95,23.15,471116
2020-02-25,22.65,23.0,22.25,22.7,480600
2020-02-26,22.4,23.95,22.4,23.25,413039
2020-02-27,23.1,23.65,22.3,22.5,765120
2020-03-02,21.2,22.8,21.2,22.6,397578
2020-03-03,23.3,23.5,22.6,23.0,383328
2020-03-04,22.9,23.65,22.75,23.3,392000
2020-03-05,23.3,24.0,23.3,23.3,439068
2020-03-06,23.05,23.55,23.05,23.35,286026
2020-03-09,23.5,23.5,21.25,21.3,1025112
2020-03-10,20.2,21.6,20.2,21.0,450030
2020-03-11,21.3,21.6,20.8,20.8,354102
2020-03-12,20.9,20.9,18.8,19.25,714018
2020-03-13,18.3,18.3,17.35,17.6,771197
2020-03-16,17.6,18.25,17.5,17.7,512238
2020-03-17,16.95,18.0,16.4,16.9,493213
2020-03-18,17.0,17.7,15.6,15.6,533199
2020-03-19,14.9,14.9,14.05,14.05,894448
2020-03-20,14.05,15.45,14.05,15.15,435036
2020-03-23,14.9,15.3,14.15,15.3,210024
2020-03-24,15.4,16.8,15.4,16.6,207036
2020-03-25,17.05,18.25,17.05,18.25,448017
2020-03-26,18.8,19.6,18.1,19.6,469029
2020-03-27,20.05,20.35,18.8,19.05,467033
2020-03-30,17.6,19.6,17.6,19.6,243016
2020-03-31,19.6,19.9,19.1,19.1,293003
2020-04-01,19.15,19.45,18.9,19.25,107648
2020-04-06,19.35,19.45,18.9,19.1,277363
2020-04-07,19.3,20.0,19.25,19.25,292154
2020-04-08,19.4,19.4,18.85,19.1,236228
2020-04-09,19.45,19.5,19.0,19.0,217000
2020-04-10,19.15,19.6,19.1,19.45,151000
2020-04-13,19.2,19.7,19.2,19.65,181000
2020-04-14,19.95,21.05,19.8,20.8,487685
2020-04-15,20.7,21.4,20.6,20.85,222102
2020-04-16,20.75,22.35,20.6,21.95,291002
2020-04-17,22.25,23.35,22.0,22.8,530012
2020-04-20,23.0,23.0,22.5,22.8,131001
2020-04-21,22.55,22.95,22.1,22.15,300091
2020-04-22,21.7,22.65,21.5,22.6,186004
2020-04-23,22.6,23.0,22.6,22.6,230027
2020-04-24,22.6,22.85,22.6,22.6,116003
2020-04-27,22.6,23.8,22.6,23.45,359191
2020-04-28,23.4,23.9,23.4,23.75,391458
2020-04-29,23.7,25.5,23.7,25.5,2195083
2020-04-30,25.55,26.5,25.55,26.5,1838885
2020-05-04,25.8,28.4,25.8,27.95,1686961
2020-05-05,28.3,30.7,28.1,30.7,1541886
2020-05-06,30.95,32.2,27.65,28.8,2491965
2020-05-07,28.45,28.5,26.45,27.4,978004
2020-05-08,27.2,28.05,26.75,27.5,776629
2020-05-11,27.05,28.15,26.8,28.05,505014
2020-05-12,28.1,28.1,26.9,26.95,994011
2020-05-13,26.8,27.4,25.9,26.35,406121
2020-05-14,26.5,27.3,26.5,26.6,308288
2020-05-15,26.7,27.2,26.25,26.95,153335
2020-05-18,27.3,27.5,26.7,26.95,142001
2020-05-19,27.2,27.45,25.95,26.0,997011
2020-05-20,26.05,28.6,26.05,28.6,1200693
2020-05-21,31.45,31.45,30.4,31.45,1163779
2020-05-22,32.6,32.8,29.6,29.85,2458091
2020-05-25,30.6,30.75,28.5,29.35,874012
2020-05-26,29.55,30.3,29.35,29.6,414010
2020-05-27,30.0,32.55,29.6,32.5,1810358
2020-05-28,31.5,32.0,30.1,30.25,1564112
2020-05-29,29.9,31.4,29.9,31.0,518001
2020-06-01,31.3,32.35,31.3,31.3,446573
2020-06-02,32.0,32.0,31.3,31.4,261522
2020-06-03,31.55,32.5,31.45,31.55,445085
2020-06-04,31.6,32.0,31.55,31.9,286001
2020-06-05,32.0,32.0,30.5,30.9,541152
2020-06-08,30.9,31.35,30.4,30.9,261002
2020-06-09,31.5,32.5,31.0,31.9,364698
2020-06-10,32.45,32.45,31.15,31.4,282762
2020-06-11,31.4,31.4,30.75,30.85,193000
2020-06-12,30.1,32.0,29.5,31.9,610870
2020-06-15,31.9,31.9,30.8,30.9,209091
2020-06-16,30.85,31.6,30.85,31.0,173217
2020-06-17,31.0,31.6,30.85,30.95,160001
2020-06-18,30.95,31.15,30.35,30.85,336001
2020-06-19,30.8,31.65,30.8,31.1,302640
2020-06-22,30.9,32.0,30.9,31.6,372036
2020-06-23,32.0,32.3,31.5,31.65,349030
2020-06-24,31.35,31.45,30.7,30.9,362852
2020-06-29,31.0,31.25,30.7,31.2,202137
2020-06-30,32.9,33.0,31.6,31.9,924237
2020-07-01,31.6,32.1,31.5,31.65,211000
2020-07-02,31.6,31.7,30.55,30.8,594640
2020-07-03,30.8,32.0,30.8,31.7,372337
2020-07-06,31.35,32.0,31.3,31.9,392436
2020-07-07,32.3,32.5,31.7,32.0,288002
2020-07-08,32.0,32.45,31.6,32.45,351144
2020-07-09,32.45,35.0,32.45,34.9,1186561
2020-07-10,34.9,35.2,33.2,33.8,689302
2020-07-13,34.0,34.2,32.5,33.2,389522
2020-07-14,33.2,33.65,33.0,33.15,217029
2020-07-15,33.15,34.9,33.15,33.5,284024
2020-07-16,33.6,34.0,33.6,34.0,144100
2020-07-17,34.5,34.5,32.9,32.95,222333
2020-07-20,32.95,34.3,32.2,34.15,318108
2020-07-21,34.15,34.6,33.75,34.15,153041
2020-07-22,34.15,34.3,33.5,33.6,142143
2020-07-23,34.3,34.3,33.4,33.5,156010
2020-07-24,33.5,33.6,32.7,32.8,262001
2020-07-27,32.8,33.4,32.6,33.0,644454
2020-07-28,33.2,34.1,32.9,33.7,726133
2020-07-29,33.7,34.1,32.8,33.45,682280
2020-07-30,33.45,34.0,33.45,34.0,214075
2020-07-31,34.3,35.7,33.55,35.0,1241464
2020-08-03,35.0,37.5,34.85,37.5,882003
2020-08-04,37.8,38.65,37.1,38.05,863069
2020-08-05,38.05,40.6,38.05,39.1,1698078
2020-08-06,39.5,40.9,39.5,40.45,841228
2020-08-07,41.0,41.0,39.65,40.1,612284
2020-08-10,40.1,41.1,40.0,40.2,550660
2020-08-11,40.95,41.2,40.1,40.5,615176
2020-08-12,40.9,41.5,39.45,41.5,2357575
2020-08-13,42.1,45.65,41.8,45.65,2446751
2020-08-14,46.5,50.2,46.0,47.7,4806420
2020-08-17,47.5,48.2,43.1,45.5,2333735
2020-08-18,45.1,45.65,43.6,43.7,901204
2020-08-19,44.0,45.0,43.2,44.0,617397
2020-08-20,43.95,43.95,40.65,42.6,838319
2020-08-21,42.6,43.55,42.5,42.85,366100
2020-08-24,43.6,46.5,42.85,46.15,796700
2020-08-25,46.9,47.0,44.6,45.2,565235
2020-08-26,44.5,45.45,44.25,44.9,251201
2020-08-27,45.0,45.0,43.95,44.8,279690
2020-08-28,45.0,45.0,43.5,44.05,273683
2020-08-31,43.5,47.15,43.5,46.1,850155
2020-09-01,46.8,47.5,45.9,46.35,518135
2020-09-02,46.5,46.7,46.0,46.35,310973
2020-09-03,47.0,49.6,46.35,48.25,637433
2020-09-04,46.7,48.8,45.9,48.6,521846
2020-09-07,48.6,49.8,48.3,49.3,590451
2020-09-08,49.35,53.0,49.35,53.0,1829457
2020-09-09,52.1,56.8,51.6,56.8,1357108
2020-09-10,58.1,59.1,55.0,56.0,1645233
2020-09-11,56.0,59.2,54.7,58.1,1953793
2020-09-14,59.4,62.1,57.5,62.1,2078928
2020-09-15,62.2,63.6,60.2,61.2,2037116
2020-09-16,61.7,63.0,58.9,60.2,1044661
2020-09-17,60.3,63.0,60.3,62.5,703203
2020-09-18,63.3,68.7,63.0,68.7,2987514
2020-09-21,68.6,70.5,65.8,69.5,1620256
2020-09-22,69.5,71.0,66.5,69.2,1126672
2020-09-23,68.9,70.6,67.7,68.0,991700
2020-09-24,67.5,69.0,66.8,68.0,1180210
2020-09-25,67.5,71.1,67.0,70.0,1423400
2020-09-28,70.0,72.5,69.9,70.9,899326
2020-09-29,71.7,71.7,70.5,71.0,692386
2020-09-30,71.5,71.6,70.5,71.1,437101
2020-10-05,72.0,78.2,71.5,78.2,1703547
2020-10-06,77.5,81.9,76.8,79.5,1567329
2020-10-07,78.2,81.3,77.8,78.5,1205510
2020-10-08,79.0,81.0,78.1,81.0,848392
2020-10-12,83.5,84.9,80.0,82.9,1327869
2020-10-13,83.8,89.8,83.1,89.5,1610608
2020-10-14,90.0,91.2,80.6,80.6,3611813
2020-10-15,76.8,76.9,72.6,72.6,810714
2020-10-16,72.6,75.3,65.7,71.7,2685810
2020-10-19,69.9,74.9,69.6,72.0,838100
2020-10-20,72.2,73.5,72.0,72.6,469178
2020-10-21,73.0,77.0,72.3,76.9,739846
2020-10-22,77.3,79.9,77.1,78.8,1072033
2020-10-23,79.8,79.9,72.0,73.7,1501051
2020-10-26,72.0,74.1,66.6,67.1,1407923
2020-10-27,67.0,70.5,63.7,70.5,1431791
2020-10-28,69.0,70.9,66.5,67.0,774413
2020-10-29,65.7,67.7,64.1,66.1,486401
2020-10-30,65.9,65.9,61.0,61.5,1303552
2020-11-02,55.9,59.0,55.4,56.1,2204382
2020-11-03,56.0,57.5,55.0,55.9,1046240
2020-11-04,57.1,57.1,51.0,51.9,1318860
2020-11-05,52.0,55.6,51.9,54.7,1654594
2020-11-06,54.7,55.3,51.1,51.5,1578328
2020-11-09,52.0,56.6,52.0,56.6,1209603
2020-11-10,57.5,59.5,55.0,55.7,2576842
2020-11-11,55.5,61.0,55.5,60.9,2011074
2020-11-12,62.2,64.5,61.9,64.2,2626714
2020-11-13,63.8,65.5,62.9,64.2,1821434
2020-11-16,64.2,64.2,57.8,59.7,4331140
2020-11-17,60.0,60.2,55.0,55.3,2527233
2020-11-18,56.3,58.6,53.1,58.4,2508539
2020-11-19,59.2,61.0,57.3,57.5,2058750
2020-11-20,57.6,57.6,55.4,55.8,1279305
2020-11-23,56.4,56.7,54.4,54.5,1259049
2020-11-24,55.0,55.3,54.1,54.5,976146
2020-11-25,55.4,58.3,54.6,56.4,1452183
2020-11-26,56.8,56.8,55.5,56.2,643276
2020-11-27,56.4,58.9,54.5,58.7,1648229
2020-11-30,61.0,61.2,59.3,61.0,2693736
2020-12-01,61.5,62.8,59.3,62.1,2591544
2020-12-02,62.0,63.0,61.5,61.8,1317955
2020-12-03,61.8,62.0,58.5,58.8,1791465
2020-12-04,58.1,59.5,56.2,56.8,1438770
2020-12-07,57.3,58.8,54.5,56.2,1792760
2020-12-08,55.8,57.7,55.2,57.7,1250621
2020-12-09,58.1,58.2,56.6,56.6,635489
2020-12-10,56.5,56.9,55.1,55.3,939716
2020-12-11,56.0,56.3,54.8,54.8,825103
2020-12-14,55.6,56.8,54.9,55.0,868678
2020-12-15,55.7,55.7,52.6,52.6,1260442
2020-12-16,53.0,53.9,50.4,51.0,1786847
2020-12-17,51.9,51.9,48.0,49.7,2841500
2020-12-18,49.65,50.3,48.15,48.2,1517355
2020-12-21,47.25,48.1,44.05,44.8,2657494
2020-12-22,45.45,49.25,45.25,49.25,3043929
2020-12-23,48.8,48.8,45.7,46.55,1687165
2020-12-24,46.2,48.0,44.8,45.3,1295226
2020-12-25,45.0,45.8,43.8,44.0,1206941
2020-12-28,44.5,44.5,41.5,43.5,2312417
2020-12-29,43.5,44.0,40.25,41.4,2241094
2020-12-30,41.05,43.6,41.05,43.5,1286175
2020-12-31,43.05,43.5,41.05,41.35,1588467
2021-01-04,41.05,43.0,39.2,42.0,2305146
2021-01-05,41.2,42.7,41.05,41.3,792626
2021-01-06,41.5,41.6,39.55,39.55,1169025
2021-01-07,39.6,39.8,38.55,39.4,1187951
2021-01-08,40.35,41.55,39.8,41.1,840085
2021-01-11,41.2,41.2,39.4,40.2,598437
2021-01-12,42.2,42.5,39.75,39.8,1164337
2021-01-13,40.1,41.85,40.1,40.5,761468
2021-01-14,40.7,40.7,39.5,39.8,485010
2021-01-15,40.15,41.2,39.0,39.05,833401
2021-01-18,39.4,41.0,37.3,40.3,611277
2021-01-19,40.3,41.0,39.55,39.85,536162
2021-01-20,39.8,40.0,38.0,38.1,658679
2021-01-21,38.4,39.15,37.45,37.45,549929
2021-01-22,37.45,39.8,37.35,39.7,738836
2021-01-25,40.0,42.2,39.5,41.3,1421885
2021-01-26,41.1,41.25,39.85,39.85,658155
2021-01-27,39.6,40.1,39.2,39.2,383469
2021-01-28,38.7,39.35,38.05,38.4,515012
2021-01-29,38.5,39.65,38.5,38.6,365676
2021-02-01,38.9,38.95,38.2,38.5,271311
2021-02-02,38.5,39.5,38.5,38.75,227271
2021-02-03,38.75,39.45,38.7,38.8,223765
2021-02-04,38.6,40.2,38.6,39.7,294108
2021-02-05,40.65,40.65,39.5,40.1,610321
2021-02-17,40.05,41.1,39.8,40.95,831557
2021-02-18,40.4,40.95,39.5,40.55,532065
2021-02-19,40.85,44.6,40.6,44.6,1653330
2021-02-22,45.8,49.05,45.6,49.05,2493970
2021-02-23,51.0,53.2,49.0,49.05,4371400
2021-02-24,49.0,49.0,46.05,46.15,1879632
2021-02-25,46.2,47.95,45.0,45.05,1262130
2021-02-26,44.5,44.65,43.0,43.0,1084589
2021-03-02,43.2,44.0,42.0,42.25,963531
2021-03-03,42.3,43.5,41.8,42.5,696871
2021-03-04,42.55,44.8,42.1,44.25,859806
2021-03-05,43.8,44.1,42.85,43.85,386331
2021-03-08,44.3,44.3,42.1,42.15,752594
2021-03-09,42.15,43.75,40.8,43.5,574307
2021-03-10,43.6,44.25,43.6,43.8,422220
2021-03-11,44.5,48.15,44.0,48.15,2401641
2021-03-12,47.9,49.7,46.75,47.35,1717640
2021-03-15,47.3,47.55,46.4,46.8,552042
2021-03-16,47.8,49.75,47.4,48.35,848642
2021-03-17,48.7,48.85,47.95,48.1,671688
2021-03-18,48.2,49.2,48.0,48.0,719904
2021-03-19,47.5,48.0,46.5,46.85,568441
2021-03-22,47.1,47.7,46.65,46.65,549107
2021-03-23,47.85,47.85,45.5,45.5,474787
2021-03-24,45.4,46.0,45.0,45.55,355194
2021-03-25,46.0,46.2,45.3,45.6,350811
2021-03-26,46.2,48.9,46.0,48.2,1006374
2021-03-29,49.05,49.25,47.5,47.8,653966
2021-03-30,46.75,46.9,45.2,45.75,1346523
2021-03-31,45.75,45.75,44.8,45.05,713459
2021-04-01,45.55,45.55,44.3,44.8,734569
2021-04-06,45.8,48.0,45.8,47.25,1189518
2021-04-07,47.85,48.15,45.6,46.5,778013
2021-04-08,46.8,46.8,45.5,45.7,585452
2021-04-09,45.7,45.7,44.7,44.8,754934
2021-04-12,46.75,47.35,45.25,45.8,946861
2021-04-13,46.5,46.55,44.1,44.1,631756
2021-04-14,44.2,44.75,40.8,43.3,678778
2021-04-15,43.0,44.7,42.6,44.1,348491
2021-04-16,44.1,45.25,44.05,44.15,390049
2021-04-19,44.55,44.55,43.0,43.2,546714
2021-04-20,43.2,43.2,41.3,41.6,1317710
2021-04-21,41.6,42.1,40.95,41.4,740245
2021-04-22,41.4,41.5,39.45,40.0,1586537
2021-04-23,39.55,40.8,39.0,40.0,627601
2021-04-26,40.7,40.8,39.85,40.0,439801
2021-04-27,40.45,42.0,39.85,41.2,748026
2021-04-28,41.5,41.5,40.15,40.15,426564
2021-04-29,40.15,40.4,39.75,39.9,360871
2021-05-03,40.0,40.05,38.75,38.9,691143
2021-05-04,38.9,39.6,36.3,36.85,843444
2021-05-05,37.4,38.8,36.55,37.7,510657
2021-05-06,38.2,38.25,37.3,37.5,338378
2021-05-07,36.95,38.85,36.95,38.3,376209
2021-05-10,38.9,39.05,37.7,37.7,340395
2021-05-11,37.05,37.1,34.4,34.95,1150313
2021-05-12,34.9,34.95,31.5,31.5,1582290
2021-05-13,30.0,33.95,29.0,32.6,710079
2021-05-14,32.6,33.45,30.65,30.95,496777
2021-05-17,28.1,31.5,27.95,28.65,685333
2021-05-18,28.7,31.5,28.7,31.3,610648
2021-05-19,31.3,32.8,31.25,32.0,319115
2021-05-20,31.95,32.2,30.75,30.85,273007
2021-05-21,30.85,31.9,30.65,31.45,188110
2021-05-24,31.4,32.8,31.0,32.6,345115
2021-05-25,33.0,34.0,32.7,33.1,328764
2021-05-26,33.1,33.7,32.05,32.05,447107
2021-05-27,32.0,32.3,31.7,31.85,241012
2021-05-28,32.0,32.2,31.75,31.8,287054
2021-05-31,31.9,32.1,31.2,31.45,317530
2021-06-01,31.4,32.05,31.15,31.55,351010
2021-06-02,31.55,31.55,30.4,30.4,400489
2021-06-03,30.5,31.35,30.5,30.95,194117
2021-06-04,31.0,31.2,30.1,30.4,178903
2021-06-07,31.2,31.2,29.5,30.1,288107
2021-06-08,30.1,30.45,29.95,30.0,145499
2021-06-09,30.1,33.0,30.1,33.0,1803643
2021-06-10,33.7,36.3,33.2,36.3,3696961
2021-06-11,38.65,39.5,37.3,38.4,5371786
2021-06-15,38.3,39.5,36.55,37.65,2141344
2021-06-16,37.5,37.65,35.8,35.9,1104124
2021-06-17,36.1,36.6,35.1,35.6,633621
2021-06-18,35.9,35.9,34.6,34.75,578480
2021-06-21,34.55,38.2,34.5,38.2,1421634
2021-06-22,39.0,41.5,39.0,39.6,4297922
2021-06-23,39.5,41.0,38.5,38.9,1417574
2021-06-24,40.1,40.45,38.75,39.3,922056
2021-06-25,39.9,40.1,39.1,39.4,876634
2021-06-28,39.7,39.7,38.2,38.3,645844
2021-06-29,38.3,39.6,37.0,37.0,688637
2021-06-30,37.65,37.65,36.5,37.0,505477
2021-07-01,37.0,38.5,36.45,36.5,634585
2021-07-02,36.6,37.15,36.55,36.9,263572
2021-07-05,36.95,39.7,36.95,39.0,1053511
2021-07-06,39.05,40.2,38.3,38.65,542553
2021-07-07,38.7,39.8,38.0,38.25,618877
2021-07-08,39.15,39.9,37.6,38.95,540663
2021-07-09,38.3,39.8,38.3,38.9,637008
2021-07-12,38.95,40.6,38.75,39.0,892217
2021-07-13,40.5,40.5,37.0,37.25,1158138
2021-07-14,37.5,38.0,36.05,36.45,559699
2021-07-15,36.7,37.8,36.5,37.05,372416
2021-07-16,37.05,37.6,36.65,36.8,223227
2021-07-19,36.85,37.1,36.1,36.8,269875
2021-07-20,36.8,36.8,35.95,36.15,338032
2021-07-21,36.45,36.8,34.2,34.25,618165
2021-07-22,34.3,35.35,33.5,34.0,455710
2021-07-23,34.35,36.75,34.3,36.0,575607
2021-07-26,36.85,38.25,36.4,37.35,875320
2021-07-27,38.05,38.05,35.9,35.9,344592
2021-07-28,36.55,36.55,33.8,35.0,242426
2021-07-29,35.0,35.65,35.0,35.0,135096
2021-07-30,35.15,35.7,34.5,34.5,178002
2021-08-02,35.0,35.0,34.05,34.5,157023
2021-08-03,34.5,35.45,34.5,34.65,276173
2021-08-04,34.65,35.3,34.3,34.65,138483
2021-08-05,34.65,35.3,34.15,35.0,211671
2021-08-06,35.0,35.05,34.6,35.05,141295
2021-08-09,36.5,36.5,34.9,35.05,210008
2021-08-10,35.9,35.9,34.2,34.5,239005
2021-08-11,34.25,34.3,32.45,32.7,503461
2021-08-12,33.1,33.7,32.05,33.25,169684
2021-08-13,33.65,34.05,32.8,32.9,194110
2021-08-16,35.8,35.9,33.9,34.1,1183105
2021-08-17,34.9,35.7,34.2,34.8,806087
2021-08-18,34.7,35.15,33.15,35.1,485002
2021-08-19,34.8,35.65,33.7,33.75,499131
2021-08-20,33.85,34.25,33.15,33.55,188694
2021-08-23,34.0,34.8,34.0,34.35,136350
2021-08-24,34.65,34.85,33.6,33.9,268465
2021-08-25,33.9,35.15,33.9,34.85,405021
2021-08-26,35.3,35.5,34.45,35.25,352884
2021-08-27,34.3,35.6,34.3,34.9,280505
2021-08-30,35.0,35.7,34.9,35.45,186292
2021-08-31,35.8,35.85,34.7,34.9,253752
2021-09-01,34.85,37.2,34.75,36.9,696937
2021-09-02,37.1,38.2,34.7,34.8,1016234
2021-09-03,35.0,35.4,34.65,34.75,257280
2021-09-06,35.25,35.4,33.7,33.8,349718
2021-09-07,33.7,33.85,33.0,33.25,225272
2021-09-08,33.2,33.2,32.2,32.2,464053
2021-09-09,32.2,32.9,32.2,32.6,128950
2021-09-10,33.6,35.85,33.3,34.0,2696044
2021-09-13,34.1,35.1,33.8,34.25,414419
2021-09-14,34.3,35.5,34.25,34.6,592599
2021-09-15,34.95,35.0,34.2,34.2,268496
2021-09-16,34.3,34.5,33.65,33.65,183232
2021-09-17,33.7,34.5,33.65,34.2,156263
2021-09-22,33.0,33.6,32.9,33.05,191031
2021-09-23,33.5,33.7,33.1,33.4,111449
2021-09-24,33.8,33.95,33.55,33.7,120073
2021-09-27,33.9,35.1,33.5,34.55,322035
2021-09-28,34.3,34.9,34.3,34.3,151087
2021-09-29,33.8,34.85,33.8,34.25,188011
2021-09-30,34.9,37.65,34.5,37.65,2612384
2021-10-01,39.15,40.95,37.4,37.4,7604698
2021-10-04,37.4,37.6,34.35,34.75,1758094
2021-10-05,34.4,35.5,33.5,34.85,684503
2021-10-06,35.2,38.3,34.9,38.3,2851630
2021-10-07,40.85,42.0,38.5,41.85,6829133
2021-10-08,41.4,44.8,38.8,39.55,9026172
2021-10-12,40.2,43.5,40.1,43.5,6941740
2021-10-13,44.85,46.2,42.05,43.7,22092993
2021-10-14,43.7,44.7,39.95,40.9,7548429
2021-10-15,41.8,44.5,40.5,43.7,4117690
2021-10-18,43.7,46.8,43.2,46.0,8911201
2021-10-19,46.1,46.55,43.55,44.85,4768494
2021-10-20,45.3,47.05,44.9,45.0,4698359
2021-10-21,45.05,45.9,42.5,42.5,3924399
2021-10-22,43.2,44.3,41.15,41.8,2938800
2021-10-25,41.85,42.4,40.55,42.4,2085301
2021-10-26,42.05,42.7,40.8,40.85,2211762
2021-10-27,41.2,41.85,40.7,41.4,901538
2021-10-28,42.0,43.8,41.8,43.55,3144125
2021-10-29,43.75,43.95,42.5,42.6,1804896
2021-11-01,42.5,42.6,40.55,40.75,1829826
2021-11-02,40.75,41.55,38.6,39.0,2391124
2021-11-03,39.0,40.55,38.5,39.45,974504
2021-11-04,40.0,40.4,39.2,39.7,701362
2021-11-05,39.45,40.35,39.2,39.7,522071
2021-11-08,39.7,40.65,39.3,40.05,670061
2021-11-09,40.1,41.6,40.1,40.65,968296
2021-11-10,40.6,40.6,39.5,39.5,735786
2021-11-11,39.0,39.7,38.7,39.1,581268
2021-11-12,39.3,39.35,38.2,38.35,695949
2021-11-15,38.9,38.9,37.8,37.9,776172
2021-11-16,38.2,39.5,37.9,38.65,1028891
2021-11-17,38.6,38.65,37.65,37.85,1012891
2021-11-18,37.8,38.1,36.45,36.8,1621902
2021-11-19,36.8,37.7,36.75,37.2,511371
2021-11-22,37.3,37.8,37.25,37.35,342141
2021-11-23,37.35,37.75,36.6,36.6,579213
2021-11-24,36.6,39.0,36.6,38.3,1260365
2021-11-25,38.8,38.85,37.6,37.75,559939
2021-11-26,37.9,37.9,36.85,36.9,475129
2021-11-29,36.3,38.5,36.3,37.3,481037
2021-11-30,37.95,38.35,37.55,37.9,491319
2021-12-01,37.8,38.65,37.8,38.1,365110
2021-12-02,38.45,39.3,37.5,37.5,1131602
2021-12-03,38.0,38.0,37.45,37.65,208251
2021-12-06,37.7,38.4,37.5,37.85,226265
2021-12-07,38.25,38.4,37.75,37.75,172107
2021-12-08,38.15,38.45,37.9,38.1,242023
2021-12-09,38.1,38.25,37.5,37.6,451134
2021-12-10,37.5,37.8,36.8,37.4,566367
2021-12-13,37.5,39.8,37.35,39.6,1233057
2021-12-14,39.6,41.5,38.9,40.6,3453004
2021-12-15,40.7,42.6,40.5,40.5,3413279
2021-12-16,41.15,41.4,39.65,39.9,1681645
2021-12-17,40.4,41.7,40.0,40.05,1574007
2021-12-20,39.5,39.6,37.8,37.8,1933645
2021-12-21,38.0,38.2,37.7,38.0,553777
2021-12-22,38.25,38.5,37.5,37.55,773802
2021-12-23,37.6,38.25,37.6,37.7,349317
2021-12-24,37.75,38.15,37.5,37.55,362751
2021-12-27,37.85,38.1,37.55,37.9,297580
2021-12-28,38.4,38.4,37.8,37.85,160331
2021-12-29,37.85,38.0,37.5,37.8,226122
2021-12-30,37.9,37.95,37.6,37.9,224113
2022-01-03,37.95,38.8,37.95,38.25,446434
2022-01-04,38.5,38.75,38.05,38.15,346367
2022-01-05,38.2,38.4,37.9,37.9,291191
2022-01-06,37.75,37.95,37.45,37.9,385030
2022-01-07,38.95,39.6,38.25,38.5,1179608
2022-01-10,38.55,41.0,38.55,41.0,2525497
2022-01-11,42.5,43.85,40.0,40.0,8345754
2022-01-12,39.75,40.8,38.8,39.05,1546156
2022-01-13,39.1,39.5,38.65,38.9,469280
2022-01-14,39.15,39.2,37.7,37.9,982264
2022-01-17,38.05,38.5,37.4,37.7,474830
2022-01-18,37.8,38.25,37.6,37.85,354652
2022-01-19,37.85,37.85,37.4,37.4,370780
2022-01-20,37.4,37.5,36.2,36.4,1279874
2022-01-21,36.1,36.6,35.6,35.65,586549
2022-01-24,35.5,36.25,34.5,36.0,478645
2022-01-25,36.0,36.1,35.5,35.65,265472
2022-01-26,35.65,36.2,34.9,35.05,529488
2022-02-07,35.3,37.05,35.3,36.95,412832
2022-02-08,36.9,37.25,36.7,36.8,258389
2022-02-09,37.3,37.3,36.7,37.0,235877
2022-02-10,36.9,37.05,36.5,36.75,198405
2022-02-11,36.8,37.2,36.7,36.7,192287
2022-02-14,36.1,36.1,35.1,35.2,568817
2022-02-15,34.75,37.0,34.55,35.9,564666
2022-02-16,36.3,36.3,35.65,35.95,175085
2022-02-17,36.1,36.2,35.7,35.8,199560
2022-02-18,35.0,35.85,35.0,35.6,166227
2022-02-21,35.5,35.85,35.3,35.45,120044
2022-02-22,35.3,35.35,34.75,34.85,266259
2022-02-23,34.85,35.15,34.8,35.05,154219
2022-02-24,35.0,35.0,33.1,33.25,576736
2022-02-25,34.0,34.0,33.25,33.45,181456
2022-03-01,33.5,34.4,33.5,34.25,161331
2022-03-02,34.2,34.25,33.85,34.0,74226
2022-03-03,34.35,34.4,33.95,34.0,160037
2022-03-04,33.85,33.85,33.35,33.4,222068
2022-03-07,33.2,33.2,32.1,32.4,281114
2022-03-08,31.8,32.95,31.45,31.8,333460
2022-03-09,32.05,32.7,32.0,32.15,225772
2022-03-10,32.95,33.1,32.65,32.7,102795
2022-03-11,32.7,32.7,31.9,32.2,189416
2022-03-14,32.65,33.7,32.5,33.2,285639
2022-03-15,33.0,33.4,32.75,33.05,171353
2022-03-16,33.35,34.1,33.2,33.4,243324
2022-03-17,34.1,34.1,33.4,33.6,135969
2022-03-18,33.2,33.4,33.1,33.4,73506
2022-03-21,33.4,33.6,33.1,33.35,77616
2022-03-22,33.35,33.45,33.0,33.15,118944
2022-03-23,33.2,34.4,33.2,33.85,304694
2022-03-24,33.75,33.85,33.45,33.65,186091
2022-03-25,33.9,36.25,33.8,35.15,833134
2022-03-28,35.05,35.55,34.7,35.0,274520
2022-03-29,35.8,35.8,34.55,34.6,179710
2022-03-30,34.85,35.15,34.5,34.65,154044
2022-03-31,32.0,32.7,31.5,32.4,1179721
2022-04-01,32.4,32.4,31.9,32.0,268112
2022-04-06,31.65,32.0,30.7,30.75,573681
2022-04-07,30.7,30.7,28.7,28.75,886840
2022-04-08,28.8,29.45,28.75,29.15,269161
2022-04-11,30.0,30.45,29.25,29.35,560241
2022-04-12,29.0,30.45,28.95,30.2,257488
2022-04-13,29.95,30.15,29.7,30.0,185745
2022-04-14,30.0,30.15,29.65,29.95,158487
2022-04-15,29.7,30.05,29.6,29.8,173682
2022-04-18,29.9,30.05,29.25,29.3,100221
2022-04-19,31.5,31.5,29.8,29.95,187158
2022-04-20,30.15,30.15,29.55,29.85,78204
2022-04-21,29.85,29.85,29.4,29.55,139865
2022-04-22,29.4,29.7,29.0,29.3,120015
2022-04-25,28.95,29.0,28.0,28.55,278313
2022-04-26,28.7,29.0,28.2,28.4,129870
2022-04-27,27.9,27.9,26.0,26.3,492098
2022-04-28,26.4,28.25,26.4,27.45,341678
2022-04-29,27.8,27.95,27.2,27.55,200020
2022-05-03,27.55,27.6,27.0,27.2,52937
2022-05-04,27.4,27.9,27.3,27.4,71087
2022-05-05,27.85,28.35,27.7,27.75,75336
2022-05-06,27.75,27.75,26.9,27.0,123029
2022-05-09,26.85,26.85,25.0,25.2,452611
2022-05-10,23.5,25.9,23.5,25.65,265367
2022-05-11,25.5,25.95,24.7,24.8,286758
2022-05-12,24.8,25.35,23.3,23.3,468411
2022-05-13,23.3,24.4,23.25,23.85,625833
2022-05-16,24.05,25.55,23.85,24.8,476262
2022-05-17,24.9,25.05,24.5,24.7,169082
2022-05-18,24.75,25.85,24.75,25.6,208096
2022-05-19,25.1,26.4,24.9,26.25,196242
2022-05-20,26.5,27.05,25.5,25.7,390236
2022-05-23,25.7,25.85,25.15,25.2,176123
2022-05-24,25.55,25.55,25.0,25.0,137087
2022-05-25,25.0,25.6,24.95,25.3,109009
2022-05-26,25.4,25.8,25.35,25.55,107051
2022-05-27,25.7,26.05,25.6,25.8,127039
2022-05-30,26.2,26.25,25.9,26.1,54193
2022-05-31,26.0,26.2,25.65,26.2,75020
2022-06-01,26.1,27.1,26.0,26.65,173063
2022-06-02,26.8,27.15,26.45,26.6,142700
2022-06-06,26.6,26.9,26.3,26.75,67128
2022-06-07,26.7,26.8,26.4,26.6,52009
2022-06-08,26.75,27.3,26.65,27.05,134632
2022-06-09,26.8,27.05,26.6,26.85,50111
2022-06-10,26.6,27.0,26.6,26.9,57005
2022-06-13,26.65,26.75,26.05,26.15,135259
2022-06-14,26.0,26.2,25.45,25.95,143005
2022-06-15,26.0,26.75,26.0,26.75,123757
2022-06-16,26.9,27.15,26.4,26.5,174005
2022-06-17,26.05,26.4,25.6,25.75,200031
2022-06-20,25.5,25.75,24.3,24.45,326136
2022-06-21,25.35,25.45,24.5,25.4,178565
2022-06-22,25.8,25.8,24.6,24.75,171009
2022-06-23,24.9,25.2,24.0,24.65,99014
2022-06-24,24.65,25.3,24.65,24.85,79515
2022-06-27,25.2,25.5,25.2,25.35,81111
2022-06-28,25.4,25.7,25.0,25.2,44006
2022-06-29,25.0,25.0,24.15,24.15,112295
2022-06-30,24.1,24.35,23.55,23.95,128242
2022-07-01,23.95,24.3,22.95,23.3,325010
2022-07-04,23.0,24.25,23.0,23.3,124172
2022-07-05,23.85,24.75,23.15,24.3,170589
2022-07-06,24.3,25.0,24.3,24.65,186208
2022-07-07,25.3,27.0,25.3,26.4,429442
2022-07-08,26.8,27.0,25.8,25.85,288088
2022-07-11,26.45,26.45,25.45,26.0,53113
2022-07-12,26.0,26.2,25.6,26.1,149003
2022-07-13,26.8,26.8,26.1,26.1,188149
2022-07-14,26.1,26.65,26.1,26.35,79165
2022-07-15,26.35,26.95,26.35,26.8,97738
2022-07-18,26.95,27.85,26.95,27.4,269044
2022-07-19,27.45,27.45,27.0,27.0,83610
2022-07-20,27.3,27.75,26.85,27.0,77808
2022-07-21,27.0,27.0,26.15,26.6,82445
2022-07-22,26.45,27.1,26.45,26.75,97013
2022-07-25,26.75,27.1,26.5,26.7,33121
2022-07-26,26.5,26.65,26.35,26.5,31155
2022-07-27,26.35,26.75,26.35,26.55,19116
2022-07-28,27.1,27.1,26.6,26.6,59109
2022-07-29,27.0,27.65,27.0,27.2,146211
2022-08-01,27.45,29.5,27.3,29.05,400191
2022-08-02,29.05,30.4,28.85,29.15,986746
2022-08-03,29.05,29.65,28.45,28.55,196899
2022-08-04,28.7,28.8,27.45,27.9,198026
2022-08-05,29.15,29.15,28.0,28.3,69132
2022-08-08,28.0,28.05,27.5,27.75,93152
2022-08-09,27.45,27.85,27.45,27.75,19108
2022-08-10,27.55,28.55,27.55,28.2,63017
2022-08-11,28.45,28.6,27.65,27.7,133009
2022-08-12,27.6,27.8,27.5,27.75,41013
2022-08-15,27.75,27.95,27.25,27.45,78809
2022-08-16,27.25,27.25,26.85,26.95,87347
2022-08-17,27.2,27.2,26.7,26.85,65746
2022-08-18,26.8,27.4,26.7,27.1,120259
2022-08-19,27.2,27.3,26.95,26.95,54008
2022-08-22,26.95,27.1,26.35,26.5,120665
2022-08-23,26.45,26.5,26.2,26.4,53214
2022-08-24,26.6,26.9,26.4,26.45,75231
2022-08-25,26.45,26.6,26.45,26.6,26293
2022-08-26,26.65,26.95,26.65,26.95,51131
2022-08-29,26.6,26.6,26.2,26.25,83119
2022-08-30,26.25,26.65,26.25,26.3,64006
2022-08-31,26.35,26.7,26.25,26.65,73005
2022-09-01,26.3,26.75,26.2,26.7,41048
2022-09-02,26.7,26.9,26.5,26.7,35004
2022-09-05,26.7,27.0,26.5,26.65,107007
2022-09-06,26.9,27.1,26.25,26.25,85004
2022-09-07,26.25,26.5,26.1,26.1,28004
2022-09-08,26.1,26.1,25.6,25.95,127365
2022-09-12,26.05,26.35,26.05,26.1,50010
2022-09-13,26.45,26.45,26.1,26.2,28550
2022-09-14,25.4,26.25,25.4,26.05,43022
2022-09-15,25.8,26.45,25.8,26.2,50045
2022-09-16,26.2,26.4,25.9,25.95,58030
2022-09-19,26.15,26.15,25.5,25.55,68025
2022-09-20,25.9,26.0,25.6,25.6,37008
2022-09-21,25.4,25.8,25.35,25.4,100054
2022-09-22,25.2,25.35,25.15,25.35,24041
2022-09-23,25.35,25.6,25.1,25.1,35025
2022-09-26,24.9,25.0,23.85,24.5,210098
2022-09-27,24.5,25.0,24.35,25.0,137007
2022-09-28,25.5,25.5,24.15,24.5,141088
2022-09-29,24.6,25.1,24.55,24.6,87214
2022-09-30,24.6,25.0,24.25,24.6,86103
2022-10-03,25.05,25.1,24.9,25.05,93012
2022-10-04,25.75,25.75,25.2,25.3,79004
2022-10-05,25.4,25.55,25.4,25.45,108186
2022-10-06,25.65,25.7,25.4,25.65,68001
2022-10-07,25.6,26.0,25.5,25.6,105007
2022-10-11,25.2,25.3,24.65,24.8,157714
2022-10-12,24.8,25.35,24.6,25.0,67018
2022-10-13,25.4,25.4,24.3,24.7,131007
2022-10-14,25.0,25.35,24.85,25.05,99006
2022-10-17,25.3,25.3,24.55,25.0,72141
2022-10-18,25.15,25.15,24.85,24.85,40004
2022-10-19,25.3,25.3,24.8,24.85,43000
2022-10-20,25.3,25.3,24.6,24.85,48010
2022-10-21,25.2,25.2,24.85,25.0,62026
2022-10-24,25.1,25.15,25.05,25.05,32010
2022-10-25,25.1,25.1,24.9,25.0,59027
2022-10-26,25.0,25.15,24.9,25.0,52090
2022-10-27,25.3,25.45,25.0,25.0,24011
2022-10-28,25.2,25.2,25.0,25.1,44044
2022-10-31,25.15,25.2,25.0,25.2,42050
2022-11-01,25.2,27.0,25.2,26.65,191066
2022-11-02,26.9,27.5,26.9,27.0,221565
2022-11-03,27.3,27.3,26.35,27.05,68072
2022-11-04,27.55,27.55,26.5,27.3,100110
2022-11-07,27.65,27.65,27.15,27.3,75011
2022-11-08,27.3,27.4,27.15,27.3,123148
2022-11-09,27.55,27.7,27.1,27.55,164022
2022-11-10,27.65,27.65,26.6,27.45,153001
2022-11-11,27.55,27.75,27.0,27.3,192432
2022-11-14,27.05,27.2,26.65,26.95,114007
2022-11-15,26.95,27.0,26.7,27.0,105414
2022-11-16,26.8,26.8,26.35,26.45,96020
2022-11-17,27.15,27.25,26.7,26.75,113632
2022-11-18,26.75,27.0,26.4,26.7,98890
2022-11-21,26.75,26.9,26.6,26.75,108005
2022-11-22,26.95,27.0,26.7,26.8,65111
2022-11-23,26.8,26.95,26.7,26.8,49016
2022-11-24,27.25,27.25,26.8,27.0,97009
2022-11-25,27.0,27.0,26.75,26.8,93011
2022-11-28,26.8,26.9,26.8,26.85,40198
2022-11-29,26.85,27.25,26.85,27.15,124201
2022-11-30,27.3,27.75,27.25,27.3,161059
2022-12-01,27.35,27.5,26.9,27.05,117616
2022-12-02,27.05,27.25,27.0,27.15,96204
2022-12-05,27.4,29.75,27.15,28.8,1470246
2022-12-06,29.0,29.5,28.4,28.4,224026
2022-12-07,28.4,28.4,26.7,27.0,328192
2022-12-08,27.0,28.3,27.0,27.55,245185
2022-12-09,27.7,28.8,27.5,27.65,147521
2022-12-12,28.0,28.0,27.5,27.65,63231
2022-12-13,27.7,29.0,27.6,28.35,199022
2022-12-14,28.4,28.4,27.6,27.6,157448
2022-12-15,28.3,28.3,27.6,27.75,60009
2022-12-16,28.5,28.5,27.85,27.85,84117
2022-12-19,28.0,28.0,27.3,27.45,71018
2022-12-20,27.6,27.6,26.1,27.15,138017
2022-12-21,27.85,27.85,27.2,27.2,46056
2022-12-22,27.3,27.5,27.2,27.3,33213
2022-12-23,27.3,27.45,26.9,27.45,62124
2022-12-26,28.0,28.0,27.15,27.3,39059
2022-12-27,27.7,27.7,27.0,27.1,33671
2022-12-28,27.0,27.1,26.65,27.1,56495
2022-12-29,27.65,27.65,26.65,26.9,31100
2022-12-30,27.0,27.4,26.75,27.35,41006
2023-01-03,27.0,27.2,26.85,26.95,51011
2023-01-04,27.2,27.2,26.9,27.0,38013
2023-01-05,27.0,27.1,26.95,27.1,45010
2023-01-06,27.1,27.4,26.85,27.3,80010
2023-01-09,27.8,27.8,26.95,27.05,63014
2023-01-10,27.0,27.3,26.9,27.05,53230
2023-01-11,27.3,27.3,26.9,26.9,47139
2023-01-12,26.9,27.15,26.75,26.9,40151
2023-01-13,26.6,28.0,26.6,27.05,110242
2023-01-16,27.1,27.5,27.0,27.0,94234
2023-01-17,27.2,27.6,27.05,27.25,154022
2023-01-30,27.25,27.75,26.95,27.5,164046
2023-01-31,27.5,27.6,27.4,27.55,88019
2023-02-01,27.25,29.05,27.25,28.9,433377
2023-02-02,29.1,30.55,28.85,29.95,916570
2023-02-03,29.95,31.05,29.45,30.55,701196
2023-02-06,30.85,33.4,30.85,32.0,2487556
2023-02-07,32.15,32.55,31.0,32.0,844733
2023-02-08,32.5,33.8,32.25,32.55,1530407
2023-02-09,32.55,33.35,32.1,33.0,830813
2023-02-10,33.0,33.35,32.5,33.2,521261
2023-02-13,33.2,33.25,32.2,32.2,488009
2023-02-14,32.2,32.45,31.6,31.6,237770
2023-02-15,31.9,32.1,31.2,31.85,149176
2023-02-16,31.7,32.05,31.45,31.8,209128
2023-02-17,31.8,31.8,31.45,31.55,138129
2023-02-20,31.55,33.3,31.55,33.0,910105
2023-02-21,33.45,36.3,33.45,34.55,4994065
2023-02-22,33.8,35.5,33.8,34.3,1579899
2023-02-23,34.3,34.55,33.6,34.05,641257
2023-02-24,34.25,34.25,32.85,33.0,606896
2023-03-01,32.9,33.9,32.2,32.4,302299
2023-03-02,32.4,32.4,31.8,31.85,316262
2023-03-03,31.95,32.25,31.3,31.45,415384
2023-03-06,31.5,32.65,31.05,31.25,898598
2023-03-07,31.3,31.4,30.85,30.85,451596
2023-03-08,30.6,30.7,29.85,30.05,701376
2023-03-09,30.4,31.5,30.35,30.7,714210
2023-03-10,30.55,30.55,29.5,30.2,401367
2023-03-13,30.1,30.1,29.25,29.35,475203
2023-03-14,29.4,30.2,29.0,29.1,272657
2023-03-15,29.75,29.75,29.1,29.15,114039
2023-03-16,29.2,29.7,28.0,28.45,550110
2023-03-17,28.5,29.8,28.5,29.0,304823
2023-03-20,28.9,29.35,28.9,29.0,83128
2023-03-21,29.3,29.75,29.3,29.6,145034
2023-03-22,29.7,30.1,29.5,29.75,129133
2023-03-23,29.65,30.0,29.55,29.8,92584
2023-03-24,30.25,30.25,29.55,29.75,98094
2023-03-27,29.75,30.5,29.6,30.0,103533
2023-03-28,30.4,30.45,29.65,29.65,162178
2023-03-29,29.4,30.0,29.4,29.65,66572
2023-03-30,29.65,30.95,29.65,30.6,291813
2023-03-31,30.6,30.95,30.1,30.3,136327
2023-04-06,30.5,30.5,29.95,30.0,109262
2023-04-07,30.0,30.0,29.8,29.9,120247
2023-04-10,29.9,30.55,29.85,30.3,169743
2023-04-11,30.1,30.45,30.0,30.25,166434
2023-04-12,30.25,30.35,29.9,30.1,169159
2023-04-13,30.0,30.2,29.95,30.0,109501
2023-04-14,30.0,30.4,30.0,30.1,114624
2023-04-17,29.7,30.5,29.7,29.9,127134
2023-04-18,30.0,30.5,29.9,30.05,170237
2023-04-19,30.1,31.45,30.1,31.45,531894
2023-04-20,31.5,31.85,30.3,30.3,591257
2023-04-21,30.45,30.75,30.0,30.1,270251
2023-04-24,30.0,30.55,29.95,30.3,213132
2023-04-25,30.4,30.6,30.1,30.15,152057
2023-04-26,30.15,30.55,30.1,30.3,171468
2023-04-27,30.7,32.2,30.4,32.0,846622
2023-04-28,32.1,32.5,31.05,31.25,945285
2023-05-02,31.3,31.95,30.9,31.7,285158
2023-05-03,31.5,32.0,31.45,31.6,175115
2023-05-04,31.6,32.25,31.6,31.95,237408
2023-05-05,32.0,32.0,31.2,31.2,227194
2023-05-08,31.5,31.65,31.15,31.2,135530
2023-05-09,31.2,31.2,30.05,30.05,244157
2023-05-10,30.05,30.15,29.35,29.55,307246
2023-05-11,29.8,29.8,28.9,29.5,338675
2023-05-12,29.4,29.8,29.2,29.6,70008
2023-05-15,29.65,30.5,29.6,30.35,134023
2023-05-16,30.1,32.75,29.95,32.15,1866077
2023-05-17,32.15,32.75,31.85,32.15,642012
2023-05-18,32.55,32.55,31.5,31.55,392346
2023-05-19,31.8,32.45,31.65,32.2,345490
2023-05-22,32.1,33.25,31.85,32.0,529509
2023-05-23,32.0,33.15,31.65,32.95,1006985
2023-05-24,33.0,33.5,32.8,32.8,607858
2023-05-25,33.0,33.0,32.5,32.65,247292
2023-05-26,32.95,32.95,32.1,32.65,620684
2023-05-29,32.65,33.0,31.8,31.8,527090
2023-05-30,31.8,32.2,31.6,31.6,197540
2023-05-31,31.8,32.05,31.65,31.85,197029
2023-06-01,31.65,32.1,31.05,32.0,228022
2023-06-02,32.15,32.4,31.6,31.8,247016
2023-06-05,32.3,33.05,32.1,32.65,472365
2023-06-06,32.9,33.3,32.65,33.0,542479
2023-06-07,33.35,33.35,32.6,32.8,498650
2023-06-08,32.8,32.8,31.9,32.1,275363
2023-06-09,32.05,33.75,32.05,33.15,719488
2023-06-12,33.65,34.2,33.2,33.95,1091378
2023-06-13,34.25,34.9,33.95,34.5,1224947
2023-06-14,34.55,35.45,34.55,34.9,1224416
2023-06-15,35.35,35.4,34.95,34.95,593462
2023-06-16,34.95,34.95,33.35,33.35,745941
2023-06-19,33.2,33.2,32.25,32.65,651621
2023-06-20,32.8,32.8,31.9,32.0,442012
2023-06-21,32.0,33.2,32.0,32.8,614462
2023-06-26,32.75,32.85,31.8,31.95,529227
2023-06-27,32.1,34.6,32.0,33.4,938688
2023-06-28,33.95,34.9,33.2,33.4,869203
2023-06-29,33.4,33.4,32.1,32.75,476146
2023-06-30,32.85,33.3,32.35,32.6,189525
2023-07-03,32.8,34.8,32.8,33.95,1084271
2023-07-04,33.95,34.05,33.4,33.6,328904
2023-07-05,33.8,34.0,32.75,33.0,468443
2023-07-06,33.0,34.45,32.95,33.75,368814
2023-07-07,33.75,33.75,32.8,33.1,347291
2023-07-10,34.0,34.0,32.55,32.6,339063
2023-07-11,33.0,33.0,32.3,32.3,232118
2023-07-12,32.3,32.55,31.65,31.7,424724
2023-07-13,31.75,32.3,31.55,31.55,296535
2023-07-14,31.55,32.05,31.5,32.0,161049
2023-07-17,32.45,32.45,31.8,31.85,243016
2023-07-18,31.9,31.9,31.5,31.7,273625
2023-07-19,31.75,33.8,31.7,32.6,427933
2023-07-20,32.6,33.25,32.05,32.1,230195
2023-07-21,32.2,32.8,31.9,32.3,264319
2023-07-24,32.3,32.3,31.8,31.9,162083
2023-07-25,31.9,32.8,31.9,32.3,170050
2023-07-26,32.3,33.25,32.05,32.5,331221
2023-07-27,32.85,33.8,32.4,32.85,339550
2023-07-28,32.85,33.0,32.25,32.85,320520
2023-07-31,33.0,34.0,32.9,33.3,616812
2023-08-01,33.6,33.6,32.6,33.0,258280
2023-08-02,33.0,33.2,32.1,32.3,433070
2023-08-04,32.05,32.95,32.05,32.75,178769
2023-08-07,32.7,33.1,32.7,32.75,61053
2023-08-08,32.5,32.85,32.0,32.0,263177
2023-08-09,32.0,32.8,32.0,32.3,139263
2023-08-10,32.25,32.35,32.05,32.1,218260
2023-08-11,32.15,32.35,31.85,32.0,204214
2023-08-14,32.0,32.3,31.4,31.95,368744
2023-08-15,32.2,34.0,32.2,33.5,686005
2023-08-16,33.25,34.35,32.9,33.9,492420
2023-08-17,33.9,34.75,33.6,34.0,534511
2023-08-18,34.0,34.3,33.6,34.0,349180
2023-08-21,34.0,35.0,34.0,34.5,710651
2023-08-22,35.0,35.35,34.6,35.05,628233
2023-08-23,35.25,35.8,35.0,35.35,760054
2023-08-24,35.4,35.6,35.0,35.4,547686
2023-08-25,35.35,35.5,35.1,35.4,384204
2023-08-28,35.7,36.35,35.5,35.65,442514
2023-08-29,35.75,35.75,35.05,35.5,375031
2023-08-30,35.6,35.75,35.4,35.7,330955
2023-08-31,35.85,38.9,35.85,38.25,1638422
2023-09-01,38.25,39.35,37.65,38.4,1367918
2023-09-04,38.25,38.95,38.0,38.65,637680
2023-09-05,38.65,39.2,38.35,38.65,350160
2023-09-06,38.9,39.8,38.7,39.45,1016230
2023-09-07,39.45,40.25,39.25,39.8,763836
2023-09-08,39.8,42.85,37.35,39.0,4648153
2023-09-11,38.9,39.0,37.4,38.0,886058
2023-09-12,38.0,38.8,36.65,36.75,670091
2023-09-13,36.5,36.5,34.55,35.35,1059139
2023-09-14,35.35,35.35,34.55,34.8,555471
2023-09-15,34.95,35.2,33.95,34.05,725160
2023-09-18,33.9,34.85,33.9,34.05,323940
2023-09-19,34.1,34.45,33.4,33.6,444099
2023-09-20,33.6,34.2,33.5,34.15,138078
2023-09-21,34.0,34.3,33.55,34.05,437388
2023-09-22,34.05,34.45,33.8,34.2,104116
2023-09-25,34.05,34.6,34.05,34.3,129053
2023-09-26,34.3,34.7,33.9,34.45,174040
2023-09-27,34.25,34.65,34.05,34.45,168504
2023-09-28,34.35,35.5,34.2,35.0,234038
2023-10-02,35.0,35.25,34.95,35.05,222251
2023-10-03,34.95,35.8,34.95,35.4,283800
2023-10-04,35.4,35.4,35.05,35.15,149223
2023-10-05,35.15,35.45,35.1,35.2,98378
2023-10-06,35.1,35.6,35.05,35.5,101178
2023-10-11,35.55,35.7,34.8,35.5,322013
2023-10-12,35.05,35.55,35.0,35.5,576208
2023-10-13,35.2,35.6,35.15,35.5,296079
2023-10-16,35.2,35.8,35.15,35.5,192011
2023-10-17,35.5,35.6,35.45,35.5,120007
2023-10-18,35.5,35.5,33.95,34.1,317153
2023-10-19,34.05,34.3,33.15,33.65,192277
2023-10-20,33.65,33.65,32.3,33.0,384071
2023-10-23,33.05,33.05,31.5,31.85,289295
2023-10-24,31.8,32.1,31.75,32.0,36028
2023-10-25,32.0,32.5,31.9,32.3,109050
2023-10-26,32.3,33.05,32.3,32.6,66148
2023-10-27,33.7,33.7,32.3,32.3,40034
2023-10-30,32.25,32.5,32.25,32.4,71175
2023-10-31,32.9,32.9,31.55,31.9,173355
2023-11-01,31.8,32.8,31.5,32.8,172677
2023-11-02,32.8,32.8,32.1,32.3,40135
2023-11-03,32.3,32.3,31.9,32.0,79007
2023-11-06,32.0,32.25,31.85,31.9,74098
2023-11-07,31.7,31.8,31.5,31.8,111267
2023-11-08,31.8,32.25,31.55,31.95,139040
2023-11-09,32.2,32.3,32.15,32.2,57024
2023-11-10,32.2,32.5,32.1,32.45,111008
2023-11-13,32.4,32.4,31.9,31.9,62013
2023-11-14,31.9,31.9,31.45,31.9,208582
2023-11-15,31.9,32.5,31.75,32.0,179037
2023-11-16,32.0,33.45,31.9,32.65,517177
2023-11-17,32.6,33.4,32.3,32.6,168637
2023-11-20,33.0,33.0,31.8,32.7,130030
2023-11-21,33.0,33.0,32.0,32.45,129111
2023-11-22,32.45,32.65,32.2,32.5,78237
2023-11-23,32.3,32.75,32.3,32.55,89216
2023-11-24,32.5,32.7,32.4,32.55,48061
2023-11-27,32.9,32.9,32.1,32.45,60119
2023-11-28,32.45,32.7,31.8,32.15,182465
2023-11-29,32.1,32.1,31.6,31.85,144340
2023-11-30,31.8,32.0,31.8,31.9,73217
2023-12-01,31.75,32.45,31.75,32.2,185839
2023-12-04,32.4,33.2,32.4,32.9,186019
2023-12-05,32.8,33.05,32.55,32.8,79244
2023-12-06,32.8,32.8,32.35,32.8,139673
2023-12-07,33.15,33.15,32.6,32.95,144009
2023-12-08,33.1,33.3,32.8,33.0,127509
2023-12-11,33.0,33.25,33.0,33.1,86807
2023-12-12,33.1,33.75,33.1,33.7,122991
2023-12-13,33.7,34.6,33.7,34.15,239845
2023-12-14,34.55,34.55,34.05,34.25,137022
2023-12-15,34.35,34.65,34.2,34.5,147577
2023-12-18,34.2,34.7,34.15,34.5,146212
2023-12-19,34.35,34.7,34.0,34.5,195310
2023-12-20,34.6,35.2,34.6,34.6,243170
2023-12-21,34.65,35.5,34.65,35.1,309613
2023-12-22,35.45,35.7,35.2,35.3,255639
2023-12-25,35.4,37.35,35.4,36.3,672080
2023-12-26,36.4,37.35,36.4,36.6,398512
2023-12-27,36.6,37.0,36.3,36.6,411796
2023-12-28,36.95,36.95,36.45,36.45,233278
2023-12-29,36.6,37.2,36.5,36.8,368248
2024-01-02,36.8,36.95,36.6,36.9,127177
2024-01-03,36.9,37.35,36.6,36.8,255170
2024-01-04,36.9,36.9,36.05,36.4,387516
2024-01-05,36.25,36.3,35.4,36.0,548221
2024-01-08,36.25,36.9,36.1,36.75,195066
2024-01-09,36.75,36.9,36.2,36.6,86377
2024-01-10,36.2,37.15,36.2,36.5,152109
2024-01-11,36.75,36.95,36.55,36.55,188441
2024-01-12,36.55,36.55,35.9,35.95,178057
2024-01-15,36.6,36.6,35.3,35.55,226726
2024-01-16,35.55,35.6,34.65,35.1,317107
2024-01-17,35.1,35.45,34.7,35.15,247029
2024-01-18,34.9,35.3,34.8,35.0,105054
2024-01-19,34.9,34.9,34.0,34.45,232409
2024-01-22,34.45,34.75,33.95,33.95,601947
2024-01-23,34.1,34.25,33.55,33.75,402427
2024-01-24,33.6,36.75,33.6,33.75,1485941
2024-01-25,34.1,34.65,33.85,34.05,1372661
2024-01-26,34.45,37.45,34.45,37.45,2286880
2024-01-29,41.15,41.15,41.15,41.15,1564963
2024-01-30,42.15,44.75,39.2,40.4,14372376
2024-01-31,40.8,41.15,38.55,40.1,4088537
2024-02-01,40.55,42.0,39.65,40.1,3430945
2024-02-02,40.5,40.8,38.2,38.5,2430482
2024-02-05,38.6,40.95,38.15,39.6,4249976
2024-02-15,39.8,41.85,39.8,40.95,3496444
2024-02-16,41.0,41.1,39.9,40.25,1816488
2024-02-19,40.25,41.3,40.25,40.6,1876897
2024-02-20,40.8,41.85,40.65,41.2,1847491
2024-02-21,41.25,45.3,41.2,45.25,6419810
2024-02-22,45.3,46.3,43.2,45.4,5593789
2024-02-23,46.0,49.3,45.6,47.5,7196746
2024-02-26,47.85,48.15,46.35,47.7,4023908
2024-02-27,48.0,49.8,47.15,48.75,4552979
2024-02-29,48.25,50.6,48.2,50.3,3870402
2024-03-01,50.0,51.2,48.8,49.55,2402911
2024-03-04,49.8,51.9,49.75,51.0,2444236
2024-03-05,51.1,53.7,51.1,53.5,2566368
2024-03-06,54.1,55.4,52.1,53.9,3709368
2024-03-07,53.7,54.0,52.3,52.5,2390977
2024-03-08,52.9,53.6,50.2,50.3,3363381
2024-03-11,50.8,51.8,48.05,48.7,3375985
2024-03-12,49.0,49.0,43.85,43.85,3989295
2024-03-13,39.8,40.35,39.5,39.5,4916449
2024-03-14,39.35,40.5,37.8,40.1,5422073
2024-03-15,40.0,44.0,40.0,41.7,4167448
2024-03-18,41.9,43.7,41.1,43.15,1703556
2024-03-19,43.35,44.85,43.35,44.3,1340062
2024-03-20,45.1,45.6,44.15,44.8,1461013
2024-03-21,45.45,45.55,43.2,43.75,1035443
2024-03-22,44.0,44.0,41.8,42.2,1141986
2024-03-25,41.85,42.05,40.95,41.25,1025264
2024-03-26,41.6,41.95,39.5,40.2,1565871
2024-03-27,40.0,40.45,39.05,39.8,1049853
2024-03-28,39.8,40.9,39.7,39.95,685949
2024-03-29,39.9,40.5,39.0,39.3,559633
2024-04-01,39.4,40.15,39.1,39.45,649956
2024-04-02,39.45,39.95,39.15,39.15,478224
2024-04-03,39.2,39.25,38.5,38.9,537903
2024-04-08,39.1,40.3,38.85,40.1,748965
2024-04-09,40.4,42.2,40.25,41.35,2592528
2024-04-10,41.4,42.6,41.0,41.2,2682356
2024-04-11,41.25,41.3,40.45,40.85,693628
2024-04-12,40.85,42.05,40.85,41.95,680662
2024-04-15,42.0,44.95,41.5,43.1,3097150
2024-04-16,43.1,43.85,41.9,41.9,1761570
2024-04-17,41.7,42.7,41.05,41.05,1339832
2024-04-18,41.05,41.85,40.25,40.8,1291586
2024-04-19,40.8,41.0,39.0,41.0,1685415
2024-04-22,41.7,42.7,41.7,41.95,799599
2024-04-23,42.5,42.8,40.4,40.4,540334
2024-04-24,40.8,42.5,40.8,41.25,620656
2024-04-25,41.6,42.25,41.0,41.7,300627
2024-04-26,41.9,42.0,40.9,40.9,399257
2024-04-29,41.0,41.5,40.3,40.3,383119
2024-04-30,40.5,40.55,40.05,40.05,158384
2024-05-02,40.1,40.1,39.65,39.7,303399
2024-05-03,40.1,40.1,38.45,38.45,1794435
2024-05-06,39.3,40.75,38.6,40.3,1261382
2024-05-07,40.5,41.8,40.5,40.9,880085
2024-05-08,40.9,41.5,40.0,40.0,431635
2024-05-09,40.45,40.45,39.15,39.15,363825
2024-05-10,39.2,39.45,38.85,39.15,275200
2024-05-13,39.45,39.55,38.7,39.4,171530
2024-05-14,39.4,40.6,39.4,39.9,385191
2024-05-15,40.05,40.15,39.3,39.75,265019
2024-05-16,40.4,40.4,39.4,39.4,407140
2024-05-17,39.5,39.9,39.15,39.35,420008
2024-05-20,39.8,40.3,38.95,38.95,446362
2024-05-21,38.95,39.05,37.9,38.35,788118
2024-05-22,38.35,39.4,38.35,39.35,712583
2024-05-23,39.35,43.25,39.35,43.05,2986763
2024-05-24,43.0,43.25,41.3,41.3,1707143
2024-05-27,42.0,42.5,41.4,41.5,844286
2024-05-28,41.5,41.5,40.45,40.55,858997
2024-05-29,40.6,41.75,40.2,40.2,665844
2024-05-30,40.15,40.2,39.2,39.6,581429
2024-05-31,40.5,41.55,39.15,40.5,1009483
2024-06-03,40.9,40.9,39.45,39.45,619576
2024-06-04,39.5,40.0,38.75,38.95,524744
2024-06-05,38.95,39.2,38.35,38.7,725625
2024-06-06,39.0,39.1,37.8,38.2,995273
2024-06-07,38.4,41.3,37.85,40.75,2309602
2024-06-11,41.05,41.2,39.4,40.7,1059463
2024-06-12,40.7,41.45,40.2,40.75,968012
2024-06-13,40.95,41.4,40.65,40.65,516740
2024-06-14,41.2,41.25,40.0,40.05,336168
2024-06-17,40.75,41.4,40.0,40.05,761132
2024-06-18,40.3,40.95,39.7,39.85,339815
2024-06-19,39.9,40.2,39.6,39.6,207847
2024-06-20,39.6,39.8,39.5,39.6,176939
2024-06-21,39.3,39.9,39.3,39.75,209351
2024-06-24,39.75,41.95,39.75,40.45,995673
2024-06-25,41.0,41.0,39.3,39.6,280595
2024-06-26,39.65,40.85,39.65,40.05,590180
2024-06-27,40.05,40.4,39.45,39.5,355249
2024-06-28,39.6,40.45,39.55,39.55,220859
2024-07-01,39.8,40.5,38.9,38.9,356574
2024-07-02,39.0,39.5,38.7,38.75,372195
2024-07-03,39.0,39.5,38.75,38.8,266217
2024-07-04,39.8,39.8,38.75,38.85,277278
2024-07-05,39.0,39.45,38.95,39.2,428917
2024-07-08,39.55,40.6,38.5,38.75,631913
2024-07-09,38.75,39.15,38.0,38.15,560043
2024-07-10,38.2,39.0,38.2,38.35,225460
2024-07-11,38.4,38.6,37.8,37.9,509412
2024-07-12,37.9,38.2,37.5,37.9,430301
2024-07-15,37.9,38.05,37.5,37.9,139133
2024-07-16,38.1,38.35,37.2,37.5,423204
2024-07-17,37.95,37.95,37.5,37.7,144491
2024-07-18,37.25,37.55,36.95,37.15,302588
2024-07-19,37.05,37.15,36.1,36.8,699201
2024-07-22,36.75,36.8,35.1,35.3,502807
2024-07-23,35.3,37.0,35.3,35.35,516180
2024-07-26,34.95,35.35,34.5,35.35,175408
2024-07-29,35.5,35.95,34.8,35.8,368857
2024-07-30,36.0,37.5,35.9,36.95,230890
2024-07-31,36.95,37.3,36.3,36.9,139186
2024-08-01,37.1,37.35,36.6,36.6,153012
2024-08-02,36.15,37.1,36.15,36.2,218291
2024-08-05,38.0,38.0,32.6,34.95,1278647
2024-08-06,35.0,35.3,32.0,34.95,530060
2024-08-07,34.95,37.65,34.95,37.0,382588
2024-08-08,37.0,38.15,35.55,35.6,711756
2024-08-09,36.5,37.7,36.0,37.55,516986
2024-08-12,37.6,38.25,37.2,37.8,397332
2024-08-13,38.0,39.55,37.85,39.0,944085
2024-08-14,39.0,39.9,38.7,38.8,761944
2024-08-15,38.8,39.0,38.35,38.7,174546
2024-08-16,39.0,39.15,38.5,38.5,176148
2024-08-19,38.5,38.55,38.1,38.1,123145
2024-08-20,38.2,38.6,37.85,37.85,155245
2024-08-21,37.6,38.1,37.5,37.8,71334
2024-08-22,37.85,38.35,37.85,38.1,100232
2024-08-23,38.0,38.25,37.6,38.25,112705
2024-08-26,38.25,41.4,37.8,38.25,1222265
2024-08-27,38.5,39.0,37.35,37.5,601442
2024-08-28,37.8,39.35,37.65,38.9,434839
2024-08-29,39.15,39.65,38.35,39.0,462711
2024-08-30,39.1,39.1,38.5,38.55,252233
2024-09-02,38.6,38.6,37.9,38.0,122237
2024-09-03,38.15,38.15,37.5,37.55,113028
2024-09-04,36.6,36.85,35.85,35.85,358130
2024-09-05,36.1,36.35,35.65,35.65,103025
2024-09-06,35.65,36.2,35.55,36.0,67023
2024-09-09,34.1,36.25,34.1,35.9,143005
2024-09-10,36.1,37.2,35.4,35.4,213260
2024-09-11,35.8,35.8,34.95,35.0,103099
2024-09-12,35.0,36.0,35.0,35.4,94271
2024-09-13,36.0,36.0,34.95,35.0,64375
2024-09-16,35.0,35.75,34.75,34.75,107325
2024-09-18,34.8,35.5,34.7,35.0,109292
2024-09-19,35.0,36.75,35.0,36.0,134215
2024-09-20,36.15,36.9,36.0,36.4,161042
2024-09-23,36.5,37.0,36.5,36.75,121013
2024-09-24,37.0,37.2,36.5,36.7,57203
2024-09-25,37.0,38.7,37.0,38.3,536664
2024-09-26,38.3,39.6,38.3,38.3,641972
2024-09-27,38.55,39.0,38.15,38.3,174679
2024-09-30,38.35,38.9,37.9,38.25,202878
2024-10-01,37.95,38.65,37.95,38.1,41099
2024-10-04,37.5,38.1,37.45,38.0,83209
2024-10-07,38.0,38.6,37.9,38.0,125121
2024-10-08,38.0,38.35,37.75,37.75,123033
2024-10-09,37.7,37.7,37.0,37.2,100170
2024-10-11,37.2,38.45,37.15,38.0,255103
2024-10-14,38.5,39.2,38.4,39.05,347143
2024-10-15,39.05,39.6,38.45,38.7,603226
2024-10-16,38.7,39.45,38.65,38.8,402853
2024-10-17,39.4,40.4,39.4,40.05,905863
2024-10-18,40.95,42.8,40.95,42.35,2835643
2024-10-21,44.65,46.55,44.45,46.55,7733040
2024-10-22,47.25,48.6,45.75,48.4,6706752
2024-10-23,47.55,49.7,47.55,47.95,2718678
2024-10-24,47.9,49.85,47.9,49.0,1810615
2024-10-25,49.0,51.0,48.65,50.2,2203092
2024-10-28,50.8,53.8,49.5,50.6,3079991
2024-10-29,50.3,50.8,49.0,49.8,2163577
2024-10-30,50.0,50.3,49.05,50.0,1206541
2024-11-01,49.45,51.5,49.45,49.5,1222316
2024-11-04,49.5,49.5,46.25,46.25,2212045
2024-11-05,46.65,47.65,45.9,46.8,1566421
2024-11-06,46.8,47.9,46.2,46.35,727096
2024-11-07,47.15,47.5,46.35,46.9,1318222
2024-11-08,46.85,48.0,46.6,46.7,1282265
2024-11-11,46.8,47.3,43.0,46.3,4131052
2024-11-12,46.5,48.55,45.15,47.95,935898
2024-11-13,48.55,49.1,46.2,46.2,1674825
2024-11-14,46.35,46.35,44.3,44.9,1360144
2024-11-15,44.9,46.95,44.9,46.2,387686
2024-11-18,46.55,47.0,45.8,45.95,256528
2024-11-19,46.0,46.1,45.45,45.45,253552
2024-11-20,45.55,45.55,44.6,45.25,233779
2024-11-21,45.45,48.7,45.35,47.5,1133732
2024-11-22,48.15,49.2,47.15,47.3,1038036
2024-11-25,47.4,48.2,47.0,48.1,255510
2024-11-26,48.05,48.2,47.15,47.55,465464
2024-11-27,47.0,47.7,46.0,46.0,333446
2024-11-28,46.9,46.9,45.8,46.05,177350
2024-11-29,46.0,46.55,45.6,45.65,291053
2024-12-02,45.8,45.8,44.8,45.0,485164
2024-12-03,44.7,45.6,43.2,43.55,1059308
2024-12-04,43.5,46.7,43.4,46.35,625109
2024-12-05,46.35,46.4,44.75,44.9,426839
2024-12-06,44.95,45.6,44.5,45.4,230625
2024-12-09,45.6,46.5,45.0,45.0,197059
2024-12-10,45.0,45.3,44.4,45.0,149721
2024-12-11,45.0,45.5,44.55,44.9,184162
2024-12-12,45.0,45.35,44.7,44.8,109313
2024-12-13,44.8,44.95,44.4,44.9,178224
2024-12-16,44.9,45.15,44.3,44.4,302145
2024-12-17,44.5,45.5,44.1,44.5,263070
2024-12-18,44.05,44.45,43.0,43.1,330256
2024-12-19,43.1,45.45,42.65,45.15,389963
2024-12-20,45.0,45.35,44.3,45.35,209793
2024-12-23,45.4,46.3,44.0,45.35,1006416
2024-12-24,45.6,45.8,44.7,44.75,259210
2024-12-25,45.05,45.05,43.6,44.0,262247
2024-12-26,44.0,44.8,43.75,43.75,171308
2024-12-27,43.8,44.4,43.15,43.15,341545
2024-12-30,43.5,44.0,42.8,44.0,135123
2024-12-31,43.95,44.0,42.8,43.55,343165
2025-01-02,43.45,44.4,43.1,43.2,200026
2025-01-03,43.65,43.8,42.35,43.25,371840
2025-01-06,43.75,43.75,42.5,42.6,307510
2025-01-07,42.65,43.0,42.4,42.65,198310
2025-01-08,42.4,42.95,41.9,42.3,178038
2025-01-09,42.7,44.75,42.7,43.35,461302
2025-01-10,44.2,47.5,43.75,43.75,934431
2025-01-13,46.9,46.9,43.45,44.1,923230
2025-01-14,44.1,46.25,43.5,45.65,454011
2025-01-15,45.65,45.95,45.0,45.0,131592
2025-01-16,45.1,45.3,44.3,44.3,261774
2025-01-17,44.3,44.45,42.85,42.9,290330
2025-01-20,43.2,45.2,42.6,42.8,490880
2025-01-21,44.9,45.55,43.0,45.35,1717341
2025-01-22,44.5,45.35,43.8,45.3,1655597
2025-02-03,45.15,45.6,44.0,45.6,404091
2025-02-04,46.0,47.8,45.7,45.8,1003083
2025-02-05,46.35,46.8,45.65,46.75,1950981
2025-02-06,47.5,49.3,47.1,49.1,2113884
2025-02-07,49.15,50.0,48.65,49.2,1241101
2025-02-10,49.1,49.1,47.5,48.0,730621
2025-02-11,49.0,49.3,47.8,48.6,1146539
2025-02-12,48.0,48.0,44.6,45.55,2095095
2025-02-13,47.45,47.45,46.0,46.85,579791
2025-02-14,47.0,47.6,45.1,45.2,1705721
2025-02-17,45.6,46.65,45.15,45.4,911597
2025-02-18,45.45,45.95,45.05,45.35,267070
2025-02-19,45.35,46.8,45.0,46.3,524802
2025-02-20,46.15,46.9,45.95,46.1,220714
2025-02-21,46.05,46.15,45.35,46.0,208711
2025-02-24,46.0,46.0,45.0,45.5,358052
2025-02-25,45.35,45.6,45.0,45.5,342597
2025-02-26,45.2,45.9,45.2,45.3,399252
2025-02-27,45.4,45.5,44.0,44.0,426277
2025-03-03,44.0,44.3,43.3,43.5,425023
2025-03-04,43.75,43.85,43.0,43.5,185294
2025-03-05,43.9,44.55,43.35,44.15,266915
2025-03-06,44.4,45.0,43.5,44.65,519271
2025-03-07,44.55,44.55,43.25,43.8,569119
2025-03-10,44.45,45.3,44.25,44.75,521297
2025-03-11,42.95,44.5,42.5,42.65,840828
2025-03-12,43.1,44.95,42.9,44.2,554696
2025-03-13,44.95,45.3,43.5,43.6,543194
2025-03-14,43.95,44.6,43.5,44.3,382424
2025-03-17,44.2,44.5,43.45,43.45,261737
2025-03-18,43.5,44.05,43.45,43.5,251166
2025-03-19,44.0,46.3,44.0,45.7,1355911
2025-03-20,46.5,47.9,46.25,46.9,1908771
2025-03-21,47.1,48.6,47.1,47.75,1086787
2025-03-24,48.55,50.0,48.2,49.85,3080921
2025-03-25,49.85,50.3,48.95,49.6,2089868
2025-03-26,50.1,50.2,48.5,48.9,1105085
2025-03-27,48.75,49.5,48.0,48.5,1040187
2025-03-28,48.0,48.25,47.1,47.35,938398
2025-03-31,46.8,48.4,45.65,47.6,1134343
2025-04-01,48.35,49.5,47.0,49.1,936377
2025-04-02,48.8,50.0,48.15,49.1,1221698
2025-04-07,44.2,44.2,44.2,44.2,111153
2025-04-08,40.2,43.45,40.2,42.65,1587237
2025-04-09,42.4,43.0,38.5,39.25,1644606
2025-04-10,43.1,43.15,41.65,43.15,734099
2025-04-11,43.35,45.4,41.4,45.2,1579082
2025-04-14,46.3,49.6,45.6,47.75,2183306
2025-04-15,47.75,49.8,47.75,49.1,2719283
2025-04-16,49.2,49.8,48.5,49.3,1255973
2025-04-17,48.8,53.8,48.8,52.5,5606495
2025-04-18,53.7,53.8,50.1,52.0,5533348
2025-04-21,52.9,53.5,51.1,52.1,3116289
2025-04-22,52.1,52.3,50.6,51.4,2333201
2025-04-23,52.6,55.3,51.5,55.3,8208274
2025-04-24,56.1,56.4,53.2,53.4,4658717
2025-04-25,54.0,56.0,53.1,53.1,3903581
2025-04-28,53.1,53.5,51.7,52.8,1577921
2025-04-29,53.5,55.9,52.9,55.0,3492531
2025-04-30,56.5,56.8,54.4,56.4,4648740
2025-05-02,57.1,57.4,53.5,54.8,3838704
2025-05-05,55.5,55.5,52.1,53.7,2106421
2025-05-06,53.7,57.0,53.3,56.7,3491612
2025-05-07,59.0,59.7,55.1,57.1,11121536
2025-05-08,57.8,58.8,55.8,56.9,3835261
2025-05-09,56.8,62.0,56.8,61.0,8459562
2025-05-12,61.0,62.4,59.6,61.3,5335000
2025-05-13,61.4,61.4,59.1,60.5,2895000
2025-05-14,61.1,63.0,58.3,58.6,4427000
2025-05-15,58.8,59.8,57.2,59.0,2602000
2025-05-16,59.1,60.3,58.5,59.1,1755000
2025-05-19,59.1,59.5,56.5,59.5,1844000
2025-05-20,59.6,60.8,58.3,58.7,2044000
2025-05-21,59.4,61.0,58.4,58.9,3207000
2025-05-22,58.0,61.8,57.7,61.0,3767000
2025-05-23,61.2,61.9,60.5,61.2,3104000
2025-05-26,60.6,61.7,59.6,59.6,2253000
2025-05-27,59.6,61.0,58.9,59.5,2341000
2025-05-28,60.1,60.3,57.1,57.1,2575000
2025-05-29,58.0,59.6,57.5,59.1,1697000
2025-06-02,58.8,58.9,57.8,58.6,713000
2025-06-03,59.0,59.7,57.0,57.2,1208000
2025-06-04,57.6,58.7,56.9,56.9,1000000
2025-06-05,56.9,58.1,56.7,57.7,752000
2025-06-06,57.5,58.0,53.5,54.8,3181000
2025-06-09,55.3,56.2,54.8,56.0,809312
2025-06-10,56.1,56.8,53.8,55.8,3781000
2025-06-11,55.6,57.8,55.6,57.8,888000
2025-06-12,58.1,59.0,56.5,58.8,1117000
2025-06-13,58.8,59.7,58.3,59.1,1186000
2025-06-16,58.9,60.5,58.6,59.1,1138000
2025-06-17,59.5,60.5,58.8,60.0,1835000
2025-06-18,60.4,62.4,59.7,60.7,3192000
2025-06-19,60.5,63.4,60.4,62.7,3957000
2025-06-20,64.0,64.2,57.0,57.5,7059000
2025-06-23,56.9,57.9,55.3,56.8,1877000
2025-06-24,57.4,58.1,56.3,56.5,1492000
2025-06-25,57.1,57.4,55.7,56.6,722000
2025-06-26,56.5,57.3,56.2,56.9,455112
2025-06-27,57.2,58.5,57.1,57.1,949000
2025-06-30,57.5,57.5,54.3,56.6,1291774
2025-07-01,56.1,56.9,56.1,56.1,346000
2025-07-02,56.1,57.9,55.5,55.8,692000
2025-07-03,56.5,56.8,53.5,54.5,1138000
2025-07-04,54.6,55.1,54.0,54.5,847000
2025-07-07,54.4,54.4,52.5,53.0,1115000
2025-07-08,53.8,55.5,53.2,54.8,849696
2025-07-09,54.8,55.4,54.4,55.4,277000
2025-07-10,55.4,55.7,53.9,54.0,405000
2025-07-11,54.0,54.4,53.2,53.2,529886
