日期,開盤價,最高價,最低價,收盤價,成交量
2020/12/16,71.0,71.0,66.3,68.8,581249
2020/12/17,68.8,68.8,63.2,64.9,246681
2020/12/18,65.2,65.5,64.5,64.8,121555
2020/12/21,65.0,65.0,62.0,62.6,143750
2020/12/22,62.6,62.6,60.3,60.3,131302
2020/12/23,60.3,63.2,60.3,62.2,104591
2020/12/24,62.0,62.0,60.5,60.7,78151
2020/12/25,60.5,61.5,60.5,60.6,43286
2020/12/28,60.1,61.6,60.0,61.0,84152
2020/12/29,60.6,60.7,60.5,60.7,25207
2020/12/30,60.5,60.5,59.6,59.6,148410
2020/12/31,59.8,59.8,58.9,59.1,88060
2021/01/04,58.6,59.5,58.6,59.0,53801
2021/01/05,59.0,59.0,58.3,58.7,43950
2021/01/06,58.9,59.1,57.0,57.7,95683
2021/01/07,57.8,58.3,57.3,57.5,59383
2021/01/08,57.5,57.5,56.0,56.0,99014
2021/01/11,56.2,57.2,56.0,57.0,84221
2021/01/12,57.9,57.9,56.1,56.1,45350
2021/01/13,57.0,58.0,56.7,57.6,62154
2021/01/14,57.9,58.0,56.4,56.6,52220
2021/01/15,56.6,56.9,55.0,55.8,87410
2021/01/18,55.5,55.5,54.5,55.4,44426
2021/01/19,55.0,55.3,54.4,54.5,26000
2021/01/20,54.5,54.6,53.0,53.0,75240
2021/01/21,53.0,53.3,51.0,51.5,101294
2021/01/22,51.3,52.3,51.0,51.7,57896
2021/01/25,51.4,54.1,51.4,51.7,34815
2021/01/26,51.7,51.7,50.6,50.7,42360
2021/01/27,50.7,50.9,50.6,50.9,19175
2021/01/28,50.9,55.9,50.9,55.9,169972
2021/01/29,55.0,57.3,53.5,53.7,116340
2021/02/01,56.7,56.7,51.5,51.6,54006
2021/02/02,51.7,52.3,51.6,51.6,123106
2021/02/03,51.8,52.1,51.7,51.9,25341
2021/02/04,51.8,52.0,51.7,51.8,14000
2021/02/05,52.0,53.0,52.0,52.9,46171
2021/02/17,53.5,54.9,53.0,54.0,55617
2021/02/18,54.0,55.1,54.0,55.1,23000
2021/02/19,55.1,59.0,55.1,58.5,90098
2021/02/22,58.5,61.3,58.5,60.3,277475
2021/02/23,60.3,60.5,58.9,60.3,114255
2021/02/24,59.2,60.2,58.0,58.1,46255
2021/02/25,58.7,59.5,58.0,59.3,57659
2021/02/26,58.1,58.6,57.9,58.3,58020
2021/03/02,58.4,59.9,58.3,59.1,66276
2021/03/03,59.3,59.7,58.9,59.7,46040
2021/03/04,59.4,60.5,59.2,59.8,47311
2021/03/05,60.1,60.7,59.8,60.0,71393
2021/03/08,59.9,60.1,59.8,59.8,19084
2021/03/09,59.8,60.4,59.4,60.4,20368
2021/03/10,60.9,60.9,58.8,60.3,19010
2021/03/11,60.2,60.6,59.4,60.4,64101
2021/03/12,60.0,60.0,59.5,59.5,12050
2021/03/15,60.2,60.2,59.2,59.2,14000
2021/03/16,60.1,60.1,59.4,59.4,30200
2021/03/17,59.6,60.0,59.0,60.0,52000
2021/03/18,59.4,59.9,58.6,58.7,54311
2021/03/19,58.7,58.7,58.4,58.5,21022
2021/03/22,58.6,59.4,58.6,59.4,19004
2021/03/23,59.7,59.7,58.9,59.6,41000
2021/03/24,59.5,59.5,59.1,59.4,8000
2021/03/25,59.8,59.8,59.0,59.4,14023
2021/03/26,59.6,59.6,59.1,59.2,13081
2021/03/29,59.2,59.3,58.5,59.3,39004
2021/03/30,58.6,59.0,58.6,59.0,4058
2021/03/31,59.2,59.9,59.2,59.6,32000
2021/04/01,59.7,59.9,59.4,59.8,29050
2021/04/06,59.8,59.8,59.1,59.1,5151
2021/04/07,59.2,59.2,58.7,58.7,22104
2021/04/08,58.7,58.7,58.0,58.0,59100
2021/04/09,58.1,58.8,58.0,58.5,16061
2021/04/12,58.6,59.0,57.6,59.0,81327
2021/04/13,58.1,58.2,57.0,57.1,40300
2021/04/14,57.3,57.3,57.2,57.3,35061
2021/04/15,57.3,57.5,57.2,57.3,30000
2021/04/16,57.6,58.2,57.6,58.1,25099
2021/04/19,58.1,58.6,58.0,58.2,57023
2021/04/20,58.8,58.8,58.3,58.3,14000
2021/04/21,58.2,58.5,57.5,58.0,26231
2021/04/22,58.0,58.1,58.0,58.0,43150
2021/04/23,58.5,58.6,58.3,58.5,27000
2021/04/26,58.5,58.7,58.5,58.7,37100
2021/04/27,58.5,58.5,58.5,58.5,20000
2021/04/28,58.8,59.3,58.7,59.3,28054
2021/04/29,58.6,58.6,58.5,58.5,50050
2021/05/03,58.0,58.1,58.0,58.0,11023
2021/05/04,58.0,58.2,58.0,58.2,85099
2021/05/05,58.0,58.1,58.0,58.0,8578
2021/05/06,59.6,59.6,58.0,58.0,16050
2021/05/07,58.2,58.2,58.0,58.0,36000
2021/05/10,58.0,58.1,58.0,58.0,67000
2021/05/11,58.0,58.0,57.0,57.0,18020
2021/05/12,57.0,57.0,51.3,52.1,30154
2021/05/13,52.0,53.0,51.5,53.0,81000
2021/05/14,53.4,53.4,52.5,52.9,14078
2021/05/17,51.0,51.5,50.0,50.0,74411
2021/05/18,48.0,52.9,48.0,52.9,18383
2021/05/19,---,---,---, ---,0
2021/05/20,57.30,57.30,52.70,52.70,9000
2021/05/21,52.30,52.30,51.90,51.90,6000
2021/05/24,51.90,52.10,50.20,50.80,7295
2021/05/25,50.80,51.40,50.80,51.40,14129
2021/05/26,51.40,51.40,51.40,51.40,11001
2021/05/27,53.40,53.40,51.30,52.40,8099
2021/05/28,52.40,52.80,52.40,52.80,9080
2021/05/31,---,---,---, ---,121
2021/06/01,51.30,51.30,51.20,51.20,3167
2021/06/02,52.10,52.40,51.50,51.50,28275
2021/06/03,51.30,51.40,51.00,51.10,14101
2021/06/04,51.00,51.50,50.90,50.90,6230
2021/06/07,50.80,51.20,49.80,51.20,19267
2021/06/08,51.40,51.40,50.80,51.00,3007
2021/06/09,51.00,51.00,49.90,51.00,16051
2021/06/10,51.00,51.00,51.00,51.00,5071
2021/06/11,52.80,52.80,51.20,51.50,16001
2021/06/15,51.50,52.30,51.50,52.30,20001
2021/06/16,51.50,52.10,51.10,52.10,18000
2021/06/17,51.40,52.10,51.40,51.70,5001
2021/06/18,52.10,52.70,51.70,51.70,21040
2021/06/21,51.60,52.30,51.60,52.10,26181
2021/06/22,53.20,53.20,52.30,52.30,7172
2021/06/23,52.50,52.50,52.00,52.10,6101
2021/06/24,52.20,52.40,52.20,52.40,3165
2021/06/25,52.40,52.40,52.00,52.20,14037
2021/06/28,52.20,52.30,52.00,52.20,19065
2021/06/29,52.10,52.30,52.10,52.10,8098
2021/06/30,52.20,54.20,52.20,52.30,18004
2021/07/01,53.60,53.60,52.20,53.00,23080
2021/07/02,54.20,54.80,53.30,54.30,32000
2021/07/05,54.50,58.00,54.50,56.50,29576
2021/07/06,56.50,58.00,56.50,58.00,31126
2021/07/07,56.90,58.50,56.80,58.50,46455
2021/07/08,58.60,59.00,58.50,59.00,30060
2021/07/09,59.00,59.40,56.30,59.00,33054
2021/07/12,58.90,59.00,57.20,57.70,16106
2021/07/13,56.60,58.00,55.10,57.90,30184
2021/07/14,56.10,58.00,55.30,58.00,28389
2021/07/15,57.70,58.50,57.00,58.40,22260
2021/07/16,58.30,58.40,57.20,57.90,9000
2021/07/19,58.00,59.20,57.90,59.20,26805
2021/07/20,58.70,58.70,57.00,58.30,12557
2021/07/21,58.90,58.90,55.00,58.50,42105
2021/07/22,58.30,58.40,57.00,58.40,30006
2021/07/23,58.30,58.70,57.90,58.70,13380
2021/07/26,58.80,59.40,58.80,58.90,14333
2021/07/27,58.90,59.00,58.40,58.90,17083
2021/07/28,59.00,59.00,57.70,58.90,13053
2021/07/29,58.90,59.00,58.80,59.00,15014
2021/07/30,58.90,59.00,58.10,59.00,8000
2021/08/02,59.00,59.00,58.50,59.00,9017
2021/08/03,58.50,59.50,58.50,59.00,6037
2021/08/04,59.50,59.50,58.60,59.10,13000
2021/08/05,58.60,59.20,58.40,58.60,16006
2021/08/06,59.30,59.30,57.70,59.20,13030
2021/08/09,59.10,59.20,58.90,59.20,22020
2021/08/10,59.20,59.90,58.40,59.20,13539
2021/08/11,59.30,59.30,58.20,59.30,18135
2021/08/12,59.40,59.40,58.40,59.40,17120
2021/08/13,59.40,59.40,59.30,59.40,5010
2021/08/16,59.40,59.40,58.60,58.80,19100
2021/08/17,59.00,59.00,58.30,58.90,5000
2021/08/18,58.60,59.30,58.60,59.30,7034
2021/08/19,59.60,60.00,58.70,58.70,20133
2021/08/20,58.30,59.20,58.20,59.10,6000
2021/08/23,59.70,60.00,59.60,60.00,13276
2021/08/24,59.50,60.00,59.40,59.40,6000
2021/08/25,59.40,60.50,58.60,60.00,19330
2021/08/26,60.10,60.20,59.80,60.00,15172
2021/08/27,59.90,59.90,59.80,59.80,2020
2021/08/30,60.30,60.30,59.20,60.00,7000
2021/08/31,60.00,60.00,60.00,60.00,1030
2021/09/01,59.10,60.00,58.70,60.00,7441
2021/09/02,59.90,59.90,59.00,59.10,4087
2021/09/03,59.20,59.20,59.10,59.10,14056
2021/09/06,58.80,58.80,58.50,58.50,5020
2021/09/07,58.00,58.00,58.00,58.00,1073
2021/09/08,58.30,58.30,58.00,58.00,14195
2021/09/09,57.10,57.40,57.10,57.40,5095
2021/09/10,57.50,58.70,57.50,58.70,3007
2021/09/13,58.70,58.70,58.50,58.70,5119
2021/09/14,59.00,59.00,59.00,59.00,1329
2021/09/15,58.50,58.50,58.50,58.50,1015
2021/09/16,58.00,58.70,58.00,58.70,2000
2021/09/17,58.70,58.70,57.60,58.50,3110
2021/09/22,58.50,58.50,58.50,58.50,1060
2021/09/23,58.70,58.70,58.50,58.70,4000
2021/09/24,58.60,58.70,58.60,58.70,2000
2021/09/27,59.90,59.90,59.90,59.90,1160
2021/09/28,59.50,59.50,59.50,59.50,1050
2021/09/29,58.00,59.00,58.00,58.20,3050
2021/09/30,59.10,59.10,58.10,58.10,3050
2021/10/01,58.80,58.80,58.00,58.80,4000
2021/10/04,59.00,59.00,57.90,58.60,7160
2021/10/05,58.60,58.60,58.60,58.60,2000
2021/10/06,58.70,58.70,58.00,58.00,3050
2021/10/07,58.50,58.50,57.00,58.00,4020
2021/10/08,58.40,58.40,58.40,58.40,1014
2021/10/12,58.40,58.40,58.40,58.40,2001
2021/10/13,57.00,57.10,57.00,57.10,3000
2021/10/14,57.10,57.10,57.00,57.00,5510
2021/10/15,57.80,57.80,57.80,57.80,1018
2021/10/18,57.90,57.90,57.90,57.90,1000
2021/10/19,56.10,57.10,54.90,57.00,55273
2021/10/20,55.60,55.60,55.30,55.30,28000
2021/10/21,55.30,56.50,55.20,55.20,24000
2021/10/22,55.20,55.20,55.00,55.00,26010
2021/10/25,55.30,55.30,55.20,55.20,35202
2021/10/26,55.50,57.30,55.00,55.20,15056
2021/10/27,56.30,56.30,55.20,55.30,11124
2021/10/28,56.60,56.60,55.40,55.40,9200
2021/10/29,56.90,56.90,55.40,55.80,5009
2021/11/01,55.80,56.80,55.20,56.30,12000
2021/11/02,55.50,55.90,55.20,55.90,9050
2021/11/03,56.30,56.30,55.30,55.80,6090
2021/11/04,56.10,56.10,55.20,55.80,19103
2021/11/05,55.30,55.80,55.20,55.80,13050
2021/11/08,56.00,56.10,56.00,56.00,4140
2021/11/09,56.10,56.10,55.20,55.80,16328
2021/11/10,55.50,55.80,55.50,55.80,5000
2021/11/11,55.80,55.80,55.80,55.80,1036
2021/11/12,55.90,55.90,55.40,55.80,7011
2021/11/15,57.20,57.20,55.70,55.70,3001
2021/11/16,56.00,56.00,55.60,56.00,11285
2021/11/17,56.60,56.60,56.60,56.60,1002
2021/11/18,56.20,56.20,56.00,56.00,3185
2021/11/19,55.10,56.00,55.00,56.00,14088
2021/11/22,56.00,56.20,55.80,55.80,6530
2021/11/23,55.80,55.80,55.30,55.80,4000
2021/11/24,55.90,56.30,55.90,56.30,6000
2021/11/25,56.00,56.10,56.00,56.00,3000
2021/11/26,56.00,56.00,56.00,56.00,1000
2021/11/29,55.90,55.90,55.90,55.90,1005
2021/11/30,55.90,55.90,55.40,55.40,6207
2021/12/01,55.40,55.80,55.30,55.30,5000
2021/12/02,55.30,55.80,55.10,55.80,20000
2021/12/03,55.20,55.80,55.20,55.80,2000
2021/12/06,55.80,55.80,55.80,55.80,1000
2021/12/07,55.20,55.20,55.20,55.20,1020
2021/12/08,55.90,55.90,55.90,55.90,1000
2021/12/09,55.10,55.10,55.10,55.10,1074
2021/12/10,55.70,55.70,55.10,55.50,6050
2021/12/13,56.60,56.60,56.60,56.60,1000
2021/12/14,56.00,56.00,53.40,53.40,37525
2021/12/15,54.80,54.80,54.50,54.70,6100
2021/12/16,54.70,54.90,54.70,54.90,2000
2021/12/17,55.00,55.00,55.00,55.00,1000
2021/12/20,55.80,55.80,54.30,54.90,7100
2021/12/21,55.10,55.20,54.60,54.60,7000
2021/12/22,54.50,54.70,54.10,54.70,6050
2021/12/23,---,---,---, ---,0
2021/12/24,56.40,56.40,54.20,54.70,9000
2021/12/27,54.60,54.90,54.10,54.60,9350
2021/12/28,54.60,54.60,54.60,54.60,1000
2021/12/29,54.60,54.60,54.20,54.60,4000
2021/12/30,54.80,55.00,54.80,55.00,4000
2022/01/03,54.50,54.90,54.50,54.90,5000
2022/01/04,55.10,55.20,54.80,54.80,6000
2022/01/05,54.70,55.00,54.00,54.00,11000
2022/01/06,54.00,54.10,53.70,53.70,10000
2022/01/07,54.90,54.90,53.80,54.60,5000
2022/01/10,54.70,54.70,54.70,54.70,1046
2022/01/11,54.60,56.60,54.60,55.40,6008
2022/01/12,55.30,55.30,54.20,54.90,6042
2022/01/13,55.40,55.50,55.00,55.10,8000
2022/01/14,55.20,55.30,54.50,55.10,10060
2022/01/17,55.30,55.30,55.10,55.10,16094
2022/01/18,55.50,55.50,55.30,55.30,4000
2022/01/19,55.30,55.30,55.00,55.00,21000
2022/01/20,55.40,56.20,55.40,55.50,5002
2022/01/21,55.70,55.70,55.00,55.00,23146
2022/01/24,55.50,56.00,55.50,56.00,2211
2022/01/25,55.60,55.60,55.60,55.60,1041
2022/01/26,55.60,57.00,55.60,56.30,6000
2022/02/07,56.30,56.60,54.10,56.20,17018
2022/02/08,56.20,57.00,56.20,56.80,4000
2022/02/09,56.80,56.80,56.00,56.00,5000
2022/02/10,56.50,57.10,55.50,56.70,5089
2022/02/11,56.70,56.70,56.70,56.70,2112
2022/02/14,58.00,58.00,58.00,58.00,1000
2022/02/15,56.00,57.00,56.00,56.90,4123
2022/02/16,56.90,56.90,56.90,56.90,2001
2022/02/17,56.90,56.90,56.10,56.90,3291
2022/02/18,57.30,57.30,57.30,57.30,1051
2022/02/21,57.00,57.00,57.00,57.00,1030
2022/02/22,56.10,56.80,56.10,56.80,2030
2022/02/23,56.70,56.70,56.70,56.70,2020
2022/02/24,56.50,56.50,55.20,56.30,5049
2022/02/25,56.90,56.90,56.00,56.50,5000
2022/03/01,56.80,56.80,56.20,56.20,2104
2022/03/02,55.60,55.60,55.10,55.60,8019
2022/03/03,56.40,56.50,55.40,56.00,8001
2022/03/04,56.10,56.10,56.10,56.10,1000
2022/03/07,56.00,56.00,54.20,55.60,5556
2022/03/08,55.20,55.50,54.40,55.50,6000
2022/03/09,56.70,56.70,55.90,55.90,3010
2022/03/10,57.50,57.50,55.40,56.50,4000
2022/03/11,56.70,56.70,55.80,56.00,31050
2022/03/14,56.70,56.70,56.00,56.20,8020
2022/03/15,56.50,58.80,56.00,56.20,10132
2022/03/16,56.70,56.80,56.20,56.20,7009
2022/03/17,56.80,56.80,56.30,56.30,7001
2022/03/18,56.30,56.70,56.10,56.70,4020
2022/03/21,57.50,57.50,56.80,56.80,10069
2022/03/22,57.10,57.10,56.90,56.90,9030
2022/03/23,57.30,57.30,57.00,57.00,9020
2022/03/24,57.00,57.00,56.90,57.00,14097
2022/03/25,57.40,57.50,57.20,57.40,10291
2022/03/28,57.00,57.30,56.70,57.30,8100
2022/03/29,58.00,58.00,57.10,57.10,7000
2022/03/30,57.30,58.10,57.30,58.10,10010
2022/03/31,58.60,58.60,58.10,58.40,28080
2022/04/01,58.40,58.40,58.40,58.40,2000
2022/04/06,58.40,58.40,58.00,58.00,2162
2022/04/07,58.00,58.00,57.00,57.50,13001
2022/04/08,57.50,57.50,57.00,57.20,13002
2022/04/11,58.40,59.40,57.80,57.90,13133
2022/04/12,57.40,57.40,57.30,57.30,5259
2022/04/13,57.00,57.60,57.00,57.40,8200
2022/04/14,57.90,57.90,57.30,57.30,5062
2022/04/15,57.30,57.70,57.30,57.70,11049
2022/04/18,57.60,57.70,57.50,57.50,7102
2022/04/19,58.50,58.50,58.00,58.40,10018
2022/04/20,58.40,58.50,57.80,58.50,10022
2022/04/21,58.50,58.50,57.80,57.80,4000
2022/04/22,58.40,58.50,58.20,58.50,10072
2022/04/25,58.10,58.10,57.80,57.80,6100
2022/04/26,57.50,58.30,57.50,57.80,15000
2022/04/27,57.80,58.00,57.40,58.00,15100
2022/04/28,58.00,58.40,58.00,58.40,14025
2022/04/29,58.50,59.90,58.50,59.30,14202
2022/05/03,59.30,59.30,58.50,59.00,4130
2022/05/04,58.80,58.80,58.80,58.80,1100
2022/05/05,59.80,59.80,59.30,59.30,2000
2022/05/06,59.40,60.30,59.40,60.30,43679
2022/05/09,61.00,62.00,60.60,60.60,35521
2022/05/10,60.00,61.40,60.00,61.30,15000
2022/05/11,61.90,62.40,61.90,62.00,18560
2022/05/12,62.00,62.00,60.50,60.50,14045
2022/05/13,61.00,61.70,61.00,61.70,10006
2022/05/16,62.00,62.00,61.50,61.50,10036
2022/05/17,62.20,62.20,61.20,61.30,9089
2022/05/18,61.60,61.60,61.10,61.60,9000
2022/05/19,60.50,61.40,59.50,61.40,28272
2022/05/20,61.40,61.50,61.40,61.50,2404
2022/05/23,60.50,61.30,60.50,61.30,4016
2022/05/24,60.90,61.30,60.50,61.30,12280
2022/05/25,61.30,61.50,61.00,61.20,13127
2022/05/26,61.20,61.20,60.90,60.90,7200
2022/05/27,61.90,61.90,61.40,61.40,10000
2022/05/30,62.00,62.10,61.80,62.10,23104
2022/05/31,62.10,62.10,61.70,61.70,10025
2022/06/01,62.00,62.00,61.90,61.90,4051
2022/06/02,61.80,61.90,61.80,61.90,4025
2022/06/06,61.70,62.70,61.70,62.70,11169
2022/06/07,62.70,62.80,62.70,62.80,6062
2022/06/08,62.60,62.60,62.00,62.20,10207
2022/06/09,62.50,62.50,62.00,62.50,8076
2022/06/10,64.90,68.70,63.50,68.70,143971
2022/06/13,68.80,69.70,65.00,69.70,76979
2022/06/14,70.00,70.00,69.00,69.70,55984
2022/06/15,69.80,76.60,69.80,76.60,106497
2022/06/16,77.80,84.00,76.80,79.80,144341
2022/06/17,79.80,79.80,72.30,73.40,135393
2022/06/20,71.90,72.30,68.70,70.90,79641
2022/06/21,67.50,72.40,67.50,70.70,48481
2022/06/22,68.30,69.40,67.80,69.20,34294
2022/06/23,69.20,71.80,68.70,70.40,46257
2022/06/24,70.90,73.00,70.90,72.30,48205
2022/06/27,72.20,73.40,72.00,72.40,43215
2022/06/28,72.70,73.00,72.00,72.30,26220
2022/06/29,72.30,73.40,72.10,73.10,26000
2022/06/30,73.30,77.40,73.20,74.90,56839
2022/07/01,74.00,76.20,72.60,72.60,45721
2022/07/04,72.00,74.40,68.60,68.60,34680
2022/07/05,71.00,71.90,70.20,70.20,41168
2022/07/06,72.40,72.40,69.00,69.80,18254
2022/07/07,69.50,71.50,69.50,69.90,20030
2022/07/08,71.20,71.50,68.70,70.50,8078
2022/07/11,70.00,71.00,70.00,70.40,13201
2022/07/12,70.40,70.90,70.00,70.00,23551
2022/07/13,70.10,71.00,70.00,71.00,13362
2022/07/14,70.80,71.00,70.50,71.00,9325
2022/07/15,71.00,74.00,71.00,72.40,16584
2022/07/18,73.50,73.50,71.80,72.40,21001
2022/07/19,74.20,74.20,72.30,72.50,10348
2022/07/20,72.40,73.00,72.30,72.80,4200
2022/07/21,73.90,73.90,72.80,72.80,18286
2022/07/22,72.80,72.80,72.60,72.80,8700
2022/07/25,71.90,71.90,71.50,71.50,5118
2022/07/26,71.50,71.50,71.20,71.20,28006
2022/07/27,71.20,71.50,71.20,71.50,7020
2022/07/28,71.50,73.50,71.50,73.50,10012
2022/07/29,74.40,74.40,74.10,74.20,6008
2022/08/01,---,---,---, ---,200
2022/08/02,72.10,72.50,72.00,72.50,11300
2022/08/03,72.00,72.00,72.00,72.00,1000
2022/08/04,72.30,72.30,72.00,72.00,5021
2022/08/05,74.00,77.40,74.00,76.00,25147
2022/08/08,76.00,76.80,76.00,76.20,20820
2022/08/09,76.00,78.00,76.00,77.90,22256
2022/08/10,77.80,79.80,77.80,79.30,54429
2022/08/11,79.50,82.00,79.50,80.40,44000
2022/08/12,81.00,81.90,79.90,81.90,36604
2022/08/15,81.90,81.90,80.50,81.00,50156
2022/08/16,80.90,81.00,80.90,81.00,15599
2022/08/17,89.00,89.00,81.10,84.50,53563
2022/08/18,83.30,84.50,82.90,84.30,24652
2022/08/19,83.90,85.60,83.80,85.50,119433
2022/08/22,76.90,76.90,75.10,75.80,79368
2022/08/23,75.80,75.90,75.60,75.60,8690
2022/08/24,76.10,78.00,76.10,76.60,21351
2022/08/25,76.80,78.00,76.80,77.10,28015
2022/08/26,78.40,78.40,76.80,77.40,15069
2022/08/29,77.00,77.20,74.10,75.20,32266
2022/08/30,75.20,75.70,75.00,75.70,9057
2022/08/31,74.60,75.70,74.10,75.70,21189
2022/09/01,---,---,---, ---,0
2022/09/02,76.00,76.50,75.20,76.50,11000
2022/09/05,76.50,76.50,76.10,76.10,15070
2022/09/06,75.20,75.80,75.10,75.80,9071
2022/09/07,76.00,76.00,73.30,75.00,12359
2022/09/08,75.00,75.80,74.50,74.90,12067
2022/09/12,77.10,82.00,77.10,82.00,142001
2022/09/13,80.30,81.80,80.30,81.10,27180
2022/09/14,81.00,83.00,80.90,83.00,28113
2022/09/15,83.00,85.00,83.00,83.40,47576
2022/09/16,81.60,83.70,81.30,81.50,18413
2022/09/19,81.10,81.10,80.20,80.20,38376
2022/09/20,81.00,81.90,80.60,81.90,14402
2022/09/21,82.50,87.80,82.50,84.70,76853
2022/09/22,85.00,87.00,84.20,84.50,40499
2022/09/23,85.70,86.00,83.90,84.90,42097
2022/09/26,86.80,86.80,81.10,83.80,51942
2022/09/27,82.00,82.80,81.50,82.80,12452
2022/09/28,82.70,82.70,77.20,82.50,24258
2022/09/29,82.50,82.70,81.00,82.70,7951
2022/09/30,80.90,80.90,80.90,80.90,1331
2022/10/03,80.00,82.90,80.00,81.20,13858
2022/10/04,81.70,81.70,81.00,81.00,11461
2022/10/05,81.20,81.80,80.90,81.00,19293
2022/10/06,82.00,82.00,81.00,81.90,9401
2022/10/07,82.40,82.60,82.00,82.50,16686
2022/10/11,82.50,82.50,80.00,80.10,9490
2022/10/12,80.10,80.90,80.10,80.80,7440
2022/10/13,80.10,80.10,79.00,79.00,13522
2022/10/14,79.80,80.20,79.00,79.00,14022
2022/10/17,79.00,79.00,78.70,78.70,7485
2022/10/18,79.50,79.50,79.00,79.40,5016
2022/10/19,79.00,79.30,79.00,79.30,4301
2022/10/20,79.30,79.30,79.30,79.30,1056
2022/10/21,80.00,80.00,80.00,80.00,1834
2022/10/24,79.50,79.50,78.60,78.60,7317
2022/10/25,79.30,79.30,79.00,79.00,4101
2022/10/26,79.00,79.00,78.50,78.50,3336
2022/10/27,76.80,76.80,74.70,75.20,14136
2022/10/28,73.50,75.00,73.50,74.00,22023
2022/10/31,73.00,78.70,70.00,78.00,12505
2022/11/01,78.00,78.00,78.00,78.00,5138
2022/11/02,78.00,78.00,78.00,78.00,2060
2022/11/03,---,---,---, ---,0
2022/11/04,73.50,77.80,72.00,77.80,79759
2022/11/07,77.50,77.50,73.50,75.00,18543
2022/11/08,77.40,77.40,75.80,75.90,9257
2022/11/09,---,---,---, ---,227
2022/11/10,---,---,---, ---,222
2022/11/11,75.00,76.50,74.00,76.50,16430
2022/11/14,74.10,75.00,74.00,74.00,18662
2022/11/15,74.30,74.50,74.30,74.50,14574
2022/11/16,74.50,76.00,74.00,76.00,17822
2022/11/17,75.00,75.50,74.80,75.50,12954
2022/11/18,75.20,75.20,74.20,74.20,6293
2022/11/21,74.20,75.00,74.20,74.70,10107
2022/11/22,75.50,76.00,75.00,76.00,17300
2022/11/23,76.00,81.00,76.00,79.00,23744
2022/11/24,80.90,80.90,78.00,78.00,8851
2022/11/25,78.00,79.00,78.00,78.00,8807
2022/11/28,78.00,78.00,78.00,78.00,1225
2022/11/29,78.00,78.20,78.00,78.10,3273
2022/11/30,78.10,78.20,78.00,78.20,5400
2022/12/01,78.00,79.00,78.00,79.00,10279
2022/12/02,79.10,79.10,78.60,78.60,6050
2022/12/05,78.60,79.50,78.50,78.60,8205
2022/12/06,79.10,80.00,78.60,79.80,15097
2022/12/07,81.20,82.10,79.80,79.90,33521
2022/12/08,79.00,80.00,79.00,80.00,13723
2022/12/09,80.00,83.80,80.00,83.60,51357
2022/12/12,82.50,84.50,82.40,83.00,43450
2022/12/13,82.50,82.80,81.10,82.00,17409
2022/12/14,82.40,84.40,81.80,84.40,19547
2022/12/15,83.20,84.40,83.00,83.00,23745
2022/12/16,83.00,83.00,82.10,82.10,5010
2022/12/19,82.30,82.30,79.00,81.80,17565
2022/12/20,80.10,80.90,79.00,79.50,21055
2022/12/21,80.30,81.80,80.30,81.00,13010
2022/12/22,81.00,81.00,80.50,80.50,5105
2022/12/23,80.90,81.20,80.50,81.10,9131
2022/12/26,---,---,---, ---,115
2022/12/27,81.00,81.10,81.00,81.10,6235
2022/12/28,80.00,80.00,79.80,80.00,8246
2022/12/29,79.90,80.30,78.50,80.30,4271
2022/12/30,80.30,83.00,80.30,82.10,23279
2023/01/03,82.10,82.30,80.40,82.00,13141
2023/01/04,82.40,82.40,80.50,82.00,7173
2023/01/05,82.00,82.20,82.00,82.10,10180
2023/01/06,82.20,83.00,82.10,82.70,11099
2023/01/09,82.70,85.00,82.70,84.50,30510
2023/01/10,84.50,86.00,84.50,85.20,15283
2023/01/11,85.00,86.00,83.90,85.00,24859
2023/01/12,86.00,86.00,84.10,85.10,26095
2023/01/13,84.90,84.90,84.00,84.00,6212
2023/01/16,84.00,84.00,84.00,84.00,1003
2023/01/17,84.00,85.00,84.00,84.50,11465
2023/01/30,84.50,86.50,84.50,85.80,39467
2023/01/31,85.30,86.00,85.30,85.50,16177
2023/02/01,85.50,87.50,85.50,86.00,37813
2023/02/02,85.60,87.00,84.50,86.10,47692
2023/02/03,86.10,86.20,85.90,85.90,6621
2023/02/06,85.90,86.70,85.90,86.20,18286
2023/02/07,88.00,90.50,88.00,90.00,58474
2023/02/08,93.00,93.00,89.50,89.60,15219
2023/02/09,89.60,89.60,87.30,88.70,30613
2023/02/10,89.20,89.20,88.80,88.80,11553
2023/02/13,89.20,90.50,88.50,89.10,44137
2023/02/14,89.00,94.90,89.00,94.50,54715
2023/02/15,96.50,97.00,93.10,94.20,23609
2023/02/16,93.70,93.70,90.20,92.10,18144
2023/02/17,92.00,92.00,91.00,91.20,21556
2023/02/20,91.20,93.00,91.20,91.90,18351
2023/02/21,93.00,93.40,91.50,91.90,27471
2023/02/22,91.50,97.00,91.00,95.10,52805
2023/02/23,98.00,99.50,96.80,98.70,49642
2023/02/24,108.50,108.50,108.50,108.50,215097
2023/03/01,109.00,119.00,108.50,116.50,568979
2023/03/02,109.50,116.50,109.50,113.50,215020
2023/03/03,113.00,115.50,112.00,112.00,196396
2023/03/06,114.00,115.50,112.50,115.00,102548
2023/03/07,116.00,116.00,113.50,113.50,81540
2023/03/08,114.00,114.50,113.00,113.50,63801
2023/03/09,114.00,115.50,113.00,114.00,71564
2023/03/10,115.00,125.00,114.50,125.00,294484
2023/03/13,126.00,129.50,121.50,122.50,172166
2023/03/14,121.50,126.00,121.50,123.00,102478
2023/03/15,123.00,134.00,123.00,134.00,165578
2023/03/16,133.50,133.50,125.50,127.50,176079
2023/03/17,128.50,138.00,128.50,137.00,110934
2023/03/20,136.50,143.50,134.00,140.00,129424
2023/03/21,140.50,143.00,137.00,139.50,92286
2023/03/22,138.00,142.00,138.00,142.00,76242
2023/03/23,142.50,142.50,138.50,142.00,54581
2023/03/24,148.00,148.50,144.00,146.00,90669
2023/03/27,152.00,160.50,149.00,154.00,256945
2023/03/28,154.00,156.50,139.00,149.00,209034
2023/03/29,146.00,152.50,146.00,149.50,92471
2023/03/30,149.50,149.50,147.00,148.00,54334
2023/03/31,147.00,147.00,137.50,139.50,242822
2023/04/06,140.00,141.00,138.00,139.50,57838
2023/04/07,138.00,143.00,137.50,140.00,99476
2023/04/10,142.50,148.00,142.50,145.00,156734
2023/04/11,146.00,146.00,141.50,143.00,40660
2023/04/12,143.00,146.00,143.00,145.00,48290
2023/04/13,144.00,153.50,143.00,147.00,160108
2023/04/14,148.00,152.50,148.00,152.50,105133
2023/04/17,155.00,155.00,148.50,151.00,85663
2023/04/18,151.00,152.00,147.50,150.00,109284
2023/04/19,149.00,154.00,149.00,150.50,310672
2023/04/20,151.00,155.50,148.50,148.50,237616
2023/04/21,151.00,152.00,146.50,148.00,148607
2023/04/24,148.50,150.00,148.00,148.50,48872
2023/04/25,150.00,150.00,144.00,145.50,71352
2023/04/26,143.50,145.50,142.50,144.00,36647
2023/04/27,144.00,151.50,144.00,147.50,66753
2023/04/28,148.00,149.00,147.00,147.50,40734
2023/05/02,147.50,149.50,145.00,146.50,51391
2023/05/03,148.50,148.50,145.00,145.50,23842
2023/05/04,147.00,150.00,145.50,148.50,61414
2023/05/05,150.00,153.50,148.00,151.00,79399
2023/05/08,149.00,152.00,149.00,150.50,38045
2023/05/09,156.00,156.00,149.50,150.00,55554
2023/05/10,149.00,153.00,148.50,153.00,43646
2023/05/11,153.00,153.00,142.00,143.50,211151
2023/05/12,140.00,142.50,138.50,142.50,70752
2023/05/15,140.50,145.00,140.00,144.00,26225
2023/05/16,142.00,145.00,141.50,144.00,40048
2023/05/17,146.00,148.00,146.00,147.50,34941
2023/05/18,148.00,148.50,142.50,144.00,59610
2023/05/19,142.50,143.50,141.00,142.50,60558
2023/05/22,142.50,148.00,142.50,144.00,28740
2023/05/23,145.50,145.50,144.50,144.50,7268
2023/05/24,145.00,146.50,142.50,144.00,53844
2023/05/25,146.00,146.00,143.00,143.50,15585
2023/05/26,143.50,143.50,141.50,142.00,26435
2023/05/29,142.00,144.50,142.00,143.00,8578
2023/05/30,143.00,144.00,142.50,143.00,15034
2023/05/31,144.50,145.00,144.00,144.00,19195
2023/06/01,148.00,148.00,144.50,144.50,29727
2023/06/02,144.00,144.50,143.50,144.00,20121
2023/06/05,146.00,148.00,143.00,148.00,70902
2023/06/06,147.00,149.50,147.00,149.00,27450
2023/06/07,150.00,158.50,148.50,152.50,116058
2023/06/08,155.00,155.00,151.00,152.50,33041
2023/06/09,155.00,158.00,152.50,154.50,80645
2023/06/12,159.50,159.50,150.00,157.50,109912
2023/06/13,160.00,160.00,155.00,157.00,53352
2023/06/14,156.00,156.00,155.00,155.00,13105
2023/06/15,155.00,155.00,152.00,152.00,37388
2023/06/16,156.00,167.00,155.50,167.00,547647
2023/06/19,170.00,177.50,158.50,165.50,367579
2023/06/20,164.00,182.00,163.50,173.50,565154
2023/06/21,172.00,180.00,172.00,180.00,205396
2023/06/26,180.00,183.50,175.00,175.00,182208
2023/06/27,179.00,182.50,173.00,182.50,160613
2023/06/28,183.50,194.00,183.00,185.00,238240
2023/06/29,187.00,193.00,184.00,186.50,157367
2023/06/30,190.00,194.00,186.00,189.00,238300
2023/07/03,190.50,201.50,189.00,201.50,339862
2023/07/04,158.00,158.00,140.00,146.50,680279
2023/07/05,147.00,161.00,146.50,161.00,311357
2023/07/06,163.00,173.50,158.00,159.00,543191
2023/07/07,159.00,159.50,149.50,150.00,220983
2023/07/10,155.00,155.00,145.00,146.00,144146
2023/07/11,145.00,151.00,142.00,146.00,155366
2023/07/12,146.00,149.00,142.50,143.50,112971
2023/07/13,143.50,145.00,140.00,140.00,167007
2023/07/14,141.00,145.00,141.00,142.50,94753
2023/07/17,143.50,143.50,140.00,140.50,46071
2023/07/18,140.50,140.50,134.00,136.00,86879
2023/07/19,136.00,139.00,135.00,138.00,69240
2023/07/20,136.00,141.00,136.00,139.00,41722
2023/07/21,139.00,141.00,136.00,137.00,37052
2023/07/24,136.00,136.00,130.50,131.50,85019
2023/07/25,131.50,135.00,131.50,135.00,46443
2023/07/26,140.50,140.50,133.00,133.50,47093
2023/07/27,135.00,135.00,133.00,134.00,18225
2023/07/28,135.00,135.50,134.00,134.00,58348
2023/07/31,134.00,134.00,128.00,128.50,56198
2023/08/01,128.50,129.00,128.00,129.00,15366
2023/08/02,130.00,130.00,126.00,127.00,46298
2023/08/04,125.00,129.50,122.50,129.50,43258
2023/08/07,130.50,130.50,126.50,127.00,25161
2023/08/08,125.00,125.00,125.00,125.00,4871
2023/08/09,120.50,124.00,115.50,118.50,172578
2023/08/10,121.50,121.50,114.50,115.00,112707
2023/08/11,119.00,119.00,114.00,115.50,46332
2023/08/14,115.00,115.00,108.00,108.50,108008
2023/08/15,111.00,111.50,109.00,109.50,51638
2023/08/16,109.50,112.00,109.00,112.00,32757
2023/08/17,112.00,116.00,109.00,113.50,55690
2023/08/18,113.00,113.00,109.00,109.00,32343
2023/08/21,109.00,109.50,107.00,107.50,48980
2023/08/22,109.50,109.50,103.50,103.50,77059
2023/08/23,105.00,106.50,103.50,106.00,47957
2023/08/24,107.00,108.50,106.00,108.50,29628
2023/08/25,108.50,112.00,108.50,109.00,21202
2023/08/28,111.00,111.00,106.50,106.50,28085
2023/08/29,107.00,107.50,107.00,107.50,3772
2023/08/30,110.00,110.00,108.00,109.00,9930
2023/08/31,110.50,119.50,110.00,119.50,136309
2023/09/01,124.00,125.50,120.00,120.00,179019
2023/09/04,119.50,121.00,114.00,118.50,97256
2023/09/05,118.50,121.00,118.50,121.00,21940
2023/09/06,121.00,121.50,118.00,119.00,17082
2023/09/07,123.50,123.50,117.50,117.50,31792
2023/09/08,117.50,117.50,115.00,116.50,21986
2023/09/11,115.50,115.50,112.50,112.50,43131
2023/09/12,112.00,116.00,112.00,115.50,19889
2023/09/13,115.50,117.50,115.00,117.00,19216
2023/09/14,118.00,118.00,117.00,117.00,28678
2023/09/15,119.50,119.50,116.50,117.50,16913
2023/09/18,119.50,119.50,119.00,119.00,7488
2023/09/19,118.00,119.50,118.00,119.50,2444
2023/09/20,119.50,120.00,118.00,118.00,6301
2023/09/21,117.00,117.00,113.00,114.50,16128
2023/09/22,114.00,114.00,113.00,113.00,15095
2023/09/25,114.50,122.00,114.50,115.00,44005
2023/09/26,115.00,115.00,114.50,114.50,4224
2023/09/27,113.50,114.50,113.50,114.50,11034
2023/09/28,117.50,119.00,117.00,117.50,21781
2023/10/02,117.50,117.50,116.50,117.50,9584
2023/10/03,118.50,119.50,118.00,119.00,11787
2023/10/04,119.00,119.00,116.00,117.50,15932
2023/10/05,117.00,119.00,117.00,119.00,8620
2023/10/06,117.00,117.50,117.00,117.00,12247
2023/10/11,116.50,116.50,114.00,114.00,37577
2023/10/12,113.50,114.50,112.00,113.00,30147
2023/10/13,113.00,114.50,113.00,114.50,13436
2023/10/16,114.50,115.00,114.00,114.50,15319
2023/10/17,114.50,115.00,114.50,114.50,15306
2023/10/18,114.00,114.00,113.50,114.00,10160
2023/10/19,113.50,113.50,112.50,113.00,18196
2023/10/20,112.00,113.00,111.50,111.50,13169
2023/10/23,111.50,113.00,111.50,111.50,9160
2023/10/24,111.50,111.50,110.00,110.50,20564
2023/10/25,110.00,110.00,109.00,109.00,21612
2023/10/26,109.00,110.00,108.00,109.00,29726
2023/10/27,109.00,110.00,109.00,110.00,14152
2023/10/30,113.00,113.00,110.00,110.00,2800
2023/10/31,108.50,111.00,108.50,109.50,9316
2023/11/01,108.50,112.00,108.00,111.00,33675
2023/11/02,112.00,112.50,112.00,112.00,20737
2023/11/03,122.00,122.00,115.50,118.00,99878
2023/11/06,117.00,122.00,117.00,120.00,36572
2023/11/07,118.00,120.00,117.50,118.00,25577
2023/11/08,119.00,119.00,116.00,117.00,35746
2023/11/09,120.50,120.50,118.00,119.50,27802
2023/11/10,119.50,122.50,118.00,119.00,46423
2023/11/13,121.50,122.00,119.50,120.00,52256
2023/11/14,117.50,119.50,116.50,118.00,24657
2023/11/15,118.50,121.00,118.00,119.50,33943
2023/11/16,119.50,122.00,119.50,121.00,23591
2023/11/17,122.50,122.50,119.50,120.50,22667
2023/11/20,120.50,120.50,119.50,120.00,20501
2023/11/21,120.00,120.00,119.00,119.50,10366
2023/11/22,119.50,120.50,118.00,118.50,24688
2023/11/23,119.00,119.50,118.50,118.50,20731
2023/11/24,119.00,119.00,117.50,118.00,9991
2023/11/27,118.00,118.50,118.00,118.50,11593
2023/11/28,119.00,121.00,119.00,120.00,25336
2023/11/29,120.50,120.50,119.00,119.00,9324
2023/11/30,119.00,119.50,118.00,119.50,21658
2023/12/01,118.00,119.50,118.00,118.50,20538
2023/12/04,118.50,121.50,118.50,118.50,36873
2023/12/05,118.50,118.50,117.50,117.50,18079
2023/12/06,118.00,118.00,117.00,117.00,9539
2023/12/07,117.00,117.50,117.00,117.50,14189
2023/12/08,118.00,118.00,117.00,117.50,11940
2023/12/11,118.50,122.00,118.50,119.00,44026
2023/12/12,119.00,119.00,116.50,116.50,49554
2023/12/13,117.00,117.00,116.50,117.00,8446
2023/12/14,117.00,117.50,117.00,117.00,33598
2023/12/15,117.00,117.00,116.50,116.50,19444
2023/12/18,116.50,116.50,115.00,116.00,45065
2023/12/19,115.00,115.00,113.00,115.00,34439
2023/12/20,117.50,117.50,111.50,113.50,93078
2023/12/21,113.00,114.00,112.50,113.00,28376
2023/12/22,113.00,114.00,113.00,113.50,17267
2023/12/25,113.00,113.00,108.00,109.00,142835
2023/12/26,109.00,110.50,109.00,110.50,16157
2023/12/27,111.00,112.00,110.50,112.00,22843
2023/12/28,112.00,112.00,111.00,112.00,22961
2023/12/29,113.50,114.00,108.00,111.50,110538
2024/01/02,110.50,110.50,106.00,109.00,169545
2024/01/03,109.00,109.00,108.00,109.00,8756
2024/01/04,108.50,110.50,108.00,110.00,27137
2024/01/05,111.00,113.50,111.00,112.50,47588
2024/01/08,111.00,112.50,109.50,110.50,25492
2024/01/09,111.50,112.50,110.50,111.50,12497
2024/01/10,112.00,112.50,111.50,112.00,15227
2024/01/11,111.50,112.50,111.50,112.00,15034
2024/01/12,112.00,112.00,111.50,111.50,7820
2024/01/15,111.50,111.50,111.00,111.00,8626
2024/01/16,111.00,111.00,110.00,110.00,3407
2024/01/17,109.50,109.50,107.00,108.00,37525
2024/01/18,108.00,109.50,107.00,107.00,15717
2024/01/19,108.00,108.50,107.50,108.50,6625
2024/01/22,108.50,108.50,107.00,107.50,14572
2024/01/23,108.00,108.00,108.00,108.00,7622
2024/01/24,108.50,108.50,108.00,108.50,9074
2024/01/25,108.50,108.50,108.00,108.00,10896
2024/01/26,108.50,109.00,108.00,109.00,13872
2024/01/29,109.00,109.50,109.00,109.00,9760
2024/01/30,109.50,110.00,109.50,109.50,5058
2024/01/31,110.00,110.00,109.00,109.00,5830
2024/02/01,108.50,109.00,108.50,109.00,6516
2024/02/02,109.50,110.00,109.50,110.00,3217
2024/02/05,110.00,113.50,108.50,112.50,28024
2024/02/15,115.00,115.50,112.50,112.50,31451
2024/02/16,112.50,113.00,111.00,113.00,21604
2024/02/19,113.00,116.50,112.50,115.50,126984
2024/02/20,115.50,115.50,114.00,114.00,29347
2024/02/21,114.00,114.50,114.00,114.00,21020
2024/02/22,115.00,115.00,112.50,113.50,27181
2024/02/23,113.50,113.50,113.00,113.00,20496
2024/02/26,112.50,113.00,112.50,113.00,25467
2024/02/27,113.00,113.00,112.00,112.00,24065
2024/02/29,103.50,105.50,101.00,102.50,559360
2024/03/01,104.00,105.00,102.50,104.00,86682
2024/03/04,105.00,105.00,102.00,103.00,62316
2024/03/05,103.00,103.00,101.50,102.00,41576
2024/03/06,103.00,103.50,102.00,102.50,26949
2024/03/07,102.00,102.00,101.00,101.00,51868
2024/03/08,101.00,101.00,98.00,98.30,144700
2024/03/11,96.00,98.30,96.00,98.00,45847
2024/03/12,98.50,99.90,98.40,99.90,15256
2024/03/13,99.40,99.40,98.50,98.50,23801
2024/03/14,98.50,98.50,97.50,97.50,28175
2024/03/15,98.50,98.50,97.10,97.10,20893
2024/03/18,97.70,97.70,97.00,97.20,17594
2024/03/19,97.00,97.00,96.20,96.80,28444
2024/03/20,96.70,96.80,96.30,96.30,17947
2024/03/21,97.10,97.30,96.60,96.70,19707
2024/03/22,97.70,97.70,96.30,96.30,14774
2024/03/25,95.80,95.80,95.00,95.20,52241
2024/03/26,95.10,95.10,93.20,94.10,57428
2024/03/27,94.10,97.90,92.90,93.60,49969
2024/03/28,96.50,96.50,94.10,94.50,10846
2024/03/29,94.80,94.80,94.50,94.50,20137
2024/04/01,94.60,97.20,94.50,96.00,10474
2024/04/02,96.00,97.40,96.00,96.60,28064
2024/04/03,96.00,96.00,96.00,96.00,2003
2024/04/08,95.90,96.20,95.40,96.00,13557
2024/04/09,96.40,97.50,96.30,96.80,15329
2024/04/10,98.90,98.90,97.50,97.50,15792
2024/04/11,97.50,97.70,96.80,97.30,15812
2024/04/12,96.80,97.30,96.40,97.30,8619
2024/04/15,97.30,97.30,96.70,96.70,4280
2024/04/16,97.70,97.70,94.00,94.00,15342
2024/04/17,96.00,96.00,94.10,94.60,12603
2024/04/18,94.60,95.00,94.00,95.00,9013
2024/04/19,94.40,94.40,90.20,92.60,47978
2024/04/22,92.70,92.90,92.70,92.90,10751
2024/04/23,92.90,94.00,92.90,93.60,19327
2024/04/24,93.60,93.60,93.30,93.60,6920
2024/04/25,93.10,94.10,93.00,93.80,11267
2024/04/26,94.00,94.00,93.30,93.80,9260
2024/04/29,93.90,94.50,93.90,94.00,10675
2024/04/30,95.00,97.00,95.00,96.50,28142
2024/05/02,96.50,98.80,96.50,98.10,31355
2024/05/03,98.20,98.40,98.10,98.10,21374
2024/05/06,98.10,98.10,97.50,97.80,10078
2024/05/07,98.00,98.00,97.90,98.00,9674
2024/05/08,97.50,97.50,96.80,96.80,10726
2024/05/09,97.20,97.20,97.00,97.00,11536
2024/05/10,92.20,96.10,92.20,95.90,12722
2024/05/13,95.00,95.90,95.00,95.80,8180
2024/05/14,95.80,97.60,95.80,95.90,13177
2024/05/15,95.50,96.90,95.50,96.90,8618
2024/05/16,97.40,98.50,96.90,97.90,14804
2024/05/17,98.20,98.50,97.50,97.50,12065
2024/05/20,97.90,97.90,96.80,96.90,18677
2024/05/21,98.90,98.90,97.30,97.60,15779
2024/05/22,97.60,97.70,97.60,97.60,12105
2024/05/23,97.60,97.60,96.60,96.70,24847
2024/05/24,96.60,96.70,96.00,96.10,14271
2024/05/27,97.00,97.10,95.70,96.00,20420
2024/05/28,96.20,96.20,95.70,96.00,10074
2024/05/29,95.20,95.90,94.50,94.80,19986
2024/05/30,96.90,96.90,94.90,94.90,3482
2024/05/31,94.90,95.60,94.70,95.20,23131
2024/06/03,95.20,95.30,95.20,95.30,8434
2024/06/04,95.30,95.30,94.70,95.00,9450
2024/06/05,95.20,95.20,95.10,95.20,4695
2024/06/06,95.20,95.30,95.00,95.30,14293
2024/06/07,95.30,95.70,95.30,95.70,7727
2024/06/11,98.90,98.90,95.70,95.90,10184
2024/06/12,96.00,96.00,95.90,96.00,13611
2024/06/13,96.80,97.00,96.30,97.00,23783
2024/06/14,97.50,97.90,97.00,97.40,19622
2024/06/17,97.70,97.80,97.00,97.80,20971
2024/06/18,98.30,98.30,97.70,97.70,27557
2024/06/19,98.10,98.20,97.50,97.80,53714
2024/06/20,97.80,98.80,97.80,98.20,49021
2024/06/21,99.00,99.50,98.10,98.50,37256
2024/06/24,99.20,99.30,97.40,98.50,23128
2024/06/25,98.50,100.50,98.00,99.00,56322
2024/06/26,100.00,100.50,99.10,100.00,31178
2024/06/27,99.50,99.50,99.20,99.20,7751
2024/06/28,100.50,100.50,98.10,98.80,37689
2024/07/01,99.00,99.00,97.40,98.40,37508
2024/07/02,97.00,97.50,95.80,96.20,22171
2024/07/03,97.70,97.80,97.00,97.00,18763
2024/07/04,97.40,98.50,97.40,97.70,46916
2024/07/05,98.00,98.40,97.80,98.20,15558
2024/07/08,98.50,100.00,98.50,99.60,49046
2024/07/09,100.50,100.50,99.10,99.10,10366
2024/07/10,100.00,100.00,99.60,99.60,11599
2024/07/11,99.90,100.00,98.90,99.00,19479
2024/07/12,99.10,99.10,99.00,99.00,5702
2024/07/15,99.20,99.20,97.40,98.10,28799
2024/07/16,97.50,97.60,97.10,97.30,25475
2024/07/17,97.00,97.50,96.70,97.50,24811
2024/07/18,97.10,97.10,97.10,97.10,1594
2024/07/19,97.50,98.00,95.80,95.80,31558
2024/07/22,97.00,97.00,95.20,96.30,10894
2024/07/23,96.30,97.10,96.30,97.10,9545
2024/07/26,97.10,97.50,93.80,95.70,30381
2024/07/29,94.50,95.00,93.10,93.10,31942
2024/07/30,93.00,93.00,93.00,93.00,1327
2024/07/31,93.10,93.10,93.10,93.10,4292
2024/08/01,93.40,93.70,93.40,93.50,5321
2024/08/02,93.70,93.70,93.70,93.70,2515
2024/08/05,92.00,93.00,84.60,87.40,46265
2024/08/06,90.40,90.40,84.00,87.50,36640
2024/08/07,87.50,88.00,87.50,87.80,10637
2024/08/08,87.80,87.90,87.40,87.40,5795
2024/08/09,88.00,88.10,88.00,88.00,15021
2024/08/12,91.00,95.30,90.00,91.50,24560
2024/08/13,91.50,91.80,91.50,91.50,16842
2024/08/14,91.70,92.40,91.60,92.40,10226
2024/08/15,92.80,92.80,92.80,92.80,1568
2024/08/16,94.50,94.50,93.00,93.10,8431
2024/08/19,93.50,93.50,93.20,93.20,5598
2024/08/20,93.30,94.00,93.30,94.00,8320
2024/08/21,95.40,95.50,94.30,94.70,12184
2024/08/22,95.00,95.20,94.90,94.90,17335
2024/08/23,95.10,95.10,94.90,94.90,17507
2024/08/26,95.30,95.30,95.10,95.10,3883
2024/08/27,95.10,95.70,95.10,95.70,7056
2024/08/28,96.70,98.50,96.70,97.60,28557
2024/08/29,98.50,99.00,96.20,96.50,17469
2024/08/30,96.50,96.70,96.50,96.70,6370
2024/09/02,97.00,97.00,96.10,96.10,10316
2024/09/03,96.40,96.40,96.20,96.20,4756
2024/09/04,95.80,95.80,95.30,95.30,10686
2024/09/05,95.50,97.50,95.50,97.00,4153
2024/09/06,97.00,97.90,96.50,97.10,6455
2024/09/09,97.10,97.10,96.60,97.00,13794
2024/09/10,97.90,98.00,96.00,97.10,21217
2024/09/11,97.10,97.60,96.20,96.40,15104
2024/09/12,97.00,97.00,96.20,96.60,7704
2024/09/13,96.90,98.40,96.90,97.10,11538
2024/09/16,---,---,---, ---,68
2024/09/18,97.20,97.60,97.20,97.60,6360
2024/09/19,97.60,97.60,97.00,97.40,5454
2024/09/20,97.50,97.50,97.00,97.40,7200
2024/09/23,97.50,97.50,97.10,97.10,7617
2024/09/24,97.00,97.40,97.00,97.40,6043
2024/09/25,97.00,97.60,97.00,97.60,5043
2024/09/26,98.00,98.20,97.60,98.00,28374
2024/09/27,98.90,98.90,98.20,98.50,17696
2024/09/30,98.00,99.40,97.80,98.40,35909
2024/10/01,98.40,98.40,97.20,97.50,6764
2024/10/04,97.30,98.20,97.30,98.20,4699
2024/10/07,98.00,98.00,97.60,97.60,5372
2024/10/08,97.20,99.40,97.20,97.50,7303
2024/10/09,---,---,---, ---,400
2024/10/11,97.00,97.50,97.00,97.20,7401
2024/10/14,97.20,97.70,97.20,97.40,20109
2024/10/15,99.90,99.90,97.40,97.40,12282
2024/10/16,98.40,98.40,97.90,97.90,4263
2024/10/17,97.90,98.20,97.90,98.20,5237
2024/10/18,98.00,98.00,97.70,97.90,5019
2024/10/21,96.50,97.80,96.50,97.80,7802
2024/10/22,97.50,98.00,97.50,97.90,10093
2024/10/23,97.90,97.90,97.70,97.70,7228
2024/10/24,97.70,97.70,97.70,97.70,2030
2024/10/25,99.40,99.40,97.70,97.70,4169
2024/10/28,97.70,97.70,97.70,97.70,3460
2024/10/29,97.40,97.40,97.00,97.00,6078
2024/10/30,97.10,97.20,97.00,97.20,5683
2024/11/01,97.40,97.40,97.20,97.20,13070
2024/11/04,98.50,98.50,97.00,97.00,4736
2024/11/05,97.00,97.00,97.00,97.00,5235
2024/11/06,97.10,97.10,97.00,97.00,5155
2024/11/07,97.00,97.30,97.00,97.20,9273
2024/11/08,97.00,97.00,97.00,97.00,4518
2024/11/11,97.60,101.50,97.60,101.00,102998
2024/11/12,101.50,107.00,100.00,100.00,123194
2024/11/13,101.00,101.00,100.00,100.00,24209
2024/11/14,98.20,100.50,98.00,99.20,38105
2024/11/15,98.10,99.20,98.10,99.20,6019
2024/11/18,99.20,99.50,99.20,99.20,6522
2024/11/19,101.00,101.00,99.20,99.20,26865
2024/11/20,99.30,99.30,99.10,99.10,8178
2024/11/21,99.10,99.30,99.10,99.20,3000
2024/11/22,99.20,99.80,99.20,99.20,5593
2024/11/25,99.90,99.90,99.60,99.60,2541
2024/11/26,99.60,99.60,99.40,99.60,6341
2024/11/27,99.60,99.60,99.10,99.10,11672
2024/11/28,100.00,100.00,99.00,99.10,10010
2024/11/29,100.00,101.00,99.90,100.50,30922
2024/12/02,100.50,100.50,100.00,100.00,15401
2024/12/03,101.00,101.00,100.00,100.50,35095
2024/12/04,101.50,101.50,100.00,100.00,17533
2024/12/05,100.50,102.00,100.00,100.50,63777
2024/12/06,100.00,101.50,100.00,101.00,22907
2024/12/09,100.50,101.50,100.50,101.00,30704
2024/12/10,101.50,102.00,101.00,101.00,39369
2024/12/11,102.00,102.00,101.00,101.50,27109
2024/12/12,101.50,104.00,101.50,103.50,42244
2024/12/13,103.00,104.00,102.50,103.50,34984
2024/12/16,103.50,105.00,103.50,105.00,58090
2024/12/17,106.00,111.00,105.50,106.50,62503
2024/12/18,108.00,108.00,102.00,104.00,46433
2024/12/19,100.00,103.50,100.00,102.00,32448
2024/12/20,103.00,103.00,101.50,101.50,10754
2024/12/23,101.50,102.50,101.50,102.00,7745
2024/12/24,103.00,104.00,102.50,102.50,9477
2024/12/25,102.50,103.00,102.50,103.00,7565
2024/12/26,103.00,103.00,101.50,101.50,24492
2024/12/27,100.50,101.00,100.50,100.50,13580
2024/12/30,103.00,103.00,101.50,102.50,13264
2024/12/31,102.50,103.00,102.00,102.00,28482
2025/01/02,103.50,104.50,103.50,104.00,14190
2025/01/03,105.00,105.00,103.50,103.50,6186
2025/01/06,103.00,103.00,101.00,102.00,34809
2025/01/07,102.00,102.00,101.50,102.00,10622
2025/01/08,101.50,101.50,101.00,101.50,13294
2025/01/09,101.50,101.50,101.00,101.50,6778
2025/01/10,101.50,101.50,101.00,101.00,9817
2025/01/13,100.50,100.50,99.40,100.00,15790
2025/01/14,100.00,101.00,100.00,101.00,5751
2025/01/15,101.50,101.50,100.00,100.00,19402
2025/01/16,100.00,100.50,100.00,100.50,8318
2025/01/17,101.50,102.00,100.00,101.00,23447
2025/01/20,101.50,103.00,101.50,103.00,12159
2025/01/21,103.50,108.50,103.00,106.00,88910
2025/01/22,105.50,106.00,104.50,104.50,20030
2025/02/03,104.50,104.50,101.50,103.50,20528
2025/02/04,104.00,113.00,104.00,110.50,94718
2025/02/05,110.00,112.50,110.00,112.00,80557
2025/02/06,110.00,112.50,110.00,111.50,39643
2025/02/07,113.00,113.50,110.50,112.50,108144
2025/02/10,114.00,123.50,114.00,123.50,570924
2025/02/11,130.00,132.00,125.50,130.00,489791
2025/02/12,130.00,130.00,123.50,125.00,193355
2025/02/13,127.00,130.00,127.00,127.00,107512
2025/02/14,127.00,127.00,120.00,120.00,133241
2025/02/17,121.00,126.00,121.00,124.50,67934
2025/02/18,125.00,128.00,123.00,125.50,67250
2025/02/19,126.50,126.50,125.00,126.50,45422
2025/02/20,128.00,128.00,125.00,127.00,35926
2025/02/21,128.00,128.00,125.50,127.00,69558
2025/02/24,127.00,134.50,127.00,132.00,154512
2025/02/25,132.00,137.00,131.50,136.50,160678
2025/02/26,136.50,136.50,133.50,133.50,72259
2025/02/27,140.00,142.00,131.50,133.00,287954
2025/03/03,133.00,137.00,133.00,137.00,257695
2025/03/04,137.00,141.00,137.00,138.50,164649
2025/03/05,139.00,140.00,137.00,138.50,86477
2025/03/06,138.00,139.00,132.50,134.50,130634
2025/03/07,132.50,134.50,132.50,133.50,47866
2025/03/10,137.00,137.00,133.50,135.00,44758
2025/03/11,133.00,133.00,129.50,130.50,86342
2025/03/12,132.00,134.00,131.50,132.00,73139
2025/03/13,131.00,132.50,127.00,127.00,111665
2025/03/14,126.50,130.00,125.00,129.50,57547
2025/03/17,128.00,129.00,124.50,126.00,148764
2025/03/18,126.00,132.00,126.00,132.00,54331
2025/03/19,132.00,132.50,128.50,129.00,35209
2025/03/20,129.00,133.00,129.00,132.00,61461
2025/03/21,131.00,134.50,131.00,134.00,70213
2025/03/24,132.50,133.50,131.50,131.50,35029
2025/03/25,131.50,131.50,130.00,131.00,38998
2025/03/26,130.00,131.50,129.00,129.50,58959
2025/03/27,128.50,129.50,128.00,129.50,19763
2025/03/28,129.50,129.50,126.00,126.00,49151
2025/03/31,124.50,124.50,121.50,121.50,64411
2025/04/01,122.50,127.00,122.50,126.00,28745
2025/04/02,126.00,126.50,126.00,126.50,3338
2025/04/07,114.00,114.00,114.00,114.00,78537
2025/04/08,111.50,117.00,111.00,114.00,138459
2025/04/09,111.00,114.50,103.50,104.50,208034
2025/04/10,114.50,114.50,114.50,114.50,26130
2025/04/11,114.50,116.50,110.50,114.50,79902
2025/04/14,118.50,118.50,114.00,114.50,149160
2025/04/15,115.00,119.00,112.00,119.00,48292
2025/04/16,118.50,118.50,117.00,118.50,17700
2025/04/17,116.00,119.00,116.00,118.50,34751
2025/04/18,118.00,119.00,118.00,118.50,14663
2025/04/21,117.50,118.50,115.50,115.50,12851
2025/04/22,115.50,116.50,114.50,114.50,24889
2025/04/23,117.00,117.50,116.00,116.00,14730
2025/04/24,116.00,117.00,115.50,116.00,7734
2025/04/25,118.00,119.50,116.00,116.00,35829
2025/04/28,117.50,120.50,117.00,120.00,59129
2025/04/29,122.00,125.00,121.00,121.50,22827
2025/04/30,123.00,123.00,121.50,122.00,11941
2025/05/02,127.50,127.50,123.00,124.50,49972
2025/05/05,125.00,125.50,121.00,123.50,42018
2025/05/06,122.00,124.00,122.00,124.00,9353
2025/05/07,125.50,125.50,121.50,123.00,19018
2025/05/08,122.50,126.50,122.00,125.00,29213
2025/05/09,126.50,127.00,124.50,125.50,29506
2025/05/12,129.50,131.00,126.00,128.00,118435
2025/05/13,129.00,129.00,126.00,127.00,43847
2025/05/14,126.00,126.50,124.50,124.50,48682
2025/05/15,124.50,124.50,123.00,123.50,37158
2025/05/16,122.50,123.50,121.50,123.00,60410
2025/05/19,123.00,124.00,122.50,123.00,31719
2025/05/20,124.00,126.00,124.00,124.50,38881
2025/05/21,125.00,127.00,125.00,126.00,32029
2025/05/22,126.50,128.00,126.50,127.50,18791
2025/05/23,129.00,131.00,128.50,131.00,64373
2025/05/25,129.00,131.00,128.50,131.00,64373
2025/05/26,129.00,131.00,128.50,131.00,64373
2025/05/27,133.50,139.00,132.50,133.00,155757
2025/05/28,133.50,134.00,130.00,130.50,49146
2025/05/29,132.00,132.50,128.00,128.00,44900
2025/05/31,128.50,131.00,126.50,127.50,31419
2025/06/02,128.50,131.00,126.50,127.50,31419
2025/06/03,130.00,136.00,130.00,132.00,187652
2025/06/04,133.50,136.50,132.00,136.50,120504
2025/06/05,137.50,140.50,135.00,135.50,148367
2025/06/06,136.00,137.00,135.50,135.50,31518
2025/06/10,136.50,138.50,133.00,138.50,81544
2025/06/11,144.50,148.50,143.00,147.00,320366
2025/06/12,152.00,152.00,143.00,143.50,256077
2025/06/13,143.00,145.50,143.00,143.50,34831
2025/06/16,142.50,145.00,140.00,145.00,76108
2025/06/17,144.50,144.50,140.50,140.50,79062
2025/06/18,140.50,142.00,138.00,138.50,60814
2025/06/19,139.00,140.00,139.00,140.00,32327
2025/06/20,140.00,142.50,139.00,140.00,44633
2025/06/23,139.50,142.00,139.00,141.00,27127
2025/06/24,140.00,143.00,139.50,142.50,41341
2025/06/25,143.00,145.50,142.50,142.50,58375
2025/06/26,142.00,143.00,142.00,143.00,12475
2025/06/27,142.00,143.00,142.00,143.00,12475
2025/06/30,146.50,149.50,146.50,148.00,55494
2025/07/01,146.50,149.50,146.50,148.00,55494
2025/07/02,148.50,150.00,145.50,147.50,69432
2025/07/03,147.50,148.50,147.00,147.00,30904
2025/07/04,147.50,148.50,143.00,143.00,71541
2025/07/07,145.00,146.50,142.50,143.50,101380
2025/07/09,141.50,142.00,137.00,137.50,155829
2025/07/10,138.00,142.50,138.00,140.50,31045
2025/07/11,140.00,141.50,139.50,140.50,48440
